-- MySQL dump 10.14  Distrib 5.5.32-MariaDB, for Linux (x86_64)
--
-- Host: localhost    Database: rm
-- ------------------------------------------------------
-- Server version	5.5.32-MariaDB

/*!40101 SET @OLD_CHARACTER_SET_CLIENT=@@CHARACTER_SET_CLIENT */;
/*!40101 SET @OLD_CHARACTER_SET_RESULTS=@@CHARACTER_SET_RESULTS */;
/*!40101 SET @OLD_COLLATION_CONNECTION=@@COLLATION_CONNECTION */;
/*!40101 SET NAMES tis620 */;
/*!40103 SET @OLD_TIME_ZONE=@@TIME_ZONE */;
/*!40103 SET TIME_ZONE='+00:00' */;
/*!40014 SET @OLD_UNIQUE_CHECKS=@@UNIQUE_CHECKS, UNIQUE_CHECKS=0 */;
/*!40014 SET @OLD_FOREIGN_KEY_CHECKS=@@FOREIGN_KEY_CHECKS, FOREIGN_KEY_CHECKS=0 */;
/*!40101 SET @OLD_SQL_MODE=@@SQL_MODE, SQL_MODE='NO_AUTO_VALUE_ON_ZERO' */;
/*!40111 SET @OLD_SQL_NOTES=@@SQL_NOTES, SQL_NOTES=0 */;

--
-- Table structure for table `clear`
--

DROP TABLE IF EXISTS `clear`;
/*!40101 SET @saved_cs_client     = @@character_set_client */;
/*!40101 SET character_set_client = utf8 */;
CREATE TABLE `clear` (
  `id` int(11) NOT NULL AUTO_INCREMENT,
  `clear_name` varchar(100) COLLATE utf8_unicode_ci NOT NULL COMMENT 'เธชเธฒเนเธซเธเธธเธเธตเนเธเธฑเธเนเธเนเธ',
  PRIMARY KEY (`id`)
) ENGINE=InnoDB AUTO_INCREMENT=9 DEFAULT CHARSET=utf8 COLLATE=utf8_unicode_ci;
/*!40101 SET character_set_client = @saved_cs_client */;

--
-- Dumping data for table `clear`
--

LOCK TABLES `clear` WRITE;
/*!40000 ALTER TABLE `clear` DISABLE KEYS */;
INSERT INTO `clear` VALUES (1,'ผู้ป่วย'),(2,'เจ้าหน้าที่'),(3,'ทีมงาน'),(4,'กระบวนการทำงาน'),(5,'เครื่องมือ'),(6,'สิ่งแวดล้อม'),(7,'ปัจจัยภายนอกที่ควบคุมไม่ได้'),(8,'อื่นๆ');
/*!40000 ALTER TABLE `clear` ENABLE KEYS */;
UNLOCK TABLES;

--
-- Table structure for table `contact`
--

DROP TABLE IF EXISTS `contact`;
/*!40101 SET @saved_cs_client     = @@character_set_client */;
/*!40101 SET character_set_client = utf8 */;
CREATE TABLE `contact` (
  `id` int(11) NOT NULL AUTO_INCREMENT COMMENT 'ID',
  `contact_name` varchar(100) COLLATE utf8_unicode_ci NOT NULL COMMENT 'เธเธฒเธฃเธเธดเธเธเนเธญเธชเธทเนเธญเธชเธฒเธฃ',
  PRIMARY KEY (`id`)
) ENGINE=InnoDB AUTO_INCREMENT=6 DEFAULT CHARSET=utf8 COLLATE=utf8_unicode_ci;
/*!40101 SET character_set_client = @saved_cs_client */;

--
-- Dumping data for table `contact`
--

LOCK TABLES `contact` WRITE;
/*!40000 ALTER TABLE `contact` DISABLE KEYS */;
INSERT INTO `contact` VALUES (1,'ตามเจ้าหน้าที่เวรไม่ได้ / ล่าช้า'),(2,'ปัญหาการสื่อสารกับผู้ป่วย'),(3,'ปัญหาการสื่อสารระหว่างเจ้าหน้าที่'),(4,'การให้ข้อมูลแกผู้รับบริการไม่ถูกต้อง'),(5,'อื่นๆ');
/*!40000 ALTER TABLE `contact` ENABLE KEYS */;
UNLOCK TABLES;

--
-- Table structure for table `disease`
--

DROP TABLE IF EXISTS `disease`;
/*!40101 SET @saved_cs_client     = @@character_set_client */;
/*!40101 SET character_set_client = utf8 */;
CREATE TABLE `disease` (
  `id` int(11) NOT NULL AUTO_INCREMENT COMMENT 'ID',
  `disease_name` varchar(100) COLLATE utf8_unicode_ci NOT NULL COMMENT 'เธเธฒเธฃเธเนเธญเธเธเธฑเธเธเธฒเธฃเธเธดเธเนเธเธทเนเธญเนเธ เธฃเธ.',
  PRIMARY KEY (`id`)
) ENGINE=InnoDB AUTO_INCREMENT=6 DEFAULT CHARSET=utf8 COLLATE=utf8_unicode_ci;
/*!40101 SET character_set_client = @saved_cs_client */;

--
-- Dumping data for table `disease`
--

LOCK TABLES `disease` WRITE;
/*!40000 ALTER TABLE `disease` DISABLE KEYS */;
INSERT INTO `disease` VALUES (1,'การปนเปื้อนในสิ่งแวดล้อม'),(2,'การติดเชื้อใน รพ.'),(3,'การทำให้ปราศจากเชื้อไม่มีประสิทธิภาพ'),(4,'การปฏิบัติไม่ถูกต้องตามหลัก IC'),(5,'อื่นๆ');
/*!40000 ALTER TABLE `disease` ENABLE KEYS */;
UNLOCK TABLES;

--
-- Table structure for table `equipment`
--

DROP TABLE IF EXISTS `equipment`;
/*!40101 SET @saved_cs_client     = @@character_set_client */;
/*!40101 SET character_set_client = utf8 */;
CREATE TABLE `equipment` (
  `id` int(11) NOT NULL AUTO_INCREMENT COMMENT 'ID',
  `equipment_name` varchar(100) COLLATE utf8_unicode_ci NOT NULL COMMENT 'เนเธเธฃเธทเนเธญเธเธกเธทเธญเนเธฅเธฐเธญเธธเธเธเธฃเธเนเธเธฒเธฃเนเธเธเธขเน',
  PRIMARY KEY (`id`)
) ENGINE=InnoDB DEFAULT CHARSET=utf8 COLLATE=utf8_unicode_ci;
/*!40101 SET character_set_client = @saved_cs_client */;

--
-- Dumping data for table `equipment`
--

LOCK TABLES `equipment` WRITE;
/*!40000 ALTER TABLE `equipment` DISABLE KEYS */;
/*!40000 ALTER TABLE `equipment` ENABLE KEYS */;
UNLOCK TABLES;

--
-- Table structure for table `etc`
--

DROP TABLE IF EXISTS `etc`;
/*!40101 SET @saved_cs_client     = @@character_set_client */;
/*!40101 SET character_set_client = utf8 */;
CREATE TABLE `etc` (
  `id` int(11) NOT NULL AUTO_INCREMENT COMMENT 'ID',
  `etc_name` varchar(100) COLLATE utf8_unicode_ci NOT NULL COMMENT 'เธญเธทเนเธเน',
  PRIMARY KEY (`id`)
) ENGINE=InnoDB AUTO_INCREMENT=5 DEFAULT CHARSET=utf8 COLLATE=utf8_unicode_ci;
/*!40101 SET character_set_client = @saved_cs_client */;

--
-- Dumping data for table `etc`
--

LOCK TABLES `etc` WRITE;
/*!40000 ALTER TABLE `etc` DISABLE KEYS */;
INSERT INTO `etc` VALUES (1,'ไม่พึงพอใจบริการ'),(2,'ไม่สามารถให้บริการตามที่ตกลง'),(3,'ผู้ป่วยไม่ได้ชำระเงิน'),(4,'อื่นๆ');
/*!40000 ALTER TABLE `etc` ENABLE KEYS */;
UNLOCK TABLES;

--
-- Table structure for table `level`
--

DROP TABLE IF EXISTS `level`;
/*!40101 SET @saved_cs_client     = @@character_set_client */;
/*!40101 SET character_set_client = utf8 */;
CREATE TABLE `level` (
  `id` int(11) NOT NULL AUTO_INCREMENT COMMENT 'ID',
  `level_name` varchar(45) COLLATE utf8_unicode_ci NOT NULL COMMENT 'เธฃเธฐเธเธฑเธเธเธงเธฒเธกเธฃเธธเธเนเธฃเธ',
  `level_description` varchar(100) COLLATE utf8_unicode_ci NOT NULL COMMENT 'เธฃเธฒเธขเธฅเธฐเนเธญเธตเธขเธ',
  `level_e` varchar(100) COLLATE utf8_unicode_ci NOT NULL,
  PRIMARY KEY (`id`)
) ENGINE=InnoDB AUTO_INCREMENT=10 DEFAULT CHARSET=utf8 COLLATE=utf8_unicode_ci;
/*!40101 SET character_set_client = @saved_cs_client */;

--
-- Dumping data for table `level`
--

LOCK TABLES `level` WRITE;
/*!40000 ALTER TABLE `level` DISABLE KEYS */;
INSERT INTO `level` VALUES (1,'A :: มีโอกาศเกิดความผิดพลาด','มีโอกาศเกิดความผิดพลาด','A'),(2,'B :: เกิดขึ้นแต่ไม่ถึงผู้ประสบเหตุ','เกิดขึ้นแต่ไม่ถึงผู้ประสบเหตุ','B'),(3,'C :: ถึงผู้ประสบเหตุ แต่ไม่เกิดความอันตราย','ถึงผู้ประสบเหตุ แต่ไม่เกิดความอันตราย','C'),(4,'D :: ต้องติดตามผล','ต้องติดตามผล','D'),(5,'E :: ต้องบำบัดรักษา','ต้องบำบัดรักษา','E'),(6,'F :: นอน รพ.นานขึ้น','นอน รพ.นานขึ้น','F'),(7,'G :: พิการถาวร','พิการถาวร','G'),(8,'H :: เกือบเสียชีวิต','เกือบเสียชีวิต','H'),(9,'I :: เสียชีวิต','เสียชีวิต','I');
/*!40000 ALTER TABLE `level` ENABLE KEYS */;
UNLOCK TABLES;

--
-- Table structure for table `location_connection`
--

DROP TABLE IF EXISTS `location_connection`;
/*!40101 SET @saved_cs_client     = @@character_set_client */;
/*!40101 SET character_set_client = utf8 */;
CREATE TABLE `location_connection` (
  `id` int(11) NOT NULL AUTO_INCREMENT COMMENT 'ID',
  `location_name` varchar(100) COLLATE utf8_unicode_ci NOT NULL COMMENT 'เธซเธเนเธงเธขเธเธฒเธเธเธตเนเธฃเธฒเธขเธเธฒเธ',
  PRIMARY KEY (`id`)
) ENGINE=InnoDB AUTO_INCREMENT=40 DEFAULT CHARSET=utf8 COLLATE=utf8_unicode_ci;
/*!40101 SET character_set_client = @saved_cs_client */;

--
-- Dumping data for table `location_connection`
--

LOCK TABLES `location_connection` WRITE;
/*!40000 ALTER TABLE `location_connection` DISABLE KEYS */;
INSERT INTO `location_connection` VALUES (1,'องค์กรแพทย์'),(2,'ห้องฉุกเฉิน'),(3,'ฝ่ายเภสัชกรรม'),(4,'ห้อง LAB'),(5,'ห้อง X-Ray'),(6,'ฝ่ายทันตกรรม'),(7,'ผู้ป่วยนอก'),(8,'ผู้ป่วยใน'),(9,'งานเวชปฎิบัติครอบครัว'),(10,'ห้องคลอด/ห้องผ่าตัด'),(11,'งานเวชระเบียน'),(12,'งานการเงิน / บัญชี'),(13,'งานยานพาหนะ'),(14,'งานซ่อมบำรุง / สนาม / บำบัดนำเสีย'),(15,'งานเทคโนโลยีสารสนเทศ'),(16,'งานซักฟอก'),(17,'งานจ่ายกลาง'),(18,'งานโภชนาการ'),(19,'ศูนย์ตรวจสอบสิทธื์'),(20,'คลินิกพิเศษ'),(21,'งานรักษาความปลอดภัย'),(22,'กายภาพบำบัด'),(23,'คลินิกโรคเรื้อรัง NCD'),(24,'คลินิกวัณโรค'),(25,'งาน ICC'),(26,'งาน PCT'),(27,'งาน PTC'),(28,'งาน HPH'),(29,'งาน RM'),(30,'งาน ENV'),(31,'งาน EQM'),(32,'งาน MRS'),(33,'งาน MIS'),(34,'งาน HRD'),(35,'งาน ANC'),(36,'ฝ่ายบริหารทั่วไป'),(37,'พัสดุ / ธุรการ'),(38,'แผนไทย'),(39,'วิทยาศาสตร์การกีฬา');
/*!40000 ALTER TABLE `location_connection` ENABLE KEYS */;
UNLOCK TABLES;

--
-- Table structure for table `location_report`
--

DROP TABLE IF EXISTS `location_report`;
/*!40101 SET @saved_cs_client     = @@character_set_client */;
/*!40101 SET character_set_client = utf8 */;
CREATE TABLE `location_report` (
  `id` int(11) NOT NULL AUTO_INCREMENT COMMENT 'ID',
  `location_name` varchar(100) COLLATE utf8_unicode_ci NOT NULL COMMENT 'เธซเธเนเธงเธขเธเธฒเธเธเธตเนเธฃเธฒเธขเธเธฒเธ',
  PRIMARY KEY (`id`)
) ENGINE=InnoDB AUTO_INCREMENT=40 DEFAULT CHARSET=utf8 COLLATE=utf8_unicode_ci;
/*!40101 SET character_set_client = @saved_cs_client */;

--
-- Dumping data for table `location_report`
--

LOCK TABLES `location_report` WRITE;
/*!40000 ALTER TABLE `location_report` DISABLE KEYS */;
INSERT INTO `location_report` VALUES (1,'องค์กรแพทย์'),(2,'ห้องฉุกเฉิน'),(3,'ฝ่ายเภสัชกรรม'),(4,'ห้อง LAB'),(5,'ห้อง X-Ray'),(6,'ฝ่ายทันตกรรม'),(7,'ผู้ป่วยนอก'),(8,'ผู้ป่วยใน'),(9,'งานเวชปฎิบัติครอบครัว'),(10,'ห้องคลอด/ห้องผ่าตัด'),(11,'งานเวชระเบียน'),(12,'งานการเงิน / บัญชี'),(13,'งานยานพาหนะ'),(14,'งานซ่อมบำรุง / สนาม / บำบัดนำเสีย'),(15,'งานเทคโนโลยีสารสนเทศ'),(16,'งานซักฟอก'),(17,'งานจ่ายกลาง'),(18,'งานโภชนาการ'),(19,'ศูนย์ตรวจสอบสิทธิ์'),(20,'คลินิกพิเศษ'),(21,'งานรักษาความปลอดภัย'),(22,'กายภาพบำบัด'),(23,'คลินิกโรคเรื้อรัง NCD'),(24,'คลินิกวัณโรค'),(25,'งาน ICC'),(26,'งาน PCT'),(27,'งาน PTC'),(28,'งาน HPH'),(29,'งาน RM'),(30,'งาน ENV'),(31,'งาน EQM'),(32,'งาน MRS'),(33,'งาน MIS'),(34,'งาน HRD'),(35,'งาน ANC'),(36,'ฝ่ายบริหารทั่วไป'),(37,'พัสดุ / ธุรการ'),(38,'แผนไทย'),(39,'วิทยาศาสตร์การกีฬา');
/*!40000 ALTER TABLE `location_report` ENABLE KEYS */;
UNLOCK TABLES;

--
-- Table structure for table `location_riks`
--

DROP TABLE IF EXISTS `location_riks`;
/*!40101 SET @saved_cs_client     = @@character_set_client */;
/*!40101 SET character_set_client = utf8 */;
CREATE TABLE `location_riks` (
  `id` int(11) NOT NULL AUTO_INCREMENT COMMENT 'ID',
  `location_name` varchar(100) COLLATE utf8_unicode_ci NOT NULL COMMENT 'เธชเธเธฒเธเธเธตเนเนเธเธดเธเนเธซเธเธธ',
  PRIMARY KEY (`id`)
) ENGINE=InnoDB AUTO_INCREMENT=40 DEFAULT CHARSET=utf8 COLLATE=utf8_unicode_ci;
/*!40101 SET character_set_client = @saved_cs_client */;

--
-- Dumping data for table `location_riks`
--

LOCK TABLES `location_riks` WRITE;
/*!40000 ALTER TABLE `location_riks` DISABLE KEYS */;
INSERT INTO `location_riks` VALUES (1,'องค์กรแพทย์'),(2,'ห้องฉุกเฉิน'),(3,'ฝ่ายเภสัชกรรม'),(4,'ห้อง LAB'),(5,'ห้อง X-Ray'),(6,'ฝ่ายทันตกรรม'),(7,'ผู้ป่วยนอก'),(8,'ผู้ป่วยใน'),(9,'งานเวชปฎิบัติครอบครัว'),(10,'ห้องคลอด/ห้องผ่าตัด'),(11,'งานเวชระเบียน'),(12,'งานการเงิน / บัญชี'),(13,'งานยานพาหนะ'),(14,'งานซ่อมบำรุง / สนาม / บำบัดนำเสีย'),(15,'งานเทคโนโลยีสารสนเทศ'),(16,'งานซักฟอก'),(17,'งานจ่ายกลาง'),(18,'งานโภชนาการ'),(19,'ศูนย์ตรวจสอบสิทธิ์'),(20,'คลินิกพิเศษ'),(21,'งานรักษาความปลอดภัย'),(22,'กายภาพบำบัด'),(23,'คลินิกโรคเรื้อรัง NCD'),(24,'คลินิกวัณโรค'),(25,'งาน ICC'),(26,'งาน PCT'),(27,'งาน PTC'),(28,'งาน HPH'),(29,'งาน RM'),(30,'งาน ENV'),(31,'งาน EQM'),(32,'งาน MRS'),(33,'งาน MIS'),(34,'งาน HRD'),(35,'งาน ANC'),(36,'ฝ่ายบริหารทั่วไป'),(37,'พัสดุ / ธุรการ'),(38,'แผนไทย'),(39,'วิทยาศาสตร์การกีฬา');
/*!40000 ALTER TABLE `location_riks` ENABLE KEYS */;
UNLOCK TABLES;

--
-- Table structure for table `maintenance`
--

DROP TABLE IF EXISTS `maintenance`;
/*!40101 SET @saved_cs_client     = @@character_set_client */;
/*!40101 SET character_set_client = utf8 */;
CREATE TABLE `maintenance` (
  `id` int(11) NOT NULL AUTO_INCREMENT COMMENT 'ID',
  `maintenance_name` varchar(100) COLLATE utf8_unicode_ci NOT NULL COMMENT 'เธเธฒเธฃเธเธนเนเธฅเธฃเธฑเธเธฉเธฒ',
  PRIMARY KEY (`id`)
) ENGINE=InnoDB AUTO_INCREMENT=21 DEFAULT CHARSET=utf8 COLLATE=utf8_unicode_ci;
/*!40101 SET character_set_client = @saved_cs_client */;

--
-- Dumping data for table `maintenance`
--

LOCK TABLES `maintenance` WRITE;
/*!40000 ALTER TABLE `maintenance` DISABLE KEYS */;
INSERT INTO `maintenance` VALUES (1,'การส่งผู้ป่วยผิดจุดบริการ'),(2,'การบ่งชี้ผู้ป่วยผิดพลาด'),(3,'การคัดกรอง / ประเมินผลผิดพลาด'),(4,'การวินิจฉัย / รักษาผิดพลาด / ล่าช้า'),(5,'Revisit โรคเดิมใน 48 ชั่วโมง'),(6,'Revisit โรคเดิมใน 28 วัน'),(7,'การเกิดแผลกดทับ'),(8,'ภาวะแทรกซ้อนจากการคลอด (มารดา)'),(9,'ภาวะแทรกซ้อนจากการคลอด (ทารก)'),(10,'ภาวะแทรกซ้อนจากการผ่าตัด / หัตถการ'),(11,'ภาวะแทรกซ้อนทางทันตกรรม'),(12,'ภาวะแทรกซ้อนจากให้ยาและสารน้ำ'),(13,'เสียชีวิต / ส่งต่อโดยไม่คาด'),(14,'CPR ไม่มีประสิทธิภาพ'),(15,'ปฏิกิริยาจากการให้เลือด'),(16,'ผล LAB ผิดพลาด / ล่าช้า / สูญหาย'),(17,'มีปัญหาจากอาหาร'),(18,'หนีกลับ / ไม่สมัครใจรักษา'),(19,'การนับเครื่องมือ /SWAB ไม่ถูกต้อง'),(20,'อื่นๆ');
/*!40000 ALTER TABLE `maintenance` ENABLE KEYS */;
UNLOCK TABLES;

--
-- Table structure for table `migration`
--

DROP TABLE IF EXISTS `migration`;
/*!40101 SET @saved_cs_client     = @@character_set_client */;
/*!40101 SET character_set_client = utf8 */;
CREATE TABLE `migration` (
  `version` varchar(180) COLLATE utf8_unicode_ci NOT NULL,
  `apply_time` int(11) DEFAULT NULL,
  PRIMARY KEY (`version`)
) ENGINE=MyISAM DEFAULT CHARSET=utf8 COLLATE=utf8_unicode_ci;
/*!40101 SET character_set_client = @saved_cs_client */;

--
-- Dumping data for table `migration`
--

LOCK TABLES `migration` WRITE;
/*!40000 ALTER TABLE `migration` DISABLE KEYS */;
INSERT INTO `migration` VALUES ('m000000_000000_base',1433992454),('m130524_201442_init',1433992458);
/*!40000 ALTER TABLE `migration` ENABLE KEYS */;
UNLOCK TABLES;

--
-- Table structure for table `person`
--

DROP TABLE IF EXISTS `person`;
/*!40101 SET @saved_cs_client     = @@character_set_client */;
/*!40101 SET character_set_client = utf8 */;
CREATE TABLE `person` (
  `id` int(11) NOT NULL AUTO_INCREMENT COMMENT 'ID',
  `person_type` varchar(100) COLLATE utf8_unicode_ci NOT NULL COMMENT 'เนเธซเธเธธเธเธฒเธฃเธเนเนเธเธดเธเธเธฑเธ',
  PRIMARY KEY (`id`)
) ENGINE=InnoDB AUTO_INCREMENT=6 DEFAULT CHARSET=utf8 COLLATE=utf8_unicode_ci;
/*!40101 SET character_set_client = @saved_cs_client */;

--
-- Dumping data for table `person`
--

LOCK TABLES `person` WRITE;
/*!40000 ALTER TABLE `person` DISABLE KEYS */;
INSERT INTO `person` VALUES (1,'ผู้ป่วย'),(2,'ญาติ'),(3,'เจ้าหน้าที่'),(4,'สิ่งแวดล้อม'),(5,'อื่นๆ');
/*!40000 ALTER TABLE `person` ENABLE KEYS */;
UNLOCK TABLES;

--
-- Table structure for table `public`
--

DROP TABLE IF EXISTS `public`;
/*!40101 SET @saved_cs_client     = @@character_set_client */;
/*!40101 SET character_set_client = utf8 */;
CREATE TABLE `public` (
  `id` int(11) NOT NULL AUTO_INCREMENT COMMENT 'ID',
  `public_name` varchar(100) COLLATE utf8_unicode_ci NOT NULL COMMENT 'เธฃเธฐเธเธเธชเธฒเธเธฒเธฃเธเธนเธเนเธเธ',
  PRIMARY KEY (`id`)
) ENGINE=InnoDB DEFAULT CHARSET=utf8 COLLATE=utf8_unicode_ci;
/*!40101 SET character_set_client = @saved_cs_client */;

--
-- Dumping data for table `public`
--

LOCK TABLES `public` WRITE;
/*!40000 ALTER TABLE `public` DISABLE KEYS */;
/*!40000 ALTER TABLE `public` ENABLE KEYS */;
UNLOCK TABLES;

--
-- Table structure for table `publics`
--

DROP TABLE IF EXISTS `publics`;
/*!40101 SET @saved_cs_client     = @@character_set_client */;
/*!40101 SET character_set_client = utf8 */;
CREATE TABLE `publics` (
  `id` int(11) NOT NULL AUTO_INCREMENT COMMENT 'ID',
  `public_name` varchar(100) COLLATE utf8_unicode_ci NOT NULL COMMENT 'เธฃเธฐเธเธเธชเธฒเธเธฒเธฃเธเธนเธเนเธเธ',
  PRIMARY KEY (`id`)
) ENGINE=InnoDB AUTO_INCREMENT=6 DEFAULT CHARSET=utf8 COLLATE=utf8_unicode_ci;
/*!40101 SET character_set_client = @saved_cs_client */;

--
-- Dumping data for table `publics`
--

LOCK TABLES `publics` WRITE;
/*!40000 ALTER TABLE `publics` DISABLE KEYS */;
INSERT INTO `publics` VALUES (1,'ระบบอ๊อกซิเจนขัดข้อง'),(2,'ระบบไฟฟ้าสำรองไม่ทำงาน'),(3,'ลืมปิดเครื่องใช้ไฟฟ้า'),(4,'รถเสีย / ไม่มีใช้งาน'),(5,'อื่นๆ');
/*!40000 ALTER TABLE `publics` ENABLE KEYS */;
UNLOCK TABLES;

--
-- Table structure for table `risk`
--

DROP TABLE IF EXISTS `risk`;
/*!40101 SET @saved_cs_client     = @@character_set_client */;
/*!40101 SET character_set_client = utf8 */;
CREATE TABLE `risk` (
  `id` int(11) NOT NULL AUTO_INCREMENT,
  `person_id` int(11) NOT NULL COMMENT 'เนเธซเธเธธเธเธฒเธฃเธเนเนเธเธดเธเธเธฑเธ',
  `hn` varchar(45) COLLATE utf8_unicode_ci DEFAULT NULL COMMENT 'HN',
  `pname` enum('เธเธฒเธข','เธเธฒเธ','เธ.เธช.') COLLATE utf8_unicode_ci DEFAULT NULL COMMENT 'เธเธณเธเธณเธซเธเนเธฒ',
  `fname` varchar(100) COLLATE utf8_unicode_ci DEFAULT NULL COMMENT 'เธเธทเนเธญ',
  `lname` varchar(100) COLLATE utf8_unicode_ci DEFAULT NULL COMMENT 'เธเธฒเธกเธชเธเธธเธฅ',
  `location_riks_id` int(11) NOT NULL COMMENT 'เธชเธเธฒเธเธเธตเนเนเธเธดเธเนเธซเธเธธ',
  `location_report_id` int(11) NOT NULL COMMENT 'เธซเธเนเธงเธขเธเธฒเธเธเธตเนเธฃเธฒเธขเธเธฒเธ',
  `location_connection_id` int(11) NOT NULL COMMENT 'เธซเธเนเธงเธขเธเธฒเธเธเธตเนเนเธเธตเนเธขเธงเธเนเธญเธ',
  `risk_date` datetime NOT NULL COMMENT 'เธงเธฑเธเธเธตเนเนเธเธดเธเนเธซเธเธธ',
  `risk_report` datetime NOT NULL COMMENT 'เธงเธฑเธเธเธตเนเธฃเธฒเธขเธเธฒเธ',
  `risk_summary` text COLLATE utf8_unicode_ci NOT NULL COMMENT 'เธชเธฃเธธเธเนเธซเธเธธเธเธฒเธฃเธเน',
  `type_id` int(11) NOT NULL COMMENT 'เธเธฃเธฐเนเธเธเธเธงเธฒเธกเนเธชเธตเนเธขเธ',
  `sub_type_id` int(11) NOT NULL COMMENT 'เธเธฃเธฐเนเธเธเธเธงเธฒเธกเนเธชเธตเนเธขเธเธขเนเธญเธข',
  `level_id` int(11) NOT NULL COMMENT 'เธฃเธฐเธเธฑเธเธเธงเธฒเธกเธฃเธธเธเนเธฃเธ',
  `clear_id` int(11) DEFAULT NULL COMMENT 'เธชเธฒเนเธซเธเธธเธเธตเนเธเธฑเธเนเธเนเธ',
  `system_id` int(11) DEFAULT NULL COMMENT 'เธชเธฒเนเธซเธเธธเนเธเธดเธเธฃเธฐเธเธ',
  `status_id` int(11) NOT NULL COMMENT 'เธเธดเธเธเธฒเธก / เธเธเธเธงเธ',
  `risk_review` text COLLATE utf8_unicode_ci,
  `type_clinic_id` int(11) NOT NULL,
  `join_status` text COLLATE utf8_unicode_ci,
  `docs` text COLLATE utf8_unicode_ci,
  `ref` varchar(50) COLLATE utf8_unicode_ci DEFAULT NULL,
  PRIMARY KEY (`id`),
  KEY `fk_risk_location_riks1_idx` (`location_riks_id`),
  KEY `fk_risk_location_report1_idx` (`location_report_id`),
  KEY `fk_risk_location_connection1_idx` (`location_connection_id`),
  KEY `fk_risk_person1_idx` (`person_id`),
  KEY `fk_risk_level1_idx` (`level_id`),
  KEY `fk_risk_clear1_idx` (`clear_id`),
  KEY `fk_risk_system1_idx` (`system_id`),
  KEY `fk_risk_type1_idx` (`type_id`),
  KEY `fk_risk_status1_idx` (`status_id`),
  KEY `fk_risk_sub_type1_idx` (`sub_type_id`),
  KEY `fk_risk_type_clinic1_idx` (`type_clinic_id`) USING BTREE,
  CONSTRAINT `fk_risk_clear1` FOREIGN KEY (`clear_id`) REFERENCES `clear` (`id`) ON DELETE NO ACTION ON UPDATE NO ACTION,
  CONSTRAINT `fk_risk_level1` FOREIGN KEY (`level_id`) REFERENCES `level` (`id`) ON DELETE NO ACTION ON UPDATE NO ACTION,
  CONSTRAINT `fk_risk_location_connection1` FOREIGN KEY (`location_connection_id`) REFERENCES `location_connection` (`id`) ON DELETE NO ACTION ON UPDATE NO ACTION,
  CONSTRAINT `fk_risk_location_report1` FOREIGN KEY (`location_report_id`) REFERENCES `location_report` (`id`) ON DELETE NO ACTION ON UPDATE NO ACTION,
  CONSTRAINT `fk_risk_location_riks1` FOREIGN KEY (`location_riks_id`) REFERENCES `location_riks` (`id`) ON DELETE NO ACTION ON UPDATE NO ACTION,
  CONSTRAINT `fk_risk_person1` FOREIGN KEY (`person_id`) REFERENCES `person` (`id`) ON DELETE NO ACTION ON UPDATE NO ACTION,
  CONSTRAINT `fk_risk_status1` FOREIGN KEY (`status_id`) REFERENCES `status` (`id`) ON DELETE NO ACTION ON UPDATE NO ACTION,
  CONSTRAINT `fk_risk_sub_type1` FOREIGN KEY (`sub_type_id`) REFERENCES `sub_type` (`id`) ON DELETE NO ACTION ON UPDATE NO ACTION,
  CONSTRAINT `fk_risk_system1` FOREIGN KEY (`system_id`) REFERENCES `system` (`id`) ON DELETE NO ACTION ON UPDATE NO ACTION,
  CONSTRAINT `fk_risk_type1` FOREIGN KEY (`type_id`) REFERENCES `type` (`id`) ON DELETE NO ACTION ON UPDATE NO ACTION
) ENGINE=InnoDB AUTO_INCREMENT=987 DEFAULT CHARSET=utf8 COLLATE=utf8_unicode_ci;
/*!40101 SET character_set_client = @saved_cs_client */;

--
-- Dumping data for table `risk`
--

LOCK TABLES `risk` WRITE;
/*!40000 ALTER TABLE `risk` DISABLE KEYS */;
INSERT INTO `risk` VALUES (42,3,'','','','',2,3,2,'2015-05-25 00:00:00','2015-07-15 00:00:00','มีการจัดประชุมแก่งฟ้า ผู้ร่วมประชุมทิ้งแก้วกาแฟและซองขนมรอบห้องประชุม',8,68,3,NULL,NULL,2,'แจ้งผู้เกี่ยวข้องรับทราบ ให้ช่วยกันรักษาความสะอาด',2,'','{\"f392fc53b1a33946e16dcfb9d244afac.xlsx\":\".xlsx\",\"e300c84380edfe13cd4777427d934860.docx\":\" CentOS.docx\"}',''),(45,1,'0005089','นาง','อำพร','สอนเสน่ห์',11,7,7,'2014-07-17 00:00:00','2014-07-17 00:00:00','ผู้ป่วย นางสาวอัมพร  สอนเสน่ห์ HN 5701634 มารักษาที่ รพ. ได้ OPD Card  ของนาง อำพร สอนเสน่ห์ HN 005089 และได้นำแฟ้มไปตรวจเลือดที่ห้องLab แล้วลงผลใน OPD Card ผู้ที่ไม่ได้มาตรวจ แก้ไขโดยซักประวัตใหม่ แจ้งห้องLabลงผลใหม่ และลบOPD card ที่ผิด ',2,16,2,4,8,2,'แก้ไขโดยซักประวัตใหม่ แจ้งห้องLabลงผลใหม่ และลบOPD card ที่ผิด ',2,'',NULL,NULL),(46,1,'0014128','','','',2,12,2,'2015-05-15 00:00:00','2015-07-14 00:00:00','pt เสียชีวิต ไม่ได้ refer แต่ key ค่า refer',2,18,3,NULL,NULL,2,'แจ้ง จนท.รับทราบ ให้เช็คข้อมูลให้เรียบร้อยก่อนส่งห้องยา',2,'',NULL,NULL),(47,1,'0012032','นาง','ลพ','อินทะศรี',5,7,1,'2014-07-10 00:00:00','2014-07-10 00:00:00','Film  CxR  ไม่ชัดเจน',1,4,2,2,6,2,'ถ่ายภาพให้ใหม่แล้ว',1,'',NULL,NULL),(48,1,'5802750','','','',2,3,2,'2015-07-12 00:00:00','2015-07-15 00:00:00','ER key ค่า Curettage 2 ครั้ง ๆละ 2,500 บาท ทำให้ค่าใช้จ่าเยอะเกินจริง (ผู้ป่วยลาวต้องชำระเงิน)',2,18,3,NULL,NULL,2,'เครื่อง com. ชำรุดครั้งแรก key ข้อมุลไม่ขึ้น  จึง key ใหม่ ทำให้การ key ข้อมูลซ้ำ  แจ้ง จนท.รับทราบ',2,'',NULL,NULL),(49,1,'5802691','นาง','จันทร์ ','อ่อนจันทร์',2,12,2,'2015-07-08 00:00:00','2015-07-15 00:00:00','ER key ค่า refer 2 ครั้ง เก็บเงินแล้ว ต้องตามไปคืนเงินให้ผู้ป่วย',2,18,4,5,10,2,'แจ้ง จนท.รับทราบ  บอกว่า com. ค้าง ได้แจ้ง admin แล้ว',2,'',NULL,NULL),(50,3,'','','','',10,16,10,'2014-12-02 00:00:00','2015-07-15 00:00:00','8.30 พบสายน้ำเกลือปนมาในผ้าห่อ set',7,61,3,4,11,2,'แจ้งเจ้าหน้าที่ให้สลัดผ้าก่อนเก็บเซตทุกครั้ง',2,'',NULL,NULL),(51,3,'','','','',10,16,10,'2014-12-02 00:00:00','2015-07-15 00:00:00','มีคลอดเช้า แต่ส่งผ้าซักบ่ายทำให้คราบเลือดแห้ง',7,61,3,4,11,2,'-โทรประสานกับซักฟอกเรื่องเวลารับผ้า ถ้าคลอดเวร บ่ายดึก ให้ส่งผ้าไว้ที่รถเข็นก่อน 8 โมงเช้า  ถ้าคลอดเวรเช้าภายใน 10 โมง นำผ้าไปส่งที่ซักฟอกทันที  ถ้าเกินเวลา 10  โมง นี้ ให้ส่งที่บริเวณที่ส่งผ้า ภายใน 13.30 น. หลัง 13.30 ให้ส่งที่ซักฟอกทันที ภายในเวลา...\r\n-แจ้งพนักงานชาย ให้ส่งผ้าตามเวลา ',2,'',NULL,NULL),(52,3,'','','','',10,16,10,'2014-12-02 00:00:00','2015-07-15 00:00:00','มีคลอดเช้า แต่ส่งผ้าซักบ่ายทำให้คราบเลือดแห้ง',8,68,3,4,11,2,'-โทรประสานกับซักฟอกเรื่องเวลารับผ้า ถ้าคลอดเวร บ่ายดึก ให้ส่งผ้าไว้ที่รถเข็นก่อน 8 โมงเช้า  ถ้าคลอดเวรเช้าภายใน 10 โมง นำผ้าไปส่งที่ซักฟอกทันที  ถ้าเกินเวลา 10  โมง นี้ ให้ส่งที่บริเวณที่ส่งผ้า ภายใน 13.30 น. หลัง 13.30 ให้ส่งที่ซักฟอกทันที ภายในเวลา...\r\n-แจ้งพนักงานชาย ให้ส่งผ้าตามเวลา ',2,'',NULL,NULL),(53,3,'','','','',10,16,10,'2014-12-03 00:00:00','2015-07-15 00:00:00','11.30 มีปรอท 1 ชิ้น ติดมาในผ้าห่อ set',7,61,3,2,11,2,'แจ้งเจ้าหน้าที่ให้สลัดผ้าก่อนเก็บเซตทุกครั้ง',2,'',NULL,NULL),(54,3,'','','','',14,23,14,'2015-04-21 00:00:00','2015-07-15 00:00:00','เสียงแอร์ข้างคลินิกเรื้อรังดังมาก',8,68,1,NULL,NULL,1,'',2,'',NULL,NULL),(55,3,'','','','',4,16,4,'2014-12-01 00:00:00','2015-07-15 00:00:00','14.30 พบหลอดเลือด 1 อัน ติดมากับผ้าเช็ดมือ',7,61,3,4,3,2,'จัดให้มีจุดรับตัวอย่างให้ชัดเจน และตรวจสอบในกรณีเลือดสูญหาย เพื่อป้องกันเลือดสูญหายไปพร้อมกับผ้าส่งซัก',2,'','null',''),(56,1,'0018470','','','',4,7,4,'2015-04-21 00:00:00','2015-07-15 00:00:00','เครื่อง e\'lyte เสีย LAB ไม่แจ้ง OPD ทำให้ผู้ป่วยรอจนเที่ยง',5,54,3,4,5,2,'แจ้งให้ผู้เกี่ยวข้องทราบ กรณีเครื่องมือขัดข้องให้แจ้งหน่วยงานที่นำส่ง เพื่อจะได้บริหารจัดการเวลาและแจ้งคนไข้ต่อไป',2,'','null',''),(57,1,'','','','',1,18,1,'2014-12-01 00:00:00','2015-07-15 00:00:00','12.00 แพทย์ยังไม่มาตรวจผู้ป่วยใน ทำให้ผู้ป่วยที่ยกเลิก NPO ไม่ได้อาหาร',8,68,3,NULL,NULL,1,'',1,'',NULL,NULL),(58,1,'','','','',1,7,1,'2014-12-09 00:00:00','2015-07-15 00:00:00','pt ตรวจ e\'lyte ได้ยา MTV, KCl แต่ Dx Acute nasopharyngitis',1,2,3,NULL,NULL,1,'',1,'',NULL,NULL),(59,1,'','','','',11,7,11,'2015-01-05 00:00:00','2015-07-15 00:00:00','ค้นแฟ้มผิดคน',2,16,3,2,6,2,'รายละเอียดไม่พอสำหรับการทบทวน  แต่มีการแจ้งเจ้าหน้าที่ที่เกี่ยวข้อง และตรวจสอบแฟ้มเวชระเบียนก่อนนำส่ง',2,'',NULL,NULL),(60,3,'','','','',21,21,21,'2015-05-25 00:00:00','2015-07-15 00:00:00','มีการจัดประชุมแก่งฟ้า เมื่อประชุมเสร็จ กุญแจห้องที่เสียบอยู่หายไป',7,66,3,NULL,NULL,1,'',2,'',NULL,NULL),(61,1,'5601243','','','',15,7,15,'2015-05-12 00:00:00','2015-07-15 00:00:00','เลขใบนำทางเป็น 400 ของเมื่อวาน ทำให้ผู้ป่วยไม่ถูกเรียกชื่อ เพราะไม่มีชื่อในระบบ',2,16,1,5,11,2,'แจ้งIT ให้แก้ไขในโปรแกรม   เนื่องวันที่ในเครื่องไม่ตรงปรับแก้ให้เป็นปัจจุบัน',2,'','null',''),(62,1,'0067839','','','',11,7,11,'2015-01-09 00:00:00','2015-07-15 00:00:00','ค้นแฟ้มผิด',2,16,3,2,6,2,'แจ้ง  จนท.ตรวจสอบให้ครบถ้วน',2,'',NULL,NULL),(63,1,'0037781','','','',11,7,11,'2014-11-27 00:00:00','2015-07-15 00:00:00','ส่งตรวจ OPD แต่ผู้ป่วยรอ ER เรียกผู้ป่วยไม่พบ',1,7,3,4,5,2,'ทบทวนแจ้งผู้ป่วยทุกครั้งที่ส่งตรวจ',2,'',NULL,NULL),(64,1,'0014533','','','',11,7,11,'2014-11-27 00:00:00','2015-07-15 00:00:00','ส่งตรวจ OPD ผู้ป่วยไปรอ ER เรียกผู้ป่วยไม่พบ',2,18,3,4,5,2,'ทบทวนร่วมกันแจ้งผู้ป่วยทุกครั้งที่ส่งตรวจ',2,'',NULL,NULL),(65,1,'','','','',7,7,2,'2014-11-25 00:00:00','2015-07-15 00:00:00','มีอาการผิดปกติขณะรอรับยา',8,69,2,NULL,NULL,2,'ได้ทบทวนแนวทางในการดูแลผู้ป่วย ใช้การคัดกรอง 5 สี , การประชาสัมพันธ์ ระหว่างรอตรวจ ถ้ามีอาการผิดปกติ, ผู้สูงอายุที่ลุกเดินลำบาก ให้นั่งรถเข็น มีเข็ดขัดรัดที่นั่ง',1,'',NULL,NULL),(66,1,'0010588','','','',23,23,23,'2014-11-24 00:00:00','2015-07-15 00:00:00','ผู้ป่วย NCD BP สูง แต่ตรวจพบตอนซักประวัติ จึงส่ง ER',1,7,3,NULL,NULL,1,'',2,'',NULL,NULL),(67,1,'5601097','','','',11,7,11,'2014-11-17 00:00:00','2015-07-15 00:00:00','ค้นแฟ้มผิด',2,16,3,2,6,2,'อยากให้ลงข้อมูลความเสี่ยงให้ชัเจนมากกว่านี้เพราะรายละเอียดน้อยนำมาทบทวนไม่สะดวก',2,'',NULL,NULL),(68,1,'5701892','','','',7,7,7,'2014-11-10 00:00:00','2015-07-15 00:00:00','ผู้ป่วยนัด AFB ไม่ได้ไปเอาตลับ',8,69,4,2,7,2,'ประชุมชี้แจงให้เจ้าหน้าที่จุดซักประวัติให้เพิ่มความรอบคอบ ถี่ถ้วน ถูกต้อง ชัดเจนให้มากขึ้นและถือปฎิบัติตามแนวทางแล้ว เมื่อ 8 กย 2558',2,'',NULL,NULL),(69,1,'0057682','','','',11,7,11,'2014-11-10 00:00:00','2015-07-15 00:00:00','ค้นแฟ้มผิด',2,16,3,2,6,2,'แจ้งหน้างานให้ตรวจสอบให้เรียบร้อยก่อนส่งแฟ้ม',2,'',NULL,NULL),(71,1,'0011887','','','',11,7,11,'2014-12-09 00:00:00','2015-07-15 00:00:00','scan ผิดคน',2,16,3,2,6,2,'แจ้งหน้างานให้ตรวจสอบให้เรียบร้อยก่อนส่งขึ้นฐานข้อมูล',2,'',NULL,NULL),(72,1,'0058446','','','',23,23,23,'2014-12-09 00:00:00','2015-07-15 00:00:00','pt DM นัด HT บ่าย pt ไม่ได้ NPO มา',8,69,3,NULL,NULL,1,'',2,'',NULL,NULL),(73,1,'0008205','','','',11,7,11,'2014-12-09 00:00:00','2015-07-15 00:00:00','pt นัดตรวจ Hct,MB  ได้ใบ Q นายเที่ยง ไม่มีส่งตรวจใน Hosxp',2,16,3,2,6,2,'แจ้งเจ้าหน้าที่ที่เกี่ยวข้อง และตรวจสอบชื่อผู้ป่วยก่อนทำการส่งตรวจ',2,'',NULL,NULL),(74,1,'5304232','','','',11,7,11,'2014-12-09 00:00:00','2015-07-15 00:00:00','ส่งตรวจ OPD ผู้ป่วยรออยู่หน้า ER',8,69,3,4,5,2,'เจ้าหน้าที่แจ้งผู้ป่วยทุกครั้งที่ส่งตรวจ  (แต่ไม่สามารถควบคุมได้) ไม่มีป้ายบอกทางที่ชัดเจน',2,'',NULL,NULL),(75,3,'','','','',8,16,16,'2014-12-02 00:00:00','2015-07-15 00:00:00','10.50 ผ้าปูไม่แกะปม 10 ผืน',8,69,3,NULL,NULL,2,'',2,'',NULL,NULL),(76,3,'','','','',2,16,2,'2014-12-02 00:00:00','2015-07-15 00:00:00','8.30 ผ้าปูไม่แกะปม 6 ผืน',8,69,3,2,6,2,'แจ้ง จนท.รับทราบ ให้เช็คและทำงานให้เรียบร้อย ก่อนส่งผ้าซัก',2,'',NULL,NULL),(77,3,'','','','',8,16,8,'2014-12-02 00:00:00','2015-07-15 00:00:00','10.30 ผ้าปูไม่แกะปม 10 ผืน มีรีโมทติดมา 1 ชิ้น',7,61,3,NULL,NULL,2,'',2,'',NULL,NULL),(78,3,'','','','',10,16,10,'2014-12-02 00:00:00','2015-07-15 00:00:00','9.30 มีผ้าคลอดตอนเช้า แต่ส่งซักบ่าย',8,69,3,2,11,2,'-โทรประสานกับซักฟอกเรื่องเวลารับผ้า ถ้าคลอดเวร บ่ายดึก ให้ส่งผ้าไว้ที่รถเข็นก่อน 8 โมงเช้า  ถ้าคลอดเวรเช้าภายใน 10 โมง นำผ้าไปส่งที่ซักฟอกทันที  ถ้าเกินเวลา 10  โมง นี้ ให้ส่งที่บริเวณที่ส่งผ้า ภายใน 13.30 น. หลัง 13.30 ให้ส่งที่ซักฟอกทันที ภายในเวลา...\r\n-แจ้งพนักงานชาย ให้ส่งผ้าตามเวลา ',2,'',NULL,NULL),(79,3,'','','','',8,16,8,'2014-12-02 00:00:00','2015-07-15 00:00:00','10.10 มีผ้าเปื้อนไม่ใส่ถุงแดง 2 ชิ้น',7,61,3,NULL,NULL,2,'',2,'',NULL,NULL),(80,3,'','','','',8,16,8,'2014-12-02 00:00:00','2015-07-15 00:00:00','10.50 มีขยะปนผ้าเปื้อนในถุงแดง 2 ชิ้น  ผ้าปูไม่แกะปม 20 ผืน',7,61,3,NULL,NULL,2,'',2,'',NULL,NULL),(81,3,'','','','',8,16,8,'2014-12-02 00:00:00','2015-07-15 00:00:00','10.24พบเข็มดริปยาไม่มีปลอก ติดมากับผ้าปู',7,61,3,NULL,NULL,2,'',2,'',NULL,NULL),(82,3,'','','','',8,16,8,'2014-12-02 00:00:00','2015-07-15 00:00:00','11.30 พบผ้าเปื้อนปนกับผ้าทั่วไป ไม่แยกใส่ถุงแดง',7,61,3,NULL,NULL,2,'',2,'',NULL,NULL),(83,3,'','','','',6,16,6,'2014-12-02 00:00:00','2015-07-15 00:00:00','9.30 พบกุญแจ 1 ชิ้นในกระเป๋าเสื้อกาวน์',7,61,1,2,6,2,'แจ้งเจ้าที่ให้ทราบในการตรวจสอบเครื่องมือก่อนส่งซัก',1,'',NULL,NULL),(84,3,'','','','',2,16,2,'2014-12-02 00:00:00','2015-07-15 00:00:00','8.30 พบมีดโกน 1 ชิ้นปนมากับผ้าห่อ set',7,61,3,2,6,2,'แจ้ง จนท.รับทราบ ให้เช็คและเก็บอุปกรณ์ให้เรียบร้อยทุกครั้ง',2,'',NULL,NULL),(85,3,'','','','',10,16,10,'2014-12-02 00:00:00','2015-07-15 00:00:00','9.30 มีผ้าคลอดตอนเช้า แต่ส่งซักบ่าย',8,69,3,2,11,2,'-โทรประสานกับซักฟอกเรื่องเวลารับผ้า\r\n-แจ้งพนักงานชาย ให้ส่งผ้าตามเวลา ',2,'',NULL,NULL),(86,3,'','','','',8,16,8,'2014-12-10 00:00:00','2015-07-15 00:00:00','11.30 พบผ้าเปื้อนปนกับผ้าทั่วไป ไม่แยกใส่ถุงแดง',7,61,3,NULL,NULL,2,'',2,'',NULL,NULL),(87,3,'','','','',8,16,8,'2014-12-17 00:00:00','2015-07-15 00:00:00','11.30 พบผ้าเปื้อนปนกับผ้าทั่วไป ไม่แยกใส่ถุงแดง',7,61,3,NULL,NULL,2,'',2,'',NULL,NULL),(88,3,'','','','',2,16,2,'2014-12-19 00:00:00','2015-07-15 00:00:00','9.00 พบ  Altary   1  Forcep 2 ติดมาในผ้าห่อ set ',7,61,3,2,6,2,'แจ้ง จนท.ให้เช็ค/เก็บอุปกรณ์ให้เรีบยร้อย มีการสลัดเซ็ตผ้าก่อนใส่ผ้าลงถังผ้า',2,'',NULL,NULL),(89,3,'','','','',2,16,2,'2014-12-24 00:00:00','2015-07-15 00:00:00','14.00  พบ Forcep  1  อัน ติดมาในผ้าห่อ set',7,61,3,2,6,2,'แจ้ง จนท.ให้เช็ค/เก็บอุปกรณ์ให้เรีบยร้อย มีการสลัดเซ็ตผ้าก่อนใส่ผ้าลงถังผ้า',2,'',NULL,NULL),(90,3,'','','','',6,16,6,'2014-12-24 00:00:00','2015-07-15 00:00:00','13.30 พบเครื่องมือแพทย์  1  อัน ติดมาในผ้าห่อ set',7,61,3,2,6,2,'แจ้งเจ้าที่ให้ทราบในการตรวจสอบเครื่องมือก่อนส่งซัก',1,'',NULL,NULL),(91,3,'','','','',6,16,6,'2014-12-26 00:00:00','2015-07-15 00:00:00','14.30 พบฟิมล์ฟัน  1  อัน ติดมาในผ้าห่อ set',7,61,3,2,6,2,'แจ้งเจ้าที่ให้ทราบในการตรวจสอบเครื่องมือก่อนส่งซัก',1,'',NULL,NULL),(92,3,'','','','',8,16,8,'2014-12-27 00:00:00','2015-07-15 00:00:00','8.30 พบผ้าเปื้อนอุจจาระ 4 ผืน ปนกับผ้าทั่วไป ไม่แยกใส่ถุงแดง',7,61,3,NULL,NULL,2,'',2,'',NULL,NULL),(93,3,'','','','',6,16,6,'2014-12-29 00:00:00','2015-07-15 00:00:00','14.30 พบฟิมล์ฟัน  1  อัน ติดมาในผ้าห่อ set',7,61,2,2,6,2,'แจ้งเจ้าที่ให้ทราบในการตรวจสอบเครื่องมือก่อนส่งซัก',1,'',NULL,NULL),(94,3,'','','','',8,16,8,'2014-12-29 00:00:00','2015-07-15 00:00:00','8.30 พบผ้าปู 5 ผืน ผ้าห่ม4 ชุด 5 ชุด ปนกับผ้าทั่วไป ไม่แยกใส่ถุงแดง',7,61,3,NULL,NULL,2,'แจ้งเจ้าหน้าที่ที่เกี่ยวข้องรับทราบ ',2,'',NULL,NULL),(95,3,'','','','',2,16,2,'2015-01-05 00:00:00','2015-07-15 00:00:00','8.30 ผ้าปูไม่แกะปม 5 ผืน 14.30 ผ้าปูไม่แกะปม 5 ผืน ',7,61,3,NULL,NULL,2,'แจ้ง จนท.รับทราบ ให้เช็คและทำงานให้เรียบร้อย ก่อนส่งผ้าซัก',2,'',NULL,NULL),(96,3,'','','','',6,16,6,'2015-01-12 00:00:00','2015-07-15 00:00:00','13.30 พบเครื่องมือแพทย์  1  อัน หมวก 3 ชิ้น mask  4 ชิ้น ติดมาในผ้าส่งซัก',7,61,3,2,6,2,'แจ้งเจ้าที่ให้ทราบในการตรวจสอบเครื่องมือก่อนส่งซัก',1,'',NULL,NULL),(97,3,'','','','',2,16,2,'2015-01-07 00:00:00','2015-07-15 00:00:00','8.30 พบเครื่องมือแพทย์  1  อัน  ผ้าปูไม่แกะปม 5 ผืน ',7,61,3,NULL,NULL,2,'แจ้ง จนท.รับทราบ ให้เช็คและทำงานให้เรียบร้อย ก่อนส่งผ้าซัก/ให้เช็คและเก็บอุปกรณ์ให้เรีบยร้อย มีการสลัดเซ็ตผ้าก่อนใส่ผ้าลงถังผ้า',2,'',NULL,NULL),(98,3,'','','','',8,16,8,'2015-01-22 00:00:00','2015-07-15 00:00:00','8.30 พบผ้าเปื้อน5 ผืน ปนกับผ้าทั่วไป  ผ้าปูไม่แกะปม 10 ผืน',7,61,3,2,5,2,'พบว่าญาติมาช่วยเปลี่ยนผ้าปู  แจ้งจนท.ถ้ามีญาติมาช่วยให้แจ้งญาติด้วยว่าต้องทำอย่างไร  และตรวจสอบความเรียบร้อยก่อนส่งซักทุกครั้ง',2,'','null',''),(99,3,'','','','',2,16,2,'2015-01-30 00:00:00','2015-07-15 00:00:00','8.30 ผ้าปูไม่แกะปม 6 ผืน',8,69,3,NULL,NULL,2,'แจ้ง จนท.รับทราบ ให้เช็คและทำงานให้เรียบร้อย ก่อนส่งผ้าซัก',2,'',NULL,NULL),(100,3,'','','','',6,16,6,'2015-02-02 00:00:00','2015-07-15 00:00:00','8.30 พบเครื่องมือแพทย์  1  อัน  mask หมวก ในกระเป๋าเสื้อ',7,61,3,2,6,2,'แจ้งเจ้าที่ให้ทราบในการตรวจสอบเครื่องมือก่อนส่งซัก',1,'',NULL,NULL),(101,3,'','','','',8,16,8,'2015-01-15 00:00:00','2015-07-15 00:00:00','8.30 พบผ้าเปื้อน5 ผืน ปนกับผ้าทั่วไป  ผ้าปูไม่แกะปม 16 ผืน',7,61,3,2,5,2,'พบว่ามีญาติมาช่วยเปลี่ยน  แจ้งจนท. ถ้ามีญาติมาช่วยเปลี่ยนให้แจ้งญาติด้วยว่าต้องทำอย่างไร  และตรวจสอบความเรียบร้อยก่อนส่งซักทุกครั้ง',2,'','null',''),(102,3,'','','','',8,16,8,'2015-01-15 00:00:00','2015-07-15 00:00:00','8.30 พบผ้าเปื้อน5 ผืน ปนกับผ้าทั่วไป  ผ้าปูไม่แกะปม 16 ผืน',7,61,3,2,5,2,'พบว่ามีญาติมาช่วยเปลี่ยนผ้าปู  แจ้งจนท.ถ้ามีญาติมาช่วยให้แจ้งด้วยว่าต้องทำอย่างไร  และตรวจสอบความเรียบร้อยซ้ำทุกครั้งก่อนส่งซัก',2,'','null',''),(103,3,'','','','',2,16,2,'2015-02-04 00:00:00','2015-07-15 00:00:00','8.30 ผ้าปูไม่แกะปม 5 ผืน',8,69,3,2,6,2,'แจ้ง จนท.รับทราบ ให้เช็คและทำงานให้เรียบร้อย ก่อนส่งผ้าซัก',2,'',NULL,NULL),(104,3,'','','','',8,16,8,'2015-01-21 00:00:00','2015-07-15 00:00:00','8.30 พบผ้าเปื้อน15 ผืน ปนกับผ้าทั่วไป  ผ้าปูไม่แกะปม 20 ผืน',7,61,3,2,5,2,'พบว่ามีญาติมาช่วยเปลี่ยนผ้าปู  แจ้งจนท. ถ้ามีญาติมาช่วยให้แจ้งญาติด้วยว่าต้องทำอะไรบ้าง  และตรวจสอบซ้ำทุกครั้งก่อนส่งซัก',2,'','null',''),(105,3,'','','','',10,16,10,'2015-02-27 00:00:00','2015-07-15 00:00:00','11.30 ปรอท 1 ชิ้นติดในผ้าห่อ set',7,61,3,2,11,2,'แจ้งเจ้าหน้าที่ให้สลัดผ้าก่อนเก็บเซตทุกครั้ง',2,'',NULL,NULL),(106,3,'','','','',8,16,8,'2015-02-23 00:00:00','2015-07-15 00:00:00','8.30 พบผ้าเปื้อน15 ผืน ปนกับผ้าทั่วไป  ผ้าปูไม่แกะปมจำนวนมาก',7,61,3,2,6,2,'พบว่ายาติช่วยเปลี่ยนผ้าปู  แจ้งจนท.  ถ้ามีญาติมาช่วยให้แจ้งญาติด้วยว่าควรทำอย่างไร  และตรวจสอบซ้ำทุกครั้งก่อนส่งซัก',2,'','null',''),(107,3,'','','','',2,16,2,'2015-02-18 00:00:00','2015-07-15 00:00:00','8.30 พบเครื่องมือแพทย์  1  อันมาในผ้าห่อ set',7,61,3,NULL,NULL,2,'แจ้ง จนท.ให้เช็ค/เก็บอุปกรณ์ให้เรีบยร้อย มีการสลัดเซ็ตผ้าก่อนใส่ผ้าลงถังผ้า',2,'',NULL,NULL),(108,3,'','','','',6,16,6,'2015-03-02 00:00:00','2015-07-15 00:00:00','9.30 พบกุญแจ 2 ชิ้นในกระเป๋าเสื้อกาวน์',7,61,3,2,6,2,'แจ้งเจ้าที่ให้ทราบในการตรวจสอบเครื่องมือก่อนส่งซัก',1,'',NULL,NULL),(109,3,'','','','',2,16,2,'2015-03-02 00:00:00','2015-07-15 00:00:00','13.30 พบเครื่องมือแพทย์  1  อันผ้าปูไม่แกะปม 5 ผืน',7,61,3,2,6,2,'แจ้ง จนท.รับทราบ ให้เช็คและทำงานให้เรียบร้อย ก่อนส่งผ้าซัก/ให้เช็คและเก็บอุปกรณ์ให้เรีบยร้อย มีการสลัดเซ็ตผ้าก่อนใส่ผ้าลงถังผ้า',2,'',NULL,NULL),(110,3,'','','','',2,16,2,'2015-03-10 00:00:00','2015-07-15 00:00:00','13.30 พบเครื่องมือแพทย์  1  อันผ้าปูไม่แกะปม 5 ผืน',7,61,3,2,6,2,'แจ้ง จนท.รับทราบ ให้เช็คและทำงานให้เรียบร้อย ก่อนส่งผ้าซัก/ให้เช็คและเก็บอุปกรณ์ให้เรีบยร้อย มีการสลัดเซ็ตผ้าก่อนใส่ผ้าลงถังผ้า',2,'',NULL,NULL),(111,3,'','','','',2,16,2,'2015-03-16 00:00:00','2015-07-15 00:00:00','13.30 พบเครื่องมือแพทย์  1  อันในผ้าห่อ set',7,61,3,NULL,NULL,2,'แจ้ง จนท.ให้เช็ค/เก็บอุปกรณ์ให้เรีบยร้อย มีการสลัดเซ็ตผ้าก่อนใส่ผ้าลงถังผ้า',2,'',NULL,NULL),(112,3,'','','','',10,16,10,'2015-03-12 00:00:00','2015-07-15 00:00:00','13.30 พบเครื่องมือแพทย์  1  อันในผ้าห่อ set',7,61,3,2,11,2,'แจ้งเจ้าหน้าที่ให้สลัดผ้าก่อนเก็บเซตทุกครั้ง',2,'',NULL,NULL),(113,3,'','','','',10,16,10,'2015-03-24 00:00:00','2015-07-15 00:00:00','14.30 พบเครื่องมือแพทย์  1  อันในผ้าห่อ set',7,61,3,2,11,2,'แจ้งเจ้าหน้าที่ให้สลัดผ้าก่อนเก็บเซตทุกครั้ง',2,'',NULL,NULL),(114,3,'','','','',8,16,8,'2015-03-07 00:00:00','2015-07-15 00:00:00','9.10 พบเข็ม  1  อันในผ้า',7,61,3,2,6,2,'แจ้งผู้เกี่ยวข้องทราบแล้ว  หลังทำหัตถการทุกครั้งให้เก็บให้เรียบร้อย  ใครทำคนนั้นเป็นคนเก็บ  1 คน 1งาน  เพื่อป้องกันอุบัติเหตุจากการปฏิบัติงาน',2,'','null',''),(115,3,'','','','',6,16,6,'2015-03-22 00:00:00','2015-07-15 00:00:00','13.30 พบเครื่องมือแพทย์  1  อันในผ้าห่อ set',7,61,3,2,6,2,'แจ้งเจ้าที่ให้ทราบในการตรวจสอบเครื่องมือก่อนส่งซัก',1,'',NULL,NULL),(116,3,'','','','',2,16,2,'2015-03-28 00:00:00','2015-07-15 00:00:00','8.30 พบเครื่องมือแพทย์  1  อันในผ้าห่อ set',7,61,3,2,6,2,'แจ้ง จนท.ให้เช็ค/เก็บอุปกรณ์ให้เรีบยร้อย มีการสลัดเซ็ตผ้าก่อนใส่ผ้าลงถังผ้า',2,'',NULL,NULL),(117,3,'','','','',2,16,2,'2015-03-31 00:00:00','2015-07-15 00:00:00','พบเครื่องมือแพทย์  1  อันในผ้าห่อ set',7,61,3,2,6,2,'แจ้ง จนท.ให้เช็ค/เก็บอุปกรณ์ให้เรีบยร้อย มีการสลัดเซ็ตผ้าก่อนใส่ผ้าลงถังผ้า',2,'',NULL,NULL),(119,3,'','','','',6,16,6,'2015-04-01 00:00:00','2015-07-15 00:00:00','14.30 พบกรรไกร 1  อันในผ้าส่งซัก',7,61,3,2,6,2,'แจ้งเจ้าที่ให้ทราบในการตรวจสอบเครื่องมือก่อนส่งซัก',1,'',NULL,NULL),(120,3,'','','','',8,16,8,'2015-04-02 00:00:00','2015-07-15 00:00:00','9.30 พบขยะ เศษอาหาร ผ้าอ้อม ปนมาในผ้าส่งซัก',7,61,3,1,5,2,'แจ้งจนท. ให้ปชส ให้ผู้ป่วยกะญาติทราบถึงสถานที่และการปฏิบัติตัวขณะอยู่ในรพ  ทุกครั้งที่รับใหม่และทุกครั้งที่มีโอกาส',2,'','null',''),(121,3,'','','','',2,16,2,'2015-04-03 00:00:00','2015-07-15 00:00:00','8.30 พบท่อเครื่องช่วยหายใจ 1  อันในผ้าห่อ set',7,61,3,NULL,NULL,2,'แจ้ง จนท.ให้เช็ค/เก็บอุปกรณ์ให้เรีบยร้อย มีการสลัดเซ็ตผ้าก่อนใส่ผ้าลงถังผ้า',2,'',NULL,NULL),(122,3,'','','','',2,16,2,'2015-04-06 00:00:00','2015-07-15 00:00:00','14.30 พบเครื่องมือแพทย์  1  อันในผ้าห่อ set',7,61,3,NULL,NULL,2,'แจ้ง จนท.ให้เช็ค/เก็บอุปกรณ์ให้เรีบยร้อย มีการสลัดเซ็ตผ้าก่อนใส่ผ้าลงถังผ้า',2,'',NULL,NULL),(123,3,'','','','',8,16,8,'2015-04-07 00:00:00','2015-07-15 00:00:00','9.30 พบใบตอง กล่องนม ขวดน้ำเกลือ ปนมาในผ้าส่งซัก',7,61,3,2,6,2,'ให้ปชส. ผู้ป่วยและญาติที่มาใช้บริการว่าควรปฏิบัติตัวอย่างไร  ทิ้งขยะที่ไหน',2,'','null',''),(124,3,'','','','',2,16,2,'2015-04-08 00:00:00','2015-07-15 00:00:00','8.30 ผ้าปูไม่แกะปม 5 ผืน',8,69,3,2,6,2,'แจ้ง จนท.รับทราบ ให้เช็คและทำงานให้เรียบร้อย ก่อนส่งผ้าซัก',2,'',NULL,NULL),(125,3,'','','','',8,16,8,'2015-04-09 00:00:00','2015-07-15 00:00:00','11.30 ผ้าปูไม่แกะปมจำนวนมาก',8,69,3,2,6,2,'พบว่าให้ญาติช่วยเปลี่ยนผ้าปูที่นอน  แล้วไม่ได้ตรวจสอบซ้ำว่าได้คลายปมผ้าหรือไม่  แจ้งจนท.แล้วถ้าให้ญาติมาช่วยให้แจ้งญาติทุกครั้งว่าต้องทำอะไรบ้าง  และตรวจสอบซ้ำว่าเรียบร้อยหรือไม่  ก่อนส่งผ้าไปซัก',2,'','null',''),(126,3,'','','','',8,16,8,'2015-04-10 00:00:00','2015-07-15 00:00:00','10.30 ผ้าปูไม่แกะปมจำนวนมาก',8,69,3,2,7,2,'ญาติผป ช่วยเปลี่ยนผ้าปู แจ้งให้จนท บอกญาติที่มาช่วยด้วยว่าต้องทำอะไรบ้าง และให้จนท ตรวจสอบความเรียบร้อยก่อนส่งผ้า',2,'พยาบาลเวร   ผู้ช่วยเหลือคนไข้  คนงาน IPD  เวรเช้าและเวรดึก ทบทวนร่วมกันก่อนลงเวร','null',''),(127,3,'','','','',8,16,8,'2015-04-13 00:00:00','2015-07-15 00:00:00','8.30 พบเครื่องมือแพทย์  1  อันในผ้าห่อ set',7,61,3,4,6,2,'ให้จนท ตรวจสอบความเรียบร้อยก่อนส่ง Supply ',2,'','null',''),(128,3,'','','','',10,16,10,'2015-04-14 00:00:00','2015-07-15 00:00:00','ไม่รีบส่งผ้าซัก ทำให้ผ้าแห้งกรัง',8,69,1,2,11,2,'\r\n-แจ้งพนักงานชาย ให้ส่งผ้าตามเวลา และแก้ปมผ้า',2,'',NULL,NULL),(129,3,'','','','',8,16,8,'2015-04-15 00:00:00','2015-07-15 00:00:00','13.30 ผ้าปูไม่แกะปมจำนวนมาก',8,69,3,4,6,2,'ให้ตรวจสอบความเรียบร้อยก่อนส่งผ้าซักทุกครั้ง   ให้จนท ปชส ผู้ป่วยและญาติทราบถึงการปฏิบัติตัวขณะอยู่รพ  แนะนำสถานที่',2,'','null',''),(130,3,'','','','',8,16,8,'2015-04-16 00:00:00','2015-07-15 00:00:00','14.30 พบผ้าอ้อม 4  อันในผ้าห่อ set',7,61,3,2,6,2,'แจ้งจนท ให้ตรวจสอบความเรียบร้อยก่อนส่ง Supply',2,'','null',''),(131,3,'','','','',8,16,8,'2015-04-20 00:00:00','2015-07-15 00:00:00','8.30 พบNG ถุงมือในผ้าส่งซัก',7,61,3,4,6,2,'ให้จนท ตรวจสอบความเรียบร้อยก่อนส่งซัก  ให้ 1คน 1งาน  เพื่อลดความซ้ำซ้อน',2,'','null',''),(132,3,'','','','',2,16,2,'2015-04-21 00:00:00','2015-07-15 00:00:00','8.30 พบเครื่องมือแพทย์  1  อันในผ้าห่อ set',7,61,3,NULL,NULL,2,'แจ้ง จนท.ให้เช็ค/เก็บอุปกรณ์ให้เรีบยร้อย มีการสลัดเซ็ตผ้าก่อนใส่ผ้าลงถังผ้า',2,'',NULL,NULL),(133,3,'','','','',2,16,2,'2015-04-21 00:00:00','2015-07-15 00:00:00','8.30 พบเครื่องมือแพทย์  1  อันในผ้าห่อ set',7,61,3,2,6,2,'แจ้ง จนท.ให้เช็ค/เก็บอุปกรณ์ให้เรีบยร้อย มีการสลัดเซ็ตผ้าก่อนใส่ผ้าลงถังผ้า',2,'',NULL,NULL),(134,3,'','','','',2,16,2,'2015-04-22 00:00:00','2015-07-15 00:00:00','14.30 พบสายออกซิเจนเครื่องมือแพทย์  1  อันในผ้าห่อ set',7,61,3,NULL,NULL,2,'แจ้ง จนท.ให้เช็ค/เก็บอุปกรณ์ให้เรีบยร้อย มีการสลัดเซ็ตผ้าก่อนใส่ผ้าลงถังผ้า',2,'',NULL,NULL),(135,3,'','','','',8,16,8,'2015-04-23 00:00:00','2015-07-15 00:00:00','9.30 พบขยะ เศษอาหาร  ปนมาในผ้าส่งซัก',7,61,3,4,6,2,'ให้จนท ปชส ผู้ป่วยและญาติทราบถึงการปฏิบัติตัวขณะอยู่รพ  แนะนำสถานที่ ทุกรายที่ Admit',2,'','null',''),(136,3,'','','','',2,16,2,'2015-04-24 00:00:00','2015-07-15 00:00:00','13.30 พบเครื่องมือแพทย์  1  อันในผ้าห่อ set',7,61,3,NULL,NULL,2,'แจ้ง จนท.ให้เช็ค/เก็บอุปกรณ์ให้เรีบยร้อย มีการสลัดเซ็ตผ้าก่อนใส่ผ้าลงถังผ้า',2,'',NULL,NULL),(137,3,'','','','',6,16,6,'2015-04-27 00:00:00','2015-07-15 00:00:00','8.30 พบเครื่องมือแพทย์  1  อัน  mask หมวก ในกระเป๋าเสื้อ',7,61,1,2,6,2,'แจ้งเจ้าที่ให้ทราบในการตรวจสอบเครื่องมือก่อนส่งซัก',1,'',NULL,NULL),(138,3,'','','','',8,16,8,'2015-04-28 00:00:00','2015-07-15 00:00:00','8.30 พบเครื่องมือแพทย์  1  อันในผ้าห่อ set',7,61,3,2,6,2,'แจ้งจนท ให้ตรวจสอบความเรียบร้อยก่อนส่ง Supply  เพื่อป้องกันการเกิดอุบัติเหตุจากการทำงาน',2,'','null',''),(139,3,'','','','',10,16,10,'2015-04-30 00:00:00','2015-07-15 00:00:00','8.30 พบเครื่องมือแพทย์  1  อันในผ้าห่อ set',7,61,3,2,11,2,'แจ้งเจ้าหน้าที่ให้สลัดผ้าก่อนเก็บเซตทุกครั้ง',2,'',NULL,NULL),(140,1,'5704769','','','',11,7,11,'2015-04-07 00:00:00','2015-07-15 00:00:00','OPD  Scan ผิดคน',2,16,3,NULL,NULL,2,' ข้อมูลไม่เพียงพอต่อการทบทวน ติดตามผล ไม่สามารถแก้ไขให้ถูกต้องได้  (ไม่มี HN)',2,'',NULL,NULL),(141,3,'','','','',10,16,10,'2015-04-12 00:00:00','2015-07-15 00:00:00','ไม่รีบส่งผ้าซัก ทำให้ผ้าแห้งกรัง',8,69,3,2,11,2,'\r\n-แจ้งพนักงานชาย ให้ส่งผ้าตามเวลา',2,'',NULL,NULL),(142,3,'','','','',2,16,2,'2015-04-02 00:00:00','2015-07-15 00:00:00','13.30 พบเครื่องมือแพทย์  1  อันในผ้าห่อ set',7,61,3,NULL,NULL,2,'แจ้ง จนท.ให้เช็ค/เก็บอุปกรณ์ให้เรีบยร้อย มีการสลัดเซ็ตผ้าก่อนใส่ผ้าลงถังผ้า',2,'',NULL,NULL),(143,1,'','','','',2,15,7,'2015-07-13 00:00:00','2015-07-15 00:00:00','มีผู้ป่วยถามว่าทำไมโรงพยาบาลไม่ทำงาน 8 โมงเหมือนที่อื่น',8,68,3,NULL,NULL,1,'',2,'',NULL,NULL),(145,3,'','','','',2,16,2,'2015-05-01 00:00:00','2015-07-15 00:00:00','13.30 พบเครื่องมือแพทย์  1  อันในผ้าห่อ set',7,61,3,NULL,NULL,2,'แจ้ง จนท.ให้เช็ค/เก็บอุปกรณ์ให้เรีบยร้อย มีการสลัดเซ็ตผ้าก่อนใส่ผ้าลงถังผ้า',2,'',NULL,NULL),(146,3,'','','','',2,16,2,'2015-02-02 00:00:00','2015-07-15 00:00:00','13.30 พบเข็ม 1  อันในผ้าห่อ set',7,61,3,NULL,NULL,2,'แจ้ง จนท.ให้เช็ค/เก็บอุปกรณ์ให้เรีบยร้อย มีการสลัดเซ็ตผ้าก่อนใส่ผ้าลงถังผ้า',2,'',NULL,NULL),(147,3,'','','','',10,16,10,'2015-04-07 00:00:00','2015-07-15 00:00:00','13.40 พบเครื่องมือแพทย์  1  อัน',7,61,3,2,11,2,'แจ้งผู้ช่วยเหลือคนไข้ ตรวจเชคเครื่องมือก่อนส่งทุกครั้ง',2,'',NULL,NULL),(148,3,'','','','',6,16,6,'2015-05-13 00:00:00','2015-07-15 00:00:00','13.40 พบเครื่องมือแพทย์  1  อัน',7,61,3,2,6,2,'แจ้งเจ้าที่ให้ทราบในการตรวจสอบเครื่องมือก่อนส่งซัก',1,'','null',''),(149,3,'','','','',6,16,6,'2015-04-22 00:00:00','2015-07-15 00:00:00','13.30 พบเครื่องมือแพทย์ มีคม1  อัน',7,61,3,2,6,2,'แจ้งเจ้าที่ให้ทราบในการตรวจสอบเครื่องมือก่อนส่งซัก',1,'',NULL,NULL),(150,3,'','','','',2,16,2,'2015-05-04 00:00:00','2015-07-15 00:00:00','8.30 พบเครื่องมือแพทย์  1  อันในผ้าห่อ set',7,61,3,NULL,NULL,2,'แจ้ง จนท.ให้เช็ค/เก็บอุปกรณ์ให้เรีบยร้อย มีการสลัดเซ็ตผ้าก่อนใส่ผ้าลงถังผ้า',2,'',NULL,NULL),(151,3,'','','','',8,16,8,'2015-01-05 00:00:00','2015-07-15 00:00:00','10.35  พบผ้าปูไม่แกะปม กับรีโมท 1 ชิ้นติดมากับผ้า',7,61,3,2,6,2,'สอบถามพบว่ามีญาติมาช่วยเปลี่ยนผ้าปู   ให้จนท  ตรวจสอบความเรียบร้อยก่อนส่งผ้าซัก  และปชส ผู้ป่วยและญาติทราบการปฏิบัติตัวขณะอยู่รพ  แนะนำสถานที่',2,'','null',''),(152,3,'','','','',8,16,8,'2015-01-19 00:00:00','2015-07-15 00:00:00','8.30 พบผ้าเปื้อนอุจจาระปนกับผ้าทั่วไป ',7,61,3,4,6,2,'ให้ปชส  ผู้ป่วยและญาติทราบถึงการปฏิบัติตัวขณะอยู่รพ  แนะนำสถานที่  ทุกรายที่ Admit',2,'','null',''),(153,3,'','','','',8,16,8,'2015-01-22 00:00:00','2015-07-15 00:00:00','8.30 พบเครื่องมือแพทย์  1  อัน cold pack 1 ชิ้น ติดมาในผ้า',7,61,3,4,6,2,'แจ้ง จนท รายบุคคล  ให้ตรวจสอบความเรียบร้อยก่อนส่ง Supply ',2,'','null',''),(154,3,'','','','',10,16,10,'2014-12-18 00:00:00','2015-07-15 00:00:00','9.40 ห้องคลอดไม่ส่งผ้าซักทันที',8,69,3,2,11,2,'\r\n-แจ้งพนักงานชาย ให้ส่งผ้าตามเวลา ',2,'',NULL,NULL),(155,3,'','','','',6,16,6,'2015-01-01 00:00:00','2015-07-15 00:00:00','9.30 พบเครื่องมือแพทย์  1  อันในผ้า',7,61,3,2,6,2,'แจ้งเจ้าที่ให้ทราบในการตรวจสอบเครื่องมือก่อนส่งซัก',1,'',NULL,NULL),(156,3,'','','','',8,16,8,'2015-01-02 00:00:00','2015-07-15 00:00:00','9.40 มีเศาอาหารพร้อมไม้ไก่ย่างในผ้า',7,61,3,4,6,2,'ให้ปชส ผู้ป่วยและญาติทราบถึงการปฏิบัติตัวขณะอยู่รพ แนะนำสถานที่  ทุกรายที่ Admit',2,'','null',''),(157,3,'','','','',17,2,17,'2015-01-05 00:00:00','2015-07-15 00:00:00','พบห่อไม้พันสำลีมีรอยทะลุ',7,61,1,NULL,NULL,1,'',2,'',NULL,NULL),(158,3,'','','','',6,16,6,'2015-01-05 00:00:00','2015-07-15 00:00:00','.30 พบเครื่องมือแพทย์  1  อันในผ้าห่อ set',7,61,3,2,6,2,'แจ้งเจ้าที่ให้ทราบในการตรวจสอบเครื่องมือก่อนส่งซัก',1,'',NULL,NULL),(159,3,'','','','',8,16,8,'2015-01-06 00:00:00','2015-07-15 00:00:00','9.30 พบเข็มทิ้งมาในผ้าปู',7,61,3,4,6,2,'ให้ตรวจสอบความเรียบร้อยก่อนส่ง Supply 1 คน 1งาน เพื่อป้องกันการเกิดอุบัติเหตุจากการปฏิบัติงาน',2,'','null',''),(160,3,'','','','',2,16,2,'2015-01-07 00:00:00','2015-07-15 00:00:00','9.30 พบเข็ม 1 เล่มทิ้งมาในผ้าปู',7,61,3,NULL,NULL,2,'แจ้ง จนท.รับทราบ ให้มีการเก็บอุปกรณ์ให้เรียบร้อย /เช็คและเก็บอุปกรณ์ที่ใช้ให้หมดทุกครั้งที่ใช้',2,'',NULL,NULL),(161,3,'','','','',8,16,8,'2015-01-08 00:00:00','2015-07-15 00:00:00','9.30 พบเครื่องมือแพทย์  1  อันในผ้าห่อ setพบผ้าปูไม่แกะปม',7,61,3,4,6,2,'ให้ตรวจสอบความเรียบร้อยก่อนส่ง Supply และซักฟอก',2,'','null',''),(162,3,'','','','',10,16,10,'2015-01-12 00:00:00','2015-07-15 00:00:00','พบเลือด สก๊อตเทป สำลี ปนมากับผ้า',7,61,3,NULL,NULL,2,'\r\n-แจ้งเจ้าหน้าที่ ที่เกี่ยวข้อง แพทย์ พยาบาล ให้ทิ้งก๊อซเฉพาะถังขยะเท่านั้น',2,'',NULL,NULL),(163,3,'','','','',2,16,2,'2015-01-13 00:00:00','2015-07-15 00:00:00','8.30 พบเครื่องมือแพทย์  1  อันในผ้าห่อ set',7,61,3,NULL,NULL,2,'แจ้ง จนท.ให้เช็ค/เก็บอุปกรณ์ให้เรีบยร้อย มีการสลัดเซ็ตผ้าก่อนใส่ผ้าลงถังผ้า',2,'',NULL,NULL),(164,3,'','','','',6,16,6,'2015-01-14 00:00:00','2015-07-15 00:00:00','8.30 พบเครื่องมือแพทย์  1  อันในผ้าห่อ set',7,61,1,2,6,2,'แจ้งเจ้าที่ให้ทราบในการตรวจสอบเครื่องมือก่อนส่งซัก',1,'',NULL,NULL),(165,3,'','','','',2,16,2,'2015-01-15 00:00:00','2015-07-15 00:00:00','8.30 พบกรรไกรตัดไหม  1  อันในผ้าห่อ set',7,61,3,NULL,NULL,2,'แจ้ง จนท.ให้เช็ค/เก็บอุปกรณ์ให้เรีบยร้อย มีการสลัดเซ็ตผ้าก่อนใส่ผ้าลงถังผ้า',2,'',NULL,NULL),(166,3,'','','','',6,16,6,'2015-01-19 00:00:00','2015-07-15 00:00:00','14.30 พบเครื่องมือแพทย์  1  อันในผ้าห่อ set',7,61,2,2,6,2,'แจ้งเจ้าที่ให้ทราบในการตรวจสอบเครื่องมือก่อนส่งซัก',1,'',NULL,NULL),(167,3,'','','','',6,16,6,'2015-01-20 00:00:00','2015-07-15 00:00:00','13.30 พบเครื่องมือแพทย์  1  อันในผ้าห่อ set',7,61,3,2,6,2,'แจ้งเจ้าที่ให้ทราบในการตรวจสอบเครื่องมือก่อนส่งซัก',1,'',NULL,NULL),(168,3,'','','','',8,16,8,'2015-01-20 00:00:00','2015-07-15 00:00:00','8.40 พบเครื่องมือแพทย์  1  อันในผ้าห่อ set',7,61,3,4,6,2,'ให้ตรวจสอบความเรียบร้อยก่อนส่ง Supply  ให้ 1คน 1 งาน  เพื่อป้องกันการเกิดอุบัติเหตุจากการปฏิบัติงาน',2,'','null',''),(169,3,'','','','',8,16,8,'2015-01-21 00:00:00','2015-07-15 00:00:00','ส่งผ้าช้า 11-12.00 และไม่แก้ปม',8,69,3,4,6,2,'จากการสอบถาม  พบว่า แพทย์มาตรวจช้าและทำงานเร่งรีบ  เพื่อให้เสร็จทันเวลา  ได้แจ้งให้จนท ตรวจสอบความเรียบร้อยก่อนส่งผ้าทุกครั้ง',2,'','null',''),(170,3,'','','','',6,16,6,'2015-01-22 00:00:00','2015-07-15 00:00:00','14.15 พบเครื่องมือแพทย์  1  อัน',7,61,3,2,6,2,'แจ้งเจ้าที่ให้ทราบในการตรวจสอบเครื่องมือก่อนส่งซัก',1,'',NULL,NULL),(171,3,'','','','',10,16,10,'2015-01-23 00:00:00','2015-07-15 00:00:00','ห้องคลอดไม่ส่งผ้าซักทันที และไม่แก้ปม',8,69,3,4,11,2,'-ควรมีการแจ้งรายละเอียดเวลาที่เกิดเหตุให้มากกว่านี้ จะได้วิเคราะห์สาเหตุที่แท้จริง \r\n-แจ้งพนักงานชาย ให้ส่งผ้าตามเวลา และแก้ปมผ้าก่อนส่งทุกครั้ง\r\n-ถ้ามีเคสคลอดติดต่อกัน อาจจะส่งผ้าล่าช้าได้ และจะโทรแจ้งให้ซักฟอกทราบก่อน\r\n',2,'',NULL,NULL),(172,3,'','','','',8,16,8,'2015-01-26 00:00:00','2015-07-15 00:00:00','9.30 พบเครื่องมือแพทย์  1  อันในผ้า',7,61,3,4,6,2,'ให้ตรวจความเรียบร้อยก่อนส่งอุปกรณ์ไป Supply  โดยให้ 1 คน 1 ใครทำ  คนนั้นเก็บ  เพื่อป้องกันความเสี่ยงในการเกิดอุบัติเหตุ',2,'','null',''),(173,3,'','','','',2,16,2,'2015-01-27 00:00:00','2015-07-15 00:00:00','9.40 ไม่ส่งผ้าซัก และไม่แก้ปม',7,61,3,2,6,2,'แจ้ง จนท.รับทราบ ให้เช็คและทำงานให้เรียบร้อย ก่อนส่งผ้าซัก',2,'',NULL,NULL),(174,3,'','','','',2,16,2,'2015-01-28 00:00:00','2015-07-15 00:00:00','9.30 พบเครื่องมือแพทย์  1  อันในผ้า',7,61,3,2,6,2,'แจ้ง จนท.ให้เช็ค/เก็บอุปกรณ์ให้เรีบยร้อย มีการสลัดเซ็ตผ้าก่อนใส่ผ้าลงถังผ้า',2,'',NULL,NULL),(175,3,'','','','',8,16,8,'2015-01-29 00:00:00','2015-07-15 00:00:00','8.30 พบเครื่องมือแพทย์  1  อันในผ้าห่อ set',7,61,3,4,6,2,'ให้ตรวจสอบความเรียบร้อยก่อนส่งอุปกรณ์ไปทำความสะอาด  โดยให้ 1 คน 1 งาน  ใครทำคนนั้นให้เก็บ  เพื่อป้องกันความเสี่ยงในการเกิดอุบัติเหตุ',2,'','null',''),(176,3,'','','','',6,16,6,'2015-01-30 00:00:00','2015-07-15 00:00:00','8.30 พบถุงขยะติดเชื้อของทันตรรมอยู่ในรถรอผ้าของซักฟอก',7,61,3,2,6,2,'แจ้งเจ้าที่ให้ทราบในการตรวจสอบเครื่องมือก่อนส่งซัก',1,'',NULL,NULL),(177,3,'','','','',6,16,6,'2015-01-22 00:00:00','2015-07-15 00:00:00','8.30 พบเครื่องมือแพทย์  1  อันทิ้งมากับผ้าเปื้อน',7,61,3,2,6,2,'แจ้งเจ้าที่ให้ทราบในการตรวจสอบเครื่องมือก่อนส่งซัก',1,'',NULL,NULL),(178,3,'','','','',8,16,8,'2015-02-02 00:00:00','2015-07-15 00:00:00','10.30 พบถุงแดงไม่มัดปากถุง',7,61,2,2,6,2,'ให้ตรวจสอบความเรียบร้อยก่อนนำขยะไปทิ้ง  เพื่อป้องกันการแพร่กระจายเชื้อ  รวมทั้งให้แต่งกายให้ถูกต้อง  มิดชิด  ทุกครั้งในการปฏิบัติงาน',2,'','null',''),(179,3,'','','','',8,16,8,'2015-02-02 00:00:00','2015-07-15 00:00:00','10.30 พบถุงแดงมีกล่องนม เศษอาหาร ผ้าอ้อมเด็ก 2 ชิ้น',7,61,3,4,6,2,'ให้จนท ปชส แจ้งผู้ป่วยและญาติทราบการปฏิบัติตัวขณะอยู่รพ  แนะนำสถานที่ต่างๆ  ทุกรายที่นอน รพ.',2,'','null',''),(180,3,'','','','',10,16,10,'2015-02-03 00:00:00','2015-07-15 00:00:00','8.30 พบเครื่องมือแพทย์  1  อันทิ้งมากับผ้าคลอด',7,61,3,2,11,2,'แจ้งพยาบาลให้สลัดผ้าก่อนเก็บเซต แจ้งผู้ช่วยเหลือคนไข้นับเครื่องมือก่อนส่งทุกครั้ง',2,'',NULL,NULL),(181,3,'','','','',6,16,6,'2015-02-09 00:00:00','2015-07-15 00:00:00','14.30 พบเครื่องมือแพทย์  2  อันในผ้าห่อ set',7,61,3,2,6,2,'แจ้งเจ้าที่ให้ทราบในการตรวจสอบเครื่องมือก่อนส่งซัก',1,'',NULL,NULL),(182,3,'','','','',2,16,2,'2015-02-10 00:00:00','2015-07-15 00:00:00','14.30 พบผ้าไม่แก้ปม ผ้าม่านไม่เอาโซ่ออก',7,61,3,2,6,2,'แจ้ง จนท.รับทราบ ให้เช็คและทำงานให้เรียบร้อย ก่อนส่งผ้าซัก',2,'',NULL,NULL),(183,3,'','','','',2,16,2,'2015-02-11 00:00:00','2015-07-15 00:00:00','8.30 พบเครื่องมือแพทย์  1  อันในผ้าห่อ setพบผ้าปูไม่แกะปม',7,61,3,2,6,2,'แจ้ง จนท.รับทราบ ให้เช็คและทำงานให้เรียบร้อย ก่อนส่งผ้าซัก/ให้เช็คและเก็บอุปกรณ์ให้เรีบยร้อย มีการสลัดเซ็ตผ้าก่อนใส่ผ้าลงถังผ้า',2,'',NULL,NULL),(184,3,'','','','',6,16,6,'2015-02-12 00:00:00','2015-07-15 00:00:00','14.30 พบเครื่องมือแพทย์  1  อันในผ้าห่อ set ห้องฟัน',7,61,3,2,6,2,'แจ้งเจ้าที่ให้ทราบในการตรวจสอบเครื่องมือก่อนส่งซัก',1,'',NULL,NULL),(185,3,'','','','',8,16,8,'2015-02-12 00:00:00','2015-07-15 00:00:00','พบผ้าอ้อมผู้ใหญ่ 5 ชิ้น และเศษอาหารในถุงผ้า',7,61,3,4,6,2,'ให้จนท ปชส  แก่ผู้ป่วยและญาติทราบถึงการปฏิบัติตัวขณะอยู่รพ  แนะนำสถานที่ทุกรายที่ Admit',2,'','null',''),(186,3,'','','','',8,16,8,'2015-02-13 00:00:00','2015-07-15 00:00:00','พบผ้าอ้อมผู้ใหญ่  และเศษอาหารในถุงผ้า',7,61,3,4,6,2,' ให้จนท แจ้งผู้ป่วยและญาติทราบการปฏิบัติตัวขณะอยู่รพ  การแนะนำสถานที่',2,'','null',''),(187,3,'','','','',6,16,6,'2015-02-16 00:00:00','2015-07-15 00:00:00','14.30 พบเครื่องมือแพทย์  1  อันในผ้าห่อ set ห้องฟัน',7,61,3,2,6,2,'แจ้งเจ้าที่ให้ทราบในการตรวจสอบเครื่องมือก่อนส่งซัก\r\n',1,'',NULL,NULL),(188,3,'','','','',10,16,10,'2015-02-16 00:00:00','2015-07-15 00:00:00','ผ้าคลอดมีก้อนเลือดติดผ้า',7,61,3,2,5,2,'แจ้งพยาบาลให้เกลี่ยเลือดออกบางส่วน ก่อนส่งซัก',2,'',NULL,NULL),(189,3,'','','','',10,16,10,'2015-02-17 00:00:00','2015-07-15 00:00:00','มีผ้าเปื้อนอุจจาระในถุงแดง และไม่แก้ปม',7,61,3,2,6,2,'แจ้งคนงานชาย ให้แก้ปมผ้าก่อนส่งซักก่อนทุกครั้ง บางครั้งมีคลอดติดกัน 2 ราย ทำให้ส่งผ้าซักล่าช้า เนื่องจากคนงานต้องช่วยเข็นผู้ป่วยและทำความสะอาดห้องคลอด',2,'',NULL,NULL),(190,3,'','','','',8,16,8,'2015-02-18 00:00:00','2015-07-15 00:00:00','8.30 พบผ้าอ้อมผู้ใหญ่  เสื้อในถุงผ้า',7,61,3,2,6,2,'ให้จนท.ปชส  การปฏิบัติตัวขณะอยู่รพ  แนะนำสถานที่แก่ผู้ป่วยและญาติ',2,'','null',''),(191,3,'','','','',8,16,8,'2015-02-19 00:00:00','2015-07-15 00:00:00','มีผ้าเปื้อนอุจจาระในถุงแดง และไม่แก้ปม',7,61,3,2,6,2,'แจ้งจนท ให้ปชส แก่ผู้ป่วยและญาติขณะนอนรพ  แนะนำสถานที่  ตรวจสอบซ้ำก่อนส่งผ้าซัก',2,'','null',''),(192,3,'','','','',8,16,8,'2015-02-20 00:00:00','2015-07-15 00:00:00','มีผ้าเปื้อนอุจจาระในถุงแดง และไม่แก้ปม',7,61,3,2,6,2,'ให้จนท.ปชส ให้ผู้ป่วยและญาติทราบการปฏิบัติตัวขณะอยู่รพ  แนะนำสถานที่',2,'','null',''),(193,3,'','','','',2,16,2,'2015-02-23 00:00:00','2015-07-15 00:00:00','8.30 พบเครื่องมือแพทย์  1  อันในผ้าห่อ set',7,61,3,2,6,2,'แจ้ง จนท.ให้เช็ค/เก็บอุปกรณ์ให้เรีบยร้อย มีการสลัดเซ็ตผ้าก่อนใส่ผ้าลงถังผ้า',2,'',NULL,NULL),(195,1,'5411223','','','',11,3,11,'2015-04-29 00:00:00','2015-07-15 00:00:00','ค้น OPD card admit ผิด ทำให้ผู้ป่วยไม่ได้กินยาเรื้อรังขณะ Admit',2,16,4,2,6,2,'ทบทวนร่วมกันแจ้ง  จนท.admit  ตรวจสอบ',2,'',NULL,NULL),(197,1,'0024470','','','',11,12,11,'2015-04-29 00:00:00','2015-07-15 00:00:00','ผู้สูงอายุส่งสิทธิ์เป็น 30 บาท',2,17,3,4,8,2,'',2,'',NULL,NULL),(198,1,'0068735','','','',11,12,11,'2015-04-27 00:00:00','2015-07-15 00:00:00','สิทธิ์จ่ายตรง อปท.ส่งเป็นเบิกได้ อปท.',2,17,1,4,8,2,'1.ผู้ป่วยมาสมัครสิทธิ์ยังไม่ขึ้นแต่นัด  3 เดือน2. ผู้ป่วยไม่แสดงบัตร  3. ระบบตรวจสิทธิ์จากงานประกันไม่มีให้ไม่และไม่สอนการใช้  4. ควรปรับกระบวนการตวจสิทธิ์ใหม่  5.ากรไม่เพียงพอ\r\n บุคล',2,'',NULL,NULL),(199,1,'0003093','','','',11,12,11,'2015-04-27 00:00:00','2015-07-15 00:00:00','ผู้สูงอายุส่งสิทธิ์เป็น 30 บาท',2,17,3,NULL,NULL,1,'',2,'',NULL,NULL),(200,1,'0042693','','','',11,12,11,'2015-04-27 00:00:00','2015-07-15 00:00:00','ผู้สูงอายุส่งสิทธิ์เป็น 30 บาท',2,17,3,4,8,2,'',2,'',NULL,NULL),(201,1,'','','','',7,5,7,'2015-04-27 00:00:00','2015-07-15 00:00:00','OPD ส่ง OPD card ไป x-ray ผิดคน',2,16,3,2,7,2,'ทบทวน คือ ก่อนส่งเอกซเรย์  ให้อ่านชื่อผู้ป่วยทบทวนให้ถูกต้องก่อนไปเอกซเรย์',2,'',NULL,NULL),(202,1,'0014733','','','',7,7,4,'2015-04-23 00:00:00','2015-07-15 00:00:00','ส่งเก็บเสมหะ 3 วัน ผู้ป่วยเก็บมา 1 วัน',8,69,2,2,6,2,'เน้นให้เจ้าหน้าที่ OPD และห้องLab ให้ความรู้กับผู้ป่วยเรื่องการเก็บเสมหะให้ครบ 3 วัน  เน้นประโยชน์และความสำคัญ',1,'',NULL,NULL),(203,1,'','','','',23,23,14,'2015-04-21 00:00:00','2015-07-15 00:00:00','จุดเรื้อรัง ร้อนมาก',8,68,3,NULL,NULL,1,'',2,'',NULL,NULL),(204,1,'5600336','','','',11,7,11,'2015-04-21 00:00:00','2015-07-15 00:00:00','มาตรวจ 21/4/58 ใบนำส่งเป็น 10/4/58',2,16,3,NULL,NULL,1,'',2,'',NULL,NULL),(205,1,'','','','',7,7,7,'2015-04-21 00:00:00','2015-07-15 00:00:00','ผู้ป่วยมารับบริการแต่เช้า  เพื่อรอแจกบัตรคิว 6.00 เกิดปัญหาที่นั่งไม่พอ ทะเลาะแย่งคิว',8,68,3,4,8,2,'ได้ประชุมOPD สรุป ปรับเวลาแจกบัตรคิวเป็น05.00 น. แบ่งเป็นคิวตรวจโรคทั่วไป , คิวไปตรวจDM HT , คิวไปตรวจที่ PCU แจ้งประชาสัมพันธ์ให้ผู้มารับบริการทราบและเข้าใจ',2,'',NULL,NULL),(206,1,'0032980','','','',11,7,11,'2015-04-21 00:00:00','2015-07-15 00:00:00','จุดแจกคิวส่งผู้ป่วยไป ER แต่ผู้ป่วยมารอ OPD',8,68,3,NULL,NULL,1,'',2,'',NULL,NULL),(207,1,'0022486','','','',11,12,11,'2015-06-17 00:00:00','2015-07-15 00:00:00','pt 44 ปี ส่งตรวจเป็น สูงอายุ',2,17,3,NULL,NULL,2,'ทำความเข้าใจกับเจ้าที่และทำการอบรมเรื่องสิทธิ์การรักษาแก่เจ้าหน้าที่แล้ว',2,'',NULL,NULL),(208,1,'5405680','','','',2,3,2,'2015-04-17 00:00:00','2015-07-15 00:00:00','BP 163/101 ER ไม่วัด BP ซ้ำ ',1,1,3,2,5,2,'แจ้ง จนท.รับทราบให้มีการวัด BP ซ้ำ/ วัดแล้วให้ลงข้อมูลทุกครั้ง',1,'',NULL,NULL),(209,1,'0065251','','','',11,12,11,'2015-04-16 00:00:00','2015-07-15 00:00:00','pt สถานะและสิทธิ์ ส่งตรวจเป็น UC 30 บาท',2,17,3,NULL,NULL,1,'',2,'',NULL,NULL),(211,1,'0041250','','','',11,12,11,'2015-04-16 00:00:00','2015-07-15 00:00:00','pt UC เชียงคาน ส่งตรวจเป็น UC ต่างจังหวัด',2,17,3,NULL,NULL,1,'',2,'',NULL,NULL),(212,1,'5306064','','','',11,12,11,'2015-04-16 00:00:00','2015-07-15 00:00:00','ผู้สูงอายุส่งสิทธิ์เป็น 30 บาท',2,17,3,4,8,2,'',2,'',NULL,NULL),(213,1,'0009175','','','',8,12,8,'2015-04-16 00:00:00','2015-07-15 00:00:00','ผู้ป่วยสิทธิ์จ่ายตรง อปท.แนบให้จ่ายค่าห้องพิเศษ',8,69,3,2,6,2,'แจ้งให้ส่งตรวจสอบสิทธิ์ที่ห้องประกันซ้ำวัน D/C ก่อนส่งห้องยา',2,'','null',''),(216,1,'0016137','','','',2,12,1,'2015-04-14 00:00:00','2015-07-15 00:00:00','pt สิทธิ์ประกันสังคม ตรวจเสร็จ ไม่ออกใบรับรองแทย์ให้ผู้ป่วย ต้องกลับไปขอใหม่',8,69,3,3,6,2,'แจ้ง จนท. รับทราบ ให้เช็คและดูสิทธิของผู้ป่วย ทุกครั้ง ก่อนส่งไปห้องยา',2,'',NULL,NULL),(218,1,'','','','',10,3,10,'2015-04-14 00:00:00','2015-07-15 00:00:00','พบผ้าอ้อมตากไว้รั้วลวดหนาม',8,69,2,1,3,2,'เสนอทำราวตากผ้าอ้อมทารกไว้ที่หลังห้องรอคลอด กำลังดำเนินการซ่อมแซม คาดว่าจะแล้วเสร็จภายใน เดือน ตค. 2558',2,'',NULL,NULL),(220,1,'0002048','','','',11,12,11,'2015-04-13 00:00:00','2015-07-15 00:00:00','สิทธิ์ประกันสังคม รพ.เลย ส่งตรวจเป็น UC 30 บาท',2,17,3,4,8,2,'',2,'',NULL,NULL),(223,1,'5303971','','','',11,3,11,'2015-04-13 00:00:00','2015-07-15 00:00:00','Admit ค้น OPD card แนบไปผิดคน ทำให้ผู้ป่วยไม่ได้ยาเรื้อรังตอน D/C',2,16,4,NULL,NULL,1,'',2,'',NULL,NULL),(224,1,'5303971','','','',8,3,1,'2015-04-13 00:00:00','2015-07-15 00:00:00','ไม่ทำตาม  CPG- Order ยา TB ไม่ตรวจ  base line LFT ทำให้ประเมิน ADR จากยายาก ',1,1,3,2,8,2,'จัดทำ standing order TB ร่วมกับทีม RMและผู้รับผิดชอบงานTB',1,'แพทย์ เภสัช พยาบาลTB พยาบาลIC จนทlab','null',''),(225,1,'5406217','','','',8,3,1,'2015-04-13 00:00:00','2015-07-15 00:00:00','ไม่ทำตาม  CPG- Order ยา TB ไม่ตรวจ  base line LFT ทำให้ประเมิน ADR จากยายาก ',1,1,3,2,8,2,'จัดทำ standing order Tb ร่วมกับทีมRM และผู้รับผิดชอบงาน TB',1,'แพทย์ เภสัช พยาบาลTB พยาบาลIC จนทlab','null',''),(226,1,'5408234','','','',8,3,1,'2015-04-13 00:00:00','2015-07-15 00:00:00','ไม่ทำตาม  CPG- Order ยา TB ไม่ตรวจ  base line LFT ทำให้ประเมิน ADR จากยายาก ',1,1,3,2,8,2,'จัดทำstanding order TB ร่วมกับทีมRMและผู้รับผิดชอบงาน TB',1,'แพทย์ เภสัช พยาบาลTB พยาบาลIC จนทlab','null',''),(227,1,'0035837','','','',8,3,1,'2015-04-13 00:00:00','2015-07-15 00:00:00','ไม่ทำตาม  CPG- Order ยา TB ไม่ตรวจ  base line LFT ทำให้ประเมิน ADR จากยายาก ',1,1,3,2,7,2,'จัดทำแนวทาง standing order TB ร่วมกันในทีม RM / ผู้รับผิดชอบงาน TB',1,'แพทย์ เภสัช พยาบาล TB จนทlab พยาบาลIC','null',''),(230,1,'5306209','','','',11,12,11,'2015-04-13 00:00:00','2015-07-15 00:00:00','สิทธิ์ประกันสังคม รพ.เลย ส่งตรวจเป็น UC 30 บาท',2,17,3,4,8,2,'อยากให้งานประกันตรวจสิทธิ์สุดท้ายที่เดียวก่อน  รับยา  และจ่ายเงิน เพื่อลดความผิดพลาด',2,'',NULL,NULL),(235,1,'0068574','','','',11,3,11,'2015-04-09 00:00:00','2015-07-15 00:00:00','ผู้ป่วย ARV c TB meningitis ส่งตรวจแบบ paperless ทำให้ไม่เห็นประวัติการรักษาต่อเนื่อง',2,18,3,4,5,2,'ในกรณีที่ ผู้ป่วยเป็นโรคเรื้อรัง ARV จะไม่มีประวัติการรักษา ใน OPD CARD จะดูประวัติการรักษาได้ที่ คลินิกพิเศษ และในกรณีที่ ผู้ป่วยโรคเรื้อรัง มารักษาด้วยอาการอื่น ไม่ได้มารับยาโรคเรื้อรังนั้นๆ ที่คนไข้เป็น จะไม่มีการค้นแฟ้ม เจ้าหน้าที่จะสามารถดูประวัติการรักษาได้ที่ OPD  SCAN (เฉพาะกรณีโรคเรื้อรังที่ไม่เป็นความลับเท่านั้น)',2,'',NULL,NULL),(236,3,'','','','',8,3,8,'2015-04-08 00:00:00','2015-07-15 00:00:00',' ไม่มี ALcohol ล้างมือที่ห้องแยก',7,61,3,2,6,2,'ให้เบิก  ALcohol ล้างมือกับงาน IC',2,'','null',''),(241,1,'0021215','','','',8,3,8,'2015-04-03 00:00:00','2015-07-15 00:00:00','pt D/C เอายาเดิมมา แต่ไม่เอายาเดิมคืนให้ผู้ป่วย',8,69,3,2,6,2,'ให้ทำป้ายสัญลักษณ์ \" ยาเดิม \"ติดไว้ที่ chart และล็อกยาผู้ป่วย  ตรวจสอบซ้ำก่อนจำหน่ายผู้ป่วยกลับบ้าน',1,'','null',''),(244,1,'0003403','','','',11,12,11,'2015-05-29 00:00:00','2015-07-15 00:00:00','สิทธิ์สูงอายุส่งเป็น UC 30 บาท',2,17,3,NULL,NULL,1,'',2,'',NULL,NULL),(245,1,'0037554','','','',11,12,11,'2015-05-29 00:00:00','2015-07-15 00:00:00','สิทธิ์ประกันสังคมส่งเป็น UC 30 บาท',2,17,3,NULL,NULL,1,'',2,'',NULL,NULL),(246,1,'0017988','','','',11,12,11,'2015-05-27 00:00:00','2015-07-15 00:00:00','สิทธิ์ประกันสังคมส่งเป็น UC 30 บาท',2,17,3,NULL,NULL,1,'',2,'',NULL,NULL),(247,1,'0026737','','','',11,12,11,'2015-05-28 00:00:00','2015-07-15 00:00:00','สิทธิ์สูงอายุส่งเป็น UC 30 บาท',2,17,3,NULL,NULL,1,'',2,'',NULL,NULL),(248,1,'5409264','','','',11,12,11,'2015-05-27 00:00:00','2015-07-15 00:00:00','UC ตจว ส่งเป็น UC ในเขต',2,17,3,NULL,NULL,1,'',2,'',NULL,NULL),(251,1,'0032147','','','',8,11,8,'2015-05-28 00:00:00','2015-07-15 00:00:00','IPD ออกใบนัดผิดคน pt จึงนำบัดนัดที่ผิดมายื่นตรวจ',8,69,3,2,6,2,'แจ้งจนท. ให้ตรวจสอบความถูกต้องของใบนัดก่อนส่งมอบให้ผู้ป่วย',2,'','null',''),(252,1,'0027417','','','',11,12,11,'2015-05-26 00:00:00','2015-07-15 00:00:00','สิทธิ์ ปกส.แต่ส่งตรวจเป็น ปกส.นอกเขต 72 ชั่วโมง',2,17,3,NULL,NULL,1,'',2,'',NULL,NULL),(253,1,'5800738','','','',11,12,11,'2015-05-26 00:00:00','2015-07-15 00:00:00','UC เชียงคาน ส่งตรวจเป็น UC นอกเขต',2,17,3,NULL,NULL,1,'',2,'',NULL,NULL),(254,1,'0016496','','','',11,12,11,'2015-05-27 00:00:00','2015-07-15 00:00:00','สิทธิ์สูงอายุส่งเป็น UC 30 บาท',2,17,3,NULL,NULL,1,'',2,'',NULL,NULL),(255,1,'','','','',11,12,11,'2015-05-27 00:00:00','2015-07-15 00:00:00','ลงเลขที่บัตรประชาชนผิด',2,18,3,NULL,NULL,1,'',2,'',NULL,NULL),(256,1,'5410075','','','',11,12,11,'2015-05-26 00:00:00','2015-07-15 00:00:00','UC ตจว ส่งเป็น UC ในเขต',2,17,3,4,8,2,'',2,'',NULL,NULL),(257,1,'5700788','','','',11,12,11,'2015-05-25 00:00:00','2015-07-15 00:00:00','UC เชียงคาน ส่งตรวจเป็น ปกส.นอกเขต',2,17,3,4,6,2,'แจ้งผู้เกี่ยวข้องส่งตรวจแล้วให้ส่งตรวจให้ถูกต้อง',2,'',NULL,NULL),(258,1,'5701496','','','',11,12,11,'2015-05-25 00:00:00','2015-07-15 00:00:00','สิทธิ์เบิกได้รัฐวิสาหกิจ ส่งตรวจเป็น เบิกได้ราชการ',2,17,3,NULL,NULL,1,'',2,'',NULL,NULL),(259,1,'0034238','','','',11,12,11,'2015-05-25 00:00:00','2015-07-15 00:00:00','สิทธิ์จ่ายตรง ส่งเป็นสิทธิ์ชำระเงิน',2,17,3,NULL,NULL,1,'',2,'',NULL,NULL),(260,1,'5802083','','','',11,12,11,'2015-05-25 00:00:00','2015-07-15 00:00:00','pt ชื่อ จันทรา เกิดนาน้อย พิมพ์เป็น จันทรา เกิดมาน้อย ',2,18,3,NULL,NULL,1,'',2,'',NULL,NULL),(261,1,'0009658','','','',2,12,2,'2015-05-15 00:00:00','2015-07-15 00:00:00','pt เบิกได้รัฐวิสาหกิจ key ค่าล้างตา 2 ครั้ง ค่าฉีดยา 2 ครั้ง (มียาฉีด 1 ตัว)',2,18,3,NULL,NULL,2,'แจ้ง จนท.ให้มีการเช็คข้อมูลก่อนส่งผู้ป่วยไปชำระเงิน',2,'',NULL,NULL),(262,1,'0009658','','','',11,12,11,'2015-05-15 00:00:00','2015-07-15 00:00:00','สิทธิ์เบิกได้รัฐวิสาหกิจ ส่งตรวจเป็น  UC',2,17,3,NULL,NULL,1,'',2,'',NULL,NULL),(264,1,'0069823','','','',11,3,11,'2015-05-15 00:00:00','2015-07-15 00:00:00','pt HT มาตรวจตรามนัด ส่งตรวจแบบ paperless',2,18,3,NULL,NULL,1,'',2,'',NULL,NULL),(265,1,'0035809','','','',11,12,11,'2015-05-14 00:00:00','2015-07-15 00:00:00','สิทธิ์ ปกส.แต่ส่งตรวจเป็น ชำระเงิน',2,17,3,NULL,NULL,1,'',2,'',NULL,NULL),(266,1,'5300209','','','',11,12,11,'2015-05-14 00:00:00','2015-07-15 00:00:00','สิทธิ์ พระในเขต ส่งตรวจเป็น  UC',2,17,3,NULL,NULL,1,'',2,'',NULL,NULL),(267,1,'5500108','','','',11,12,11,'2015-05-14 00:00:00','2015-07-15 00:00:00','UC เชียงคาน ส่งตรวจเป็น UC นอกเขต',2,17,3,NULL,NULL,1,'',2,'',NULL,NULL),(268,1,'5801257','','','',6,3,6,'2015-05-14 00:00:00','2015-07-15 00:00:00','pt ตรวจจากห้องฟัน ใบตรวจไม่มี order amoxy เช็คในคอม พบ order Amoxy5001*3/20',2,18,3,4,6,2,'สั่ง order ยาทุกครั้งก่อนให้่ผู้ป่วยไปรับยา',1,'',NULL,NULL),(269,1,'0042882','','','',11,12,11,'2015-04-14 00:00:00','2015-07-15 00:00:00','สิทธิ์สูงอายุส่งเป็น UC 30 บาท',2,17,3,NULL,NULL,1,'',2,'',NULL,NULL),(270,1,'5801956','','','',11,12,11,'2015-05-14 00:00:00','2015-07-15 00:00:00','สิทธิ์ต่างด้าวไม่ขึ้นทะเบียนส่งเป็นสิทธืชำระเงิน',2,17,3,NULL,NULL,1,'',2,'',NULL,NULL),(271,1,'0056753','','','',11,12,11,'2015-05-14 00:00:00','2015-07-15 00:00:00','pt ชื่อ จริญา พิมพ์เป็น จริยา',2,18,3,NULL,NULL,1,'',2,'',NULL,NULL),(272,1,'0048063','','','',11,12,11,'2015-05-14 00:00:00','2015-07-15 00:00:00','สิทธิ์เบิกได้รัฐวิสาหกิจ ส่งตรวจเป็น เบิกได้ราชการ',2,17,3,NULL,NULL,1,'',2,'',NULL,NULL),(273,1,'5602822','','','',11,12,11,'2015-05-14 00:00:00','2015-07-15 00:00:00','UC เชียงคาน ส่งตรวจเป็น UC นอกเขต',2,17,3,NULL,NULL,1,'',2,'',NULL,NULL),(274,1,'0039143','','','',7,11,7,'2015-05-12 00:00:00','2015-07-15 00:00:00','ใบบันทึกการตรวจขาด ทำให้ห้องบัตร scan ไม่ได้',2,18,1,2,6,2,'พิมพ์ OPD Card  ถ้าขาด หรือพับ /ชำรุด ต้องพิมพ์ใหม่ , แจ้งในการประชุมรวม',2,'',NULL,NULL),(275,1,'0063359','','','',11,12,11,'2015-05-11 00:00:00','2015-07-15 00:00:00','สิทธิ์ อสม.ส่งตรวจเป็น  UC',2,17,3,NULL,NULL,1,'',2,'',NULL,NULL),(276,1,'0016852','','','',11,12,11,'2015-05-11 00:00:00','2015-07-15 00:00:00','pt ขอใบรับรองแพทย์ทำใบขับขี่ ส่งตรวจเป็น UC',2,17,3,NULL,NULL,1,'',2,'',NULL,NULL),(277,1,'5410047','','','',11,12,11,'2015-05-11 00:00:00','2015-07-15 00:00:00','สิทธิ์สูงอายุส่งเป็น UC 30 บาท',2,17,3,NULL,NULL,1,'',2,'',NULL,NULL),(278,1,'5408643','','','',11,12,11,'2015-05-11 00:00:00','2015-07-15 00:00:00','สิทธิ์สูงอายุส่งเป็น UC 30 บาท',2,17,3,NULL,NULL,1,'',2,'',NULL,NULL),(279,1,'0040504','','','',7,3,7,'2015-05-08 00:00:00','2015-07-15 00:00:00','pt on Warfarin  ตรวจแบบ Paperless ?ทำให้ข้อมูลใน OPD card หายไป',2,18,3,2,9,2,'ทบทวน จนท.ห้องบัตร ให้ค้นแฟ้ม ถ้าเป็นโรคเรื้องรัง เบาหวาน HT วาร์ฟาริน  CKD',2,'',NULL,NULL),(280,1,'0030400','','','',8,3,8,'2015-05-08 00:00:00','2015-07-15 00:00:00','pt มีนัดเดิม? OPD 9 กค.58 admit ก่อนนัด IPD ออกใบนัดใหม่? f/u 8 กค58',8,69,3,2,6,2,'ถ้าวันนัดใกล้เคียงกันให้เลื่อนนัดให้เป็นวันเดียวกัน  โดยยกเลิกวันนัดใดนัดหนึ่งและให้เลือกวันที่จำเป็นที่สุด/มี Lab ',2,'','null',''),(281,1,'0014222','','','',23,3,23,'2015-05-08 00:00:00','2015-07-15 00:00:00','นัด 70 วัน สั่งยา  60 วัน',8,69,3,NULL,NULL,1,'',2,'',NULL,NULL),(283,1,'5300340','','','',11,12,11,'2015-05-06 00:00:00','2015-07-15 00:00:00','สิทธิ์สูงอายุส่งเป็น UC 30 บาท',2,17,3,NULL,NULL,1,'',2,'',NULL,NULL),(284,1,'0032098','','','',11,12,11,'2015-05-06 00:00:00','2015-07-15 00:00:00','pt ต้องการตรวจเลือด แต่ส่งสิทธิ์ UC จึงไม่ได้เก็บเงิน',2,17,3,NULL,NULL,1,'',2,'',NULL,NULL),(285,1,'0013738','','','',8,12,8,'2015-05-04 00:00:00','2015-07-15 00:00:00','ผู้พิการนอนห้องพิเศษ ไม่แนบชำระค่าห้องพิเศษ จึงไม่ได้เก็บเงิน',8,69,3,2,6,2,'ให้ทำสัญลักษณ์ไว้ที่หน้า chart และกล่องยาผู้ป่วย  เพื่อเตือนความจำ และตรวจสอบซ้ำก่อนส่งมอบ',2,'','null',''),(286,1,'0042653','','','',11,12,11,'2015-05-06 00:00:00','2015-07-15 00:00:00','สิทธิ์สูงอายุส่งเป็น UC 30 บาท',2,17,3,NULL,NULL,1,'',2,'',NULL,NULL),(287,1,'0019784','','','',2,3,2,'2015-05-01 00:00:00','2015-07-15 00:00:00','pt ฉีด para มาแล้วจาก ER แต่ไม่มีการลงสัญลักษณ์ว่าฉีดแล้ว',2,18,3,2,5,2,'แจ้ง จนท.รับทราบ เน้นการลงสัญลักษณ์ว่าฉีดที่ ER แล้ว ก่อนส่งไปห้องยา',1,'',NULL,NULL),(288,1,'0015873','','','',23,7,23,'2015-05-11 00:00:00','2015-07-15 00:00:00','ใบนัด HT แต่ pt มาตรวจ gout',8,69,3,NULL,NULL,1,'',2,'',NULL,NULL),(289,1,'','','','',11,12,11,'2015-06-29 00:00:00','2015-07-16 00:00:00','สูงอายุส่งสิทธิ์ต่างด้าวไม่ขึ้นทะเบียน',2,17,3,NULL,NULL,1,'',2,'',NULL,NULL),(290,1,'0036321','','','',8,7,8,'2015-06-29 00:00:00','2015-07-16 00:00:00','แพทย์นัด F/U CBC+LFT 1 wk IPD นัด 1 เดือน',8,69,3,2,6,2,'แจ้งจนท.ให้ตรวจสอบความถูกต้องของใบนัดก่อนส่งมอบให้กับผู้ป่วย  หากอ่านตัวหนังสือแพทย์ไม่ออกให้สอบถามจากแพทย์ท่านนั้นโดยตรง',2,'','null',''),(291,1,'5600924','','','',11,12,11,'2015-06-25 00:00:00','2015-07-16 00:00:00','ผู้ป่วยสูงอายุส่งสิทธิ์ UC',2,17,3,NULL,NULL,1,'',2,'',NULL,NULL),(292,1,'5408411','','','',11,12,11,'2015-06-24 00:00:00','2015-07-16 00:00:00','ผู้ป่วยเบิกได้รัฐวิสาหกิจ ส่งตรวจเป็น เบิกได้ราชการ',2,17,3,NULL,NULL,1,'',2,'',NULL,NULL),(293,1,'5411050','','','',11,12,11,'2015-06-24 00:00:00','2015-07-16 00:00:00','ผู้ป่วยเบิกได้รัฐวิสาหกิจ ส่งตรวจเป็น เบิกได้ราชการ',2,17,3,NULL,NULL,1,'',2,'',NULL,NULL),(294,1,'5802466','','','',11,12,11,'2015-06-24 00:00:00','2015-07-16 00:00:00','pt  UC ต่างอำเภอส่งเป็น UC เชียงคาน',2,17,3,NULL,NULL,1,'',2,'',NULL,NULL),(295,1,'5504244','','','',11,12,11,'2015-06-24 00:00:00','2015-07-16 00:00:00','ปสก.รพ.เลย ส่งเป็น ปกส.เพชรบูรณ์',2,17,3,4,8,2,'',2,'',NULL,NULL),(296,1,'5802297','','','',2,3,2,'2015-06-11 00:00:00','2015-07-16 00:00:00','pt ฉีด cpm แล้วแต่ไม่เขียนคืน ? er ใน OPD card',2,18,3,2,5,2,'แจ้ง จนท.รับทราบ ให้มีการเข็คและลงว่าฉีด ER ทุกครั้ง',1,'',NULL,NULL),(297,1,'0054202','','','',7,7,7,'2015-06-11 00:00:00','2015-07-16 00:00:00','พยาบาลส่ง lab ผิด หมอสั่ง T4   key Lab T3',1,3,2,2,6,2,'ประชุมชี้แจงให้เจ้าหน้าที่จุดซักประวัติให้เพิ่มความถูกต้องชัดเจนให้มากขึ้นและถือปฎิบัติตามแนวทางแล้ว เมื่อ 8 กย 2558',1,'',NULL,NULL),(298,1,'','','','',11,12,11,'2015-06-10 00:00:00','2015-07-16 00:00:00','pt ฟังผลเลือดธกส.ส่งสิทธิ์เป็น UC 30 บาท',2,17,3,NULL,NULL,1,'',2,'',NULL,NULL),(299,1,'0028762','','','',23,3,23,'2015-06-09 00:00:00','2015-07-16 00:00:00','สั่งยา 150 วัน นัด? 159 วัน',8,69,3,NULL,NULL,1,'',2,'',NULL,NULL),(300,1,'5601899','','','',11,12,11,'2015-06-09 00:00:00','2015-07-16 00:00:00','pt ทหารเกณฑ์ ส่งสิทธิ์เป็น? UC 30 บาท',2,17,3,NULL,NULL,1,'',2,'',NULL,NULL),(301,1,'0044416','','','',3,3,3,'2015-06-09 00:00:00','2015-07-16 00:00:00','cef-3 1 dose pt ถือไปฉีด รพ.สต',8,69,3,NULL,NULL,2,'อาจมีการหยิบยาฉีดใส่ถุงยา ผู้ป่วยจึงถือไปฉีดที่ รพ.สต. กำหนดให้หนีบซองยาฉีดไว้หน้า OPD card เลยเพื่อป้องกันความคลาดเคลื่อน',2,'','null',''),(302,1,'5504886','','','',8,11,15,'2015-06-09 00:00:00','2015-07-16 00:00:00','ณะ admin  HN  5801892   admit วันที่ 8 /05/2558  แต่เมื่อพิมพ์ใบ Summary  HN  เปลี่ยนเป็น 5504886',8,69,3,5,10,2,'แจ้งห้องบัตรทราบเพื่อประสานadmin มาแก้ไขแล้ว',2,'','null',''),(303,1,'0000290','','','',11,12,11,'2015-06-09 00:00:00','2015-07-16 00:00:00','ผู้ป่วยสูงอายุส่งสิทธิ์ UC 30 บาท',2,17,3,NULL,NULL,1,'',2,'',NULL,NULL),(304,1,'0028611','','','',2,3,2,'2015-06-09 00:00:00','2015-07-16 00:00:00','pt มาตรวจนอกเวลา ได้ยาไม่ครบ ออกใบนัดมารับยาแต่ไม่ระบุว่ายาอะไร',8,69,3,2,5,2,'แจ้ง จนท.ให้รับทราบ ให้ลงข้อมูลการนัดให้ครบ ทุกครั้ง ก่อนให้ใบนัดผู้ป่วย',1,'',NULL,NULL),(305,1,'0006346','','','',11,12,11,'2015-06-08 00:00:00','2015-07-16 00:00:00','ผู้ป่วยสูงอายุส่งสิทธิ์ UC 30 บาท',2,17,3,NULL,NULL,1,'',2,'',NULL,NULL),(306,1,'0042246','','','',11,12,11,'2015-06-08 00:00:00','2015-07-16 00:00:00','ผู้ป่วยเบิกได้ส่งสิทธิ์ UC 30 บาท',2,17,3,2,NULL,2,'ทำความเข้าใจกับเจ้าที่และทำการอบรมเรื่องสิทธิ์การรักษาแก่เจ้าหน้าที่แล้ว',2,'',NULL,NULL),(307,1,'0007068','','','',2,7,2,'2015-07-13 00:00:00','2015-07-16 00:00:00','มาตรวจตี 2 แล้วพยาบาลนัดมาตรวจ CBC UA ตอนเช้า พอตอนเช้า ส่ง visit ใหม่ แพทย์สั่ง BUN Cr E]lyte ผลตรวจไม่มี UA เพราะ พยาบาลไม่ได้สั่ง UA ในเครื่อง',1,3,3,NULL,NULL,2,'แจ้ง จนท. รับทราบ ให้เช็คใบนัด / ลง Labล่วงหน้าให้เรียบร้อย ก่อนให้ผ็ุป่วย',1,'',NULL,NULL),(315,3,'','','','',13,20,13,'2015-07-15 00:00:00','2015-07-16 00:00:00','ความไม่พร้อมใช้ของรถราชการ เพื่อนำเจ้าหน้าที่เดินทางไปประชุม  (มีการนัดเวลา 8.30 น.เพื่อใช้รถราชการเดินทางไปประชุม  เเต่เมื่อถึงเวลานัดหมาย พนักงานขับรถไม่มีการเตรียมความพร้อมเพื่อไปประชุม ต้องนำรถไปเติมน้ำมันก่อน ทำให้เกิดความล่าช้าในการเดินทาง)',8,68,3,2,6,1,'',2,'',NULL,NULL),(316,3,'','','','',26,9,36,'2015-07-15 00:00:00','2015-07-17 00:00:00','มีการประสานการส่งต่อ(หญิงตั้งครรภ์ ที่มีภาวะ Severe Pre-eclampsia) จากงานเวชฯ ไป ห้องฉุกเฉิน เพื่อขอรถคนงาน+รถเข็น(นั่ง) โดยทางโทรศัพท์ (เนื่องจากไม่มีโทรศัพท์ภายใน ทราบเฉพาะเบอร์ห้องฉุกเฉิน) \r\n   1. การประสานงานกับจนท.ถูกแบ่งรับ-แบ่งปฏิเสธ ว่า ทำไมต้องโทรมาที่ ER ? แต่ก็ตามคนงานพร้อมรถเข็นไปรับที่ตึกงานเวชฯให้   \r\n   2.ทางเชื่อมระหว่างตึกไม่มี (หญิงตั้งครรภ์ น้ำหนัก 140+ กก. นั่งรถเข็นที่สภาพ...) เส้นทางขรุขระ ไม่สะดวก\r\n   3.ประสานกับจนท.ส่วนตัว พึ่งทราบว่า คนงานที่ห้องฉุกเฉินไม่ได้ออกรับผู้ป่วย  จะเป็นคนงาน ศูนย์เปลที่รับผิดชอบโดย จุดคัดกรอง (แต่เนื่องจากไม่มีโทรศัพท์ติดต่อภายใน)\r\n   4.',7,66,1,8,11,2,'จากการทบทวนร่วมกันในวันที่ 20 กย 58 ได้ข้อสรุปว่า หญิงตั้งครรภ์ที่มา ANC ถ้า BP > 160/110 mmHg และมีอาการบวม  ปวดศีรษะ  ตามัว  จุกแน่นใต้ลิ้นปี่  เข้าได้กับอาการ Severe Pre-eclampsia ให้แจ้ง ER รับผู้ป่วยโดยมีพยาบาลงาน ANC นำส่ง  ฝ่ายบริหารได้ทำทางเดินเชื่อมระหว่างตึก OPD ไปยังกลุ่มงานเวชให้แล้ว  เพื่อสะดวกในการติดต่อและประสานงาน',2,'','null',''),(317,3,'','','','',17,2,17,'2015-07-17 00:00:00','2015-07-17 00:00:00','ซองเข็ม rourd 15 อัน  ด้านในซอง เป็นเข็ม cutting ',5,52,2,5,11,1,'',1,'',NULL,NULL),(318,1,'0034393','นาง','จรัญ','ศรีคำ',7,11,11,'2015-07-17 00:00:00','2015-07-17 00:00:00','งานผู้ป่วยนอก นัดผิดคลินิก  ผู้ป่วยมีนัดดูอาการ แต่งานผู้ป่วยนอกนัดผู้ป่วยไปคลินิกทันตกรรม',1,75,1,2,6,2,'ทบทวนการนัดหมาย ให้ตรวจสอบคลินิกให้ถูกต้อง ทั้ง 3 ช่อง ในโปรแกรมนัด  ก่อนพิมพ์ใบนัด และอ่านทบทวน ก่อนแจ้งผู้รับนัด',2,'',NULL,NULL),(319,1,'0050537','นาง','คำเหนียว','ประทุมศรี',2,11,11,'2015-07-17 00:00:00','2015-07-17 00:00:00','ห้องฉุกเฉินนัดผิดคลินิก ผู้ป่วยมีนัดดูแผล แต่นัดผู้ป่วยไปงานผู้ป่วยนอก',1,75,1,NULL,NULL,2,'แจ้ง จนท.รับทราบมีการเช็คใบนัดทุกครั้งก่อนให้ผู้ป่วย',1,'',NULL,NULL),(320,1,'0063209','นาง','นาท','กันละเรศ',2,11,11,'2015-07-17 00:00:00','2015-07-17 00:00:00','นัดผิดคลินิก  ผู้ป่วยมีนัดดูแผล+ล้างแผล แต่นัดผู้ป่วยไปงานผู้ป่วยนอก',1,75,1,NULL,NULL,2,'แจ้ง จนท.รับทราบมีการเช็คใบนัดทุกครั้งก่อนให้ผู้ป่วย',1,'',NULL,NULL),(321,5,'5802185','นาย','สุเมธ','ปัญญา',8,11,11,'2015-06-01 00:00:00','2015-07-17 00:00:00','ส่งแผ่นบันทึกอาการทางระบบประสาท หลังจากส่ง chart ให้งานเวชระเบียนแล้ว ทำให้ไม่มีใบนี้ใน chart ทำให้ chart ไม่สมบูรณ์',2,18,1,2,6,2,'แจ้งจนท.ให้ตรวจสอบความครบถ้วนของเอกสารก่อนส่งมอบให้งานเวชระเบียน',2,'','null',''),(322,5,'0041775','นาย','สวัสดิ์','สะตะ',8,11,11,'2015-01-14 00:00:00','2015-07-17 00:00:00','ส่งใบบันทึกการจ่ายยา หลังจากส่ง chart ให้งานเวชระเบียนแล้ว ทำให้ไม่มีใบนี้ใน chart ทำให้ chart ไม่สมบูรณ์',2,18,1,2,6,2,'แจ้งจนท.แล้ว  ให้ตรวจสอบความครบถ้วนของเอกสารก่อนส่งมอบให้งานเวชระเบียน',2,'','null',''),(323,5,'0054758','น.ส.','รัตนาภร','ดิกันดก',8,11,11,'2015-05-16 00:00:00','2015-07-17 00:00:00','ส่งใบบันทึกการจ่ายยา หลังจากส่ง chart ให้งานเวชระเบียนแล้ว ทำให้ไม่มีใบนี้ใน chart ทำให้ chart ไม่สมบูรณ์',2,18,1,2,6,2,'แจ้งจนท.ให้ตรวจสอบความครบถ้วนของเอกสารก่อนส่งมอบให้งานเวชระเบียน',2,'','null',''),(324,5,'0003371','นาง','อนงค์','ซ้อนเติม',8,11,11,'2014-09-08 00:00:00','2015-07-17 00:00:00','ส่งใบบันทึกการจ่ายยา หลังจากส่ง chart ให้งานเวชระเบียนแล้ว ทำให้ไม่มีใบนี้ใน chart ทำให้ chart ไม่สมบูรณ์',2,18,1,2,6,2,'แจ้งจนท.ให้ตรวจสอบความครบถ้วนของเอกสาร  ก่อนส่งมอบให้เวชระเบียน',2,'','null',''),(325,5,'0047630','นาย','ทองชุม','อาจหาญ',8,11,11,'2015-01-14 00:00:00','2015-07-17 00:00:00','ส่งใบบันทึกการจ่ายยา หลังจากส่ง chart ให้งานเวชระเบียนแล้ว ทำให้ไม่มีใบนี้ใน chart ทำให้ chart ไม่สมบูรณ์',2,18,1,2,6,2,'แจ้งจนท.ให้ตรวจสอบความครบถ้วนของเวชระเบียนก่อนส่งมอบทุกครั้งตามเกณฑ์',2,'','null',''),(326,5,'0002733','นาย','แฝก','ลามา',8,11,11,'2015-01-18 00:00:00','2015-07-17 00:00:00','ส่งใบบันทึกการจ่ายยา หลังจากส่ง chart ให้งานเวชระเบียนแล้ว ทำให้ไม่มีใบนี้ใน chart ทำให้ chart ไม่สมบูรณ์',2,18,1,2,6,2,'แจ้งจนท.ให้ตรวจสอบเอกสารให้ครบถ้วน  ก่อนส่งให้งานเวชระเบียนเพื่อความสมบูรณ์',2,'','null',''),(327,5,'','','','',7,15,15,'2015-04-01 00:00:00','2015-07-17 00:00:00','มีการนำแก้วน้ำที่มีน้ำ วางไว้บนเคสคอมพิวเตอร์ อาจส่งผมต่อระบบเครือข่ายใช้งานคอมพิวเตอร์ไม่ได้',8,69,1,2,1,2,'ห้ามจนท.แผนกผู้ป่วยนอก ไม่ให้วางแก้วน้ำบนคอมพิวเตอร์',2,'',NULL,NULL),(328,5,'','','','',4,4,4,'2015-07-16 00:00:00','2015-07-19 00:00:00','Server คอมพิวเตอร์ระบบ LIS ขัดข้อง ทำให้ไม่สามารถ Link ข้อมูลไปยังระบบ Hos xp ได้ทำให้ต้องรายงานผลผ่านระบบ Hos xp การรายงานผลล่าช้ากว่าปกติและมีความเสี่ยงต่อความผิดพลาด',5,53,1,5,10,2,'เมื่อพบปัญหาได้แจ้ง Admin ที่ดูแลระบบ LIS ให้แก้ปัญหา และรับคนไข้ และรายงานผลผ่านระบบ Hos xp ในช่วงที่กำลังดำเนินการแก้ไขระบบ ',2,'',NULL,NULL),(329,3,'2746','นาง','ฝั้น','มาลา',8,4,8,'2015-06-16 00:00:00','2015-07-19 00:00:00','เจ้าหน้าที่เจาะเลือดส่งตรวจงานเคมีคลินิก และCBC ใช้หลอดสีแดง และหลอดสีม่วง แต่ปิดฝาหลอดบรรจุตัวอย่างสลับ ทำให้มีการปนเปื้อนของสารกันเลือดแข็งไม่สามารถตรวจวัดได้ ต้องเจาะเลือดซ้ำ\r\n',8,69,2,2,2,2,'แจ้งให้หน่วยงานที่เกี่ยวข้องทราบ และติดตามความเสี่ยงไม่ให้เกิดซ้ำ',1,'','null',''),(333,1,'14733','นาง','ทะเบียน','นาทุม',4,7,4,'2015-07-07 00:00:00','2015-07-21 00:00:00','ผู้ป่วยมาตรวจด้วยอาการเหนื่อย  แพทย์ให้เจาะเลือด FBS + TSH  FT3 FT4  และนัดฟังผลอีก 14 วัน ต่อมา มาฟังผล ไม่มีผลThyroid  จึงได้ตรวจซ้ำใหม่',1,3,4,4,5,2,'แจ้งให้หน่วยงานที่เกี่ยวข้องทราบในกรณีสั่งตรวจเพิ่ม',1,'','null',''),(335,1,'0014133','นาง','สุนินทร์','ไชยคีนี',8,11,11,'2015-07-22 00:00:00','2015-07-22 00:00:00','งานผู้ป่วยในต้องการนัดผู้ป่วยไปคลินิกงานผู้ป่วยนอก แต่งานผู้ป่วยใน นัดผู้ป่วยผิดคลินิกไป งานผู้ป่วยใน 1  ',1,75,1,2,6,2,'แจ้งจนท.แล้วให้ตรวจสอบความถูกต้องก่อนบันทึกข้อมูลและปริ้นเอกสารใบนัดให้ผู้ป่วย',2,'','null',''),(336,1,'5505795','','','',11,12,11,'2015-07-22 00:00:00','2015-07-22 00:00:00','ผู้ป่วยสิทธิ ตจว. แต่สิทธิจริงผู้ป่วย คือ สิทธิผู้มีรายได้น้อย รพ.เชียงคาน',2,17,3,8,8,2,'เป็นผู้ป่วยที่นัดล่วงหน้าทำให้สิทธิ์เปลี่ยน      ให้ทบทวนร่วมงานประกันตรวจสิทธิ์ล่วงหน้าทุกรายก่อนผู้ป่วยมาตรวจ',2,'',NULL,NULL),(337,1,'5802882','','','',2,12,2,'2015-07-21 00:00:00','2015-07-22 00:00:00','ผู้ป่วยมีสิทธิ คนต่างด้าวไม่ขึ้นทะเบียน ต้องชำระเงิน 110 บาท แต่มีการเก็บเงินมา 30 บาท',8,69,4,NULL,NULL,2,'แจ้ง จนท. รับทราบ ให้มีการเก็บเง็นตามสิทธิที่ขึ้นตาม HosxP',2,'',NULL,NULL),(338,1,'5802881','','','',2,12,2,'2015-07-21 00:00:00','2015-07-22 00:00:00','ผู้ป่วยมีสิทธิ คนต่างด้าวไม่ขึ้นทะเบียน ต้องชำระเงิน 94 บาท แต่มีการเก็บเงินมา 30 บาท',8,69,4,NULL,NULL,2,'แจ้ง จนท. รับทราบ ให้มีการเก็บเง็นตามสิทธิที่ขึ้นตาม HosxP',2,'',NULL,NULL),(339,1,'5802883','','','',2,12,2,'2015-07-21 00:00:00','2015-07-22 00:00:00','ผู้ป่วยมีสิทธิ คนต่างด้าวไม่ขึ้นทะเบียน ต้องชำระเงิน 110 บาท แต่มีการเก็บเงินมา 30 บาท',8,69,4,NULL,NULL,2,'แจ้ง จนท. รับทราบ ให้มีการเก็บเง็นตามสิทธิที่ขึ้นตาม HosxP',2,'',NULL,NULL),(340,1,'5802888','','','',6,12,6,'2015-07-22 00:00:00','2015-07-24 00:00:00','ผู้ป่วยมีสิทธิบัตรทองต่างอำเภอ กรณีมาทำฟันต้องชำระเงินเองทั้งหมด แต่ห้องฟันไม่ส่งผู้ป่วยมาชำระเงิน',8,69,4,2,6,2,'กรณีของเด็กในโครงการ เช่น เด็กประถมจะไม่ต้องชำระเงิน \r\nแต่คนไข้ทั่วไป ต้องชำระค่าใช้จ่ายตามจริง',1,'',NULL,NULL),(341,1,'0004164','นาง','เตรียม','มีแพง',8,11,11,'2015-07-27 00:00:00','2015-07-27 00:00:00','ผู้ป่วยในนัดผิดแพทย์   แพทย์เจ้าของไข้คือนายแพทย์เฉลิมพล  แต่ผู้ป่วยในนัดเป็นแพทย์ระพีพรรณ  ทำให้เกิดความล่าช้าในการตรวจรักษา',1,75,1,2,6,2,'ได้แจ้งในภาพรวมและแจ้งเป็นรายบุคคลแล้ว   ให้มีการตรวจสอบความถูกต้องหลังปริ้นเอกสารใบนัดอีกครั้ง  ก่อนส่งมอบให้กับผู้ป่วย',2,'','null',''),(342,1,'0051836','นาย','ดม','จันด้วง',8,11,11,'2015-07-28 00:00:00','2015-07-28 00:00:00','งานผู้ป่วยใน ส่ง chart ล่าช้า AN 580000448 จำหน่ายตั้งแต่วันที่ 17 กพ 2558 แต่นำ Chart ส่งผู้ป่วยใน วันที่ 14 ก.ค. 2558 ทำให้ไม่สามารถลงรหัสโรคได้ทันเวลา เป็นเหตุให้ใส่รหัสโรค ได้ไม่ถูกต้อง เป็นผลทำให้ไม่สามารถเบิกเคลม ได้ตามที่ควร ทำให้โรงพยาบาลได้รับค่ารักษาคืนน้อย',2,20,4,2,6,2,'สอบถามจนท. IPD แล้ว  พบว่าเอกสารผู้ป่วยรายนี้ส่งตั้งแต่วันที่ 1 มีนาคม 58 โดยมีหลักฐานการส่งผู้รับ - ผู้ส่งชัดเจน มีการนัดพบแพทย์เป็นระยะๆ โดยไม่ได้ Admit พบเอกสารอยู่ในหอผู้ป่วยอีกครั้ง  จนท.จึงได้นำส่งเวชระเบียนให้อีกรอบ  จากการทบทวนร่วมกับทีมเวชระเบียนได้ข้อสรุปดังนี้..1.ให้ตรวจนับจำนวนให้ถูกต้องตรงกันระหว่างผู้ส่งกับผู้รับและมีการเซ็นรับเอกสารเป็นลายลักษณ์อักษร 2.หากเอกสารสูญหายให้บุคคลที่นำส่ง เขียนบันทึกรายงานเสนอผู้อำนวยการ 3.ให้บุคคลที่ทำเอกสารหายได้ชดใช้ค่าเสียหายให้กับทาง รพ.ตามมูลค่าการรักษา',2,'','null',''),(343,5,'0051469','นาย','ผุด','แสงจำปา',8,11,11,'2015-07-17 00:00:00','2015-07-28 00:00:00','Chart HN 0051469 AN 580003091 ชื่อ นายผุด  แสงจำปา  ไม่รอแพทย์สรุปโรค  แต่นำ  Chart มาส่งคืนให้งานเวชระเบียน  ทำให้เกิดความล่าช้าในกระบวนการทำงาน',2,18,1,2,6,2,'แจ้งผู้รับผิดชอบเป็นรายบุคคลแล้ว ให้ตรวจสอบความเรียบร้อยก่อนส่งเวชระเบียนทุกครั้ง  ',2,'','null',''),(348,1,'0054942','','','',11,12,11,'2015-08-05 00:00:00','2015-08-05 00:00:00','ผู้ป่วยสมัครจ่ายตรงกับ รพ.เชียงคานแล้ว แต่ส่งสิทธิมาเป็นเบิกได้หน่วยงานราชการ',2,17,1,4,8,2,'ทบทวนกระบวนการใหม่',2,'',NULL,NULL),(349,1,'5802967','','','',11,12,11,'2015-08-05 00:00:00','2015-08-05 00:00:00','ผู้ป่วยมีสิทธิประกันสังคม รพ.เลย แล้ว แต่ส่งสิทธิ ประกันสังคม รพ.สาธารณสุขอื่น',2,17,1,4,8,2,'',2,'',NULL,NULL),(350,1,'0011512','','','',11,12,11,'2015-08-05 00:00:00','2015-08-05 00:00:00','ผู้ป่วยมีสิทธิว่าง',2,17,1,4,8,2,'',2,'',NULL,NULL),(351,1,'5704603','','','',11,12,11,'2015-08-05 00:00:00','2015-08-05 00:00:00','ผู้ป่วยรับยาจิตเวช มีสิทธิ ประกันสังคม รพ.สาธารณสุขอื่น แต่ส่งสิทธิผู้พิการ',2,17,1,4,8,2,'',2,'',NULL,NULL),(352,1,'5800198','','','',11,12,11,'2015-08-05 00:00:00','2015-08-05 00:00:00','ผู้ป่วยมีสิทธิเบิกได้จ่ายตรง รพ.เชียงคานแล้ว แต่ยังส่งสิทธิเบิกได้หน่วยงานราชการมา',2,17,1,4,8,2,'',2,'',NULL,NULL),(353,1,'5505497','','','',11,12,11,'2015-08-05 00:00:00','2015-08-05 00:00:00','ผู้ป่วยมีสิทธิพระ แต่ส่งสิทธิบัตรทองต่างอำเภอ',2,17,1,4,8,2,'',2,'',NULL,NULL),(354,1,'','','','',9,12,9,'2015-08-05 00:00:00','2015-08-06 00:00:00','สิทธิคนต่างด้าวขึ้นทะเบียนในเขตและสิทธิบุคคลสถานะและสิทธิมาANCต้องมาชำระเงิน30บาททุกครั้งที่มารับบริการ เพราะไม่อยู่ในโครงการฝากท้องทุกที่ฟรีทุกสิทธิ',8,69,4,2,5,2,'ได้ประสานกับงานประกันเรื่องสิทธิแล้ว สรุปดังนี้\r\n   กรณีฝากท้องทุกที่ฟรีทุกสิทธิ/รับวัคซีนเด็ก  ครอบคลุม สิทธิ UC /ประกันสังคม /สิทธิข้าราชการ(ทั้งในจังหวัดและต่างจังหวัด\r\n   กรณีต่างด้าวขึ้นทะเบียนในเขตจังหวัดเลย / สิทธิบุคคลที่มีปัญหาสถานะและสิทธิ(99) ฟรีเฉพาะขึ้นทะเบียนในจังหวัดเลยเท่านั้น  นอกเขต จังหวัดเลย ให้ชำระเงินเอง',2,'','null',''),(355,1,'0016614','น.ส.','พรศิริ','บุดดา',12,11,11,'2015-08-05 00:00:00','2015-08-06 00:00:00','งานการเงินส่งตรวจคนไข้ เอง  โดยที่คนไข้ไม่มีข้อมูลการตรวจ  และไม่สามารถ ลบ  visit นั้นได้ ทำให้มีปัญหาในการส่งข้อมูล 43 แฟ้ม',2,18,4,NULL,NULL,2,'ผู้ป่วยมาจ่ายเงินค้างชำระ การเงินจึงได้ทำการส่งตรวจคนไข้เองโดยไม่รู้ว่าจะต้องได้ใส่ข้อมูลเพิ่มเติม',2,'','null',''),(356,5,'5803075','นาย','ไพบูลย์','กุศล',6,11,11,'2015-08-05 00:00:00','2015-08-06 00:00:00','ฝ่ายทันตกรรม ไม่ลง diag โรค ทำให้เวชระเบียนไม่สมบูรณ์ ',2,18,4,3,7,2,'แจ้งให้เจ้าหน้าที่รับทราบ',1,'',NULL,NULL),(357,1,'580314','นาย','อัศวิน ','กองวงศ์',11,7,11,'2015-08-06 00:00:00','2015-08-06 00:00:00','ห้องบัตรพิมพ์ชื่อผู้ป่วยผิด จากชื่อ อัศวิน พิมพ์เป็น อัศวัน',2,18,3,2,6,1,'',2,'',NULL,NULL),(359,1,'0027510','นาง','บุญยืน','เขียวทิพย์',2,8,1,'2015-08-07 00:00:00','2015-08-07 00:00:00','แพทย์สั่งให้ RND 50 mg iv ทุก 8 ชั่วโมง ER ฉีดยา stat dose ให้ผู้ป่วย แต่ไม่ลงบันทึกการให้ยาใน order แพทย์สั่งให้ เจาะ Trop I แต่ ER ไม่ได้เจาะ Lab Trop I ส่ง แต่ส่งเป็น Cr แทน ซึ่งเป็น Labที่แพทย์ไม่ได้ Order และแพทย์ดูผล Lab แล้ว และเขียนลงใน Order ว่าทำแล้ว',1,3,1,2,8,2,'แจ้ง จนท.รับทราบ ให้เช็ค Order ให้ชัดเจน ก่อน admit',1,'',NULL,NULL),(360,5,'0050255','นาย','ณัฐพงษ์','พุทธชาติ',8,11,11,'2015-08-07 00:00:00','2015-08-07 00:00:00','ชื่อแพทย์ที่สั่ง Admit และ แพทย์เจ้าของไข้ เป็นชื่อของพยาบาล  เบื้องต้นทางเวชระเบียนได้เปลี่ยนเป็นชื่อแพทย์เจ้าของไข้แล้ว',2,18,1,2,8,2,'แจ้งพยาบาล ER เปลี่ยนชื่อแพทย์เจ้าของไ้ข้ก่อน Admit ทุกครั้ง และแจ้งพยาบาล IPD ตรวจสอบความเรียบร้อยก่อนพิมพ์สติ๊กเกอร์ติด chart',2,'',NULL,NULL),(361,1,'5304362','นาย','ด้วง','กรมทอง',23,11,11,'2015-08-10 00:00:00','2015-08-10 00:00:00','นัดคนไข้ไปที่คลินิก โรคทั่วไป  แต่คนไข้มีนัด  COPD',1,75,1,NULL,NULL,1,'',2,'',NULL,NULL),(362,1,'0013625','นาย','วีรวัฒน์','คำพรม',8,11,11,'2015-08-10 00:00:00','2015-08-10 00:00:00','นัดคนไข้ ทำ  EKG ก่อนพบแพทย์  แต่นัดคนไข้ไปที่  คลินิก DM',1,75,1,2,6,2,'หลังปริ้นใบนัดเสร็จให้ตรวจสอบความถูกต้องก่อนส่งมอบให้ผู้ป่วย',2,'','null',''),(363,1,'0028350','นาง','กีนัน','บุดดา',7,11,11,'2015-08-10 00:00:00','2015-08-10 00:00:00','คนไข้มีนัดคลินิก WARFARIN  แต่นัดคนไข้ไปที่คลินิก ผู้ป่วยนอก',1,75,1,2,6,2,'ประชุมชี้แจงให้เจ้าหน้าที่จุดนัดให้เพิ่มความถูกต้องชัดเจนให้มากขึ้นและถือปฎิบัติตามแนวทางแล้ว เมื่อ 8 กย 2558',2,'',NULL,NULL),(364,1,'5501228','น.ส.','สุภาวัด','นันทะผา',2,11,11,'2015-08-10 00:00:00','2015-08-10 00:00:00','นัดคนไข้ดูแผล  แต่นัดคนไข้ไข้ไปที่คลินิกตรวจโรคทั่วไป',1,75,1,NULL,NULL,2,'แจ้ง จนท.รับทราบ ให้มีการเช็คใบนัดก่อนให้ผู้ป่วยทุกครั้ง',1,'',NULL,NULL),(365,1,'5701599','นาย','รณรงค์','หมีทอง',2,11,11,'2015-08-10 00:00:00','2015-08-10 00:00:00','นัดคนไข้ดูแผลที่เท้า  แต่นัดคนไข้ไปที่คลินิกตรวจโรคทั่วไป',1,75,1,NULL,NULL,2,'แจ้ง จนท. รับทราบเช็คการเขียนใบนัดทุกครั้งก่อนให้ผู้ป่วย',1,'',NULL,NULL),(366,5,'0054721','นาง','รจนา','ปารีพา',8,11,11,'2015-07-29 00:00:00','2015-08-10 00:00:00','ส่ง  chart  คืนให้กับงานเวชระเบียน แต่แพทย์ยังไม่สรุป chart ',2,18,4,2,6,2,'ให้แพทย์สรุปให้แล้วเสร็จก่อน   และตรวจสอบความเรียบร้อยก่อนส่งมอบเวชระเบีียนทุกครั้ง',2,'','null',''),(367,1,'','','','',2,3,1,'2015-08-01 00:00:00','2015-08-10 00:00:00','ญาติผู้ป่วยร้องเรียนทางเฟสบุ๊ค เนื่องจากมารดาต้องมาโรงพยาบาล 2 ครั้งใน 1 วัน',8,68,5,7,NULL,2,'ทบทวนแล้วให้การรักษาตามมาตรฐาน ทีมไกล่เกลี่ยได้ดำเนินการไกล่เกลี่ยและได้เซ็นสัญญาประนีประนอมยอมความเรียบร้อยในวันที่ 4 สิงหาคม 2558',2,'',NULL,NULL),(371,1,'5503919','','กาณจนา','บุญทอง',7,11,11,'2015-08-11 00:00:00','2015-08-17 00:00:00','นัดตรวจโรคทั่วไป  แต่บัตรนัด  นัดผู้ป่วยไปที่ จุดซักประวัติเบาหวาน',1,75,1,2,6,2,'ประชุมชี้แจงให้เจ้าหน้าที่จุดนัดให้เพิ่มความถูกต้องชัดเจนให้มากขึ้นและถือปฎิบัติตามแนวทางแล้ว เมื่อ 8 กย 2558',2,'',NULL,NULL),(372,1,'0007073','นาง','นงลักษณ์','เครือทองศรี',8,11,11,'2015-08-13 00:00:00','2015-08-17 00:00:00','นัดผู้ป่วยตรวจโรคทั่วไป  แต่ใบนัด นัดผู้ป่วยไปที่คลินิก  HT',1,75,1,2,6,2,'หลังจากปริ้นใบนัดให้ผู้ป่วยแล้ว  ให้ตรวจสอบซ้ำอีกครั้งว่าถูกต้องหรือไม่  ก่อนส่งมอบ',2,'','null',''),(373,1,'0032573','นาย','สนม','อองภา',8,11,11,'2015-08-13 00:00:00','2015-08-17 00:00:00','นัดเผู้ป่วยตรวจโรคทั่วไป  แต่ใบนัด นัดผู้ป่วยไปที่คลินิก HT',1,75,1,2,6,2,'หลังจากปริ้นใบนัดให้ผู้ป่วยแล้วให้ตรวจสอบซ้ำด้วยว่าถูกต้องหรือไม่  ก่อนส่งมอบให้ผู้ป่วย',2,'','null',''),(374,1,'0013347','นาง','สุพรรณ','แฮดี',7,3,7,'2015-08-18 00:00:00','2015-08-18 00:00:00','ลงข้อมูล BP 400/',2,18,3,2,6,2,'ประชุมชี้แจงให้เจ้าหน้าที่จุดคักรองให้เพิ่มความถูกต้องชัดเจนให้มากขึ้นและถือปฎิบัติตามแนวทางแล้ว เมื่อ 8 กย 2558',1,'',NULL,NULL),(375,1,'5411454','นาย','แพง','บุญเรือง',11,3,11,'2015-08-18 00:00:00','2015-08-18 00:00:00','pt HN 5411454 ค้นแฟ้ม 5411451',2,16,3,NULL,NULL,1,'',2,'',NULL,NULL),(376,1,'','นาย','ทองใส','พรหมสาร์น',5,7,1,'2015-08-18 00:00:00','2015-08-19 00:00:00','มีภาพเอกซเรย์ของคนอื่น มาอยู่ในเอกซเรย์ ของนายทองใส',1,4,3,2,6,2,'มีการแก้ภาพให้ถูกชื่อผู้ป่วยแล้ว',1,'',NULL,NULL),(377,1,'0052684','นาย','อาทิตย์','โสภาพร',7,11,11,'2015-08-20 00:00:00','2015-08-20 00:00:00','งานผู้ป่วยนอกนัดผู้ป่วยตรวจ  Electolyte  แต่นัดผู้ป่วยไปตรวจที่คลินิก ซักประวัติผู้ป่วยเบาหวาน',1,75,1,2,6,2,'ประชุมชี้แจงให้เจ้าหน้าที่จุดนัดให้เพิ่มความถูกต้องชัดเจนให้มากขึ้นและถือปฎิบัติตามแนวทางแล้ว เมื่อ 8 กย 2558',2,'',NULL,NULL),(378,1,'5801287','นาย','กันหา','กองตี',8,11,11,'2015-08-21 00:00:00','2015-08-21 00:00:00','นัดผู้ป่วยมาดูแผล  แต่นัดผู้ป่วยไปที่คลินิก  ตรวจโรคทั่วไป',1,75,1,2,6,2,'ตามมติที่ประชุม PCT  กรณีที่นัดดูแผล ให้แพทย์ที่ ER เป็นผู้ดูแลต่อ  ยกเว้นกรณีที่ผู้ป่วยต้องการให้แพทย์ที่นัดทำการรักษาต่อเนื่อง   หรือแพทย์ที่นัดต้องการดูแผลเองให้ส่งพบแพทย์ผู้นั้น',2,'','null',''),(379,1,'5305450','นาย','อนัน','ทนุราช',7,11,11,'2015-08-21 00:00:00','2015-08-21 00:00:00','นัดผู้ป่วยตรวจโรคทั่วไป  แต่บัตรนัดไปจุดซักประวัติ DM',1,75,1,2,6,2,'ประชุมชี้แจงให้เจ้าหน้าที่จุดนัดให้เพิ่มความถูกต้องชัดเจนให้มากขึ้นและถือปฎิบัติตามแนวทางแล้ว เมื่อ 8 กย 2558',2,'',NULL,NULL),(383,1,'25310','นาย','','',8,8,26,'2015-07-03 00:00:00','2015-08-03 00:00:00','ทบทวน case NF \r\nvisit ที่ 1 Missed Dx. Deley refer เกิดแผลกดทับระดับที่ 1 ญาติร้องขอส่งต่อ\r\nvisit ที่ 2 ผู้ป่วย Un plan refer , Un plan ET tube\r\nvisit ที่ 3 ผู้ป่วยไข้สูงตลอด  urine culture พบติดเชื้อดื้อยา นอนนานมากกว่า 1 เดือน ค่าใชัจ่ายสูง การรักษายังไม่สิ้นสุด',1,2,6,2,8,2,'ฝากประธาน PCT Plan ทำข้อบ่งชี้ในการวินิจฉัย การรับไว้ การส่งต่อของผู้ป่วย NF',1,'',NULL,NULL),(384,1,'3229','','','',8,8,8,'2015-08-18 00:00:00','2015-08-22 00:00:00','เกิดแผลกดทับ gr.2 บริเวณสะโพก ปุ่มกระดูกบริเวณหลัง ',1,8,3,5,10,2,'เปลี่ยนให้นอนที่นอนลม พลิกตะแคงตัวทุก 2 ชั่วโมง ข้อเสนอซื้อเตียงลมเพิ่ม',1,'',NULL,NULL),(385,1,'5304987','','','',11,12,11,'2015-08-23 00:00:00','2015-08-23 00:00:00','ผู้ป่วยเป็นเจ้าหน้าที่ รพ.เชียงคาน แต่ส่งสิทธิตรวจเป็นสิทธิ UC.12-59ปี ซึ่งไม่มีการเช็คสิทธิก่อนส่งตรวจ',2,17,1,NULL,NULL,1,'',2,'',NULL,NULL),(386,1,'0014729','นาง','สมถวิล','จันทะวงศ์',9,11,11,'2015-08-24 00:00:00','2015-08-24 00:00:00','นัดผู้ป่วยรับยาความดัน  แต่นัดผู้ป่วยเข้าคลินิกอนามัยมารดา',1,75,1,NULL,NULL,1,'',2,'',NULL,NULL),(387,1,'0013647','นาย','พรชัย','กำวัน',7,11,11,'2015-08-24 00:00:00','2015-08-24 00:00:00','นัดคนไข้มารับยา  Wafarin  ในบัตรนัดควรนัดไปที่คลินิก  Wafarin แต่นัดคนไข้ไปที่จุดซักประวัติผู้ป่วยนอก',1,75,1,2,6,2,'ประชุมชี้แจงให้เจ้าหน้าที่จุดนัดให้เพิ่มความถูกต้องชัดเจนให้มากขึ้นและถือปฎิบัติตามแนวทางแล้ว เมื่อ 8 กย 2558',2,'',NULL,NULL),(388,3,'','','','',12,11,11,'2015-08-24 00:00:00','2015-08-24 00:00:00','งานการเงินให้คนไข้มาตรวจสอบสิทธิที่งานประกัน  แต่สื่อสารกับคนไข้ไม่เข้าใจ  ทำให้คนไข้มาติดต่อที่โต๊ะซักประวัติ  และไม่มีการเขียนโน๊ตสื่อสารให้เจ้าหน้าที่ผู้อื่นได้รับรู้ว่าส่งคนไข้มาทำอะไร ทำให้ไม่สามารถแนะนำคนไข้ให้ถูกต้องได้',8,68,1,NULL,NULL,2,'',2,'','null',''),(390,3,'','','','',3,3,2,'2015-07-15 00:00:00','2015-08-25 00:00:00','พยาบาล ERโทรมาแจ้งห้องยาว่า กรณีที่ผู้ป่วยadmitจาก OPD ไม่ต้องส่งผู้ป่วยไปER \r\nแต่ห้องยาไม่ทราบว่าผู้ป่วยรายใด admit จากจุดไหน\r\nควรมีระบบการสื่อสาร แลัะทำความเข้าใจให้ตรงกันว่า ผู้ป่วยถูกส่งมาจากแผนกไหน เช่นมีป้ายติดว่าOPD/ER เพื่อที่ห้องยาจะได้ชี้แจงและส่งผู้ป่วยไปถูกจุด\r\nลดความเสี่ยงในการทะเลาะกัน',8,69,1,NULL,NULL,2,'ให้แยกสถานที่ Admit จากชื่อพยาบาลและห้องที่ซักประวัติ ',1,'','null',''),(394,1,'8436','','','',7,3,7,'2015-04-03 00:00:00','2015-08-25 00:00:00','ผู้ป่วยมาด้วยความดันโลหิตสูง BP166/101, P=56\r\nไม่มีการลงประวัติวัด BPซ้ำ ตามแนวทาง',1,1,1,2,7,2,'ประชุมชี้แจงให้เจ้าหน้าที่จุดคัดกรองทราบและถือปฎิบัติตามแนวทางแล้ว เมื่อ 8 กย 2558',1,'',NULL,NULL),(395,1,'3230','','','',11,3,11,'2015-03-26 00:00:00','2015-08-25 00:00:00','ผู้ป่วย HN3230 แต่ห้องบัตรค้นบัตรเป็น HN2330\r\nผู้ป่วยมีการตรวจรับยาโรคเรื้อรัง ซึ่งเกิดความเสี่ยงเรื่องประวัติการตรวจรักษาผิดคน',2,16,3,NULL,NULL,1,'',2,'',NULL,NULL),(396,1,'18672','','','',11,3,12,'2015-03-19 00:00:00','2015-08-25 00:00:00','ผู้ป่วยมาทำแผลจากรถล้ม และ รับยาHTด้วย  พบว่าเวชระเบียนมีการส่งตรวจ2visit (พรบ. และ สิทธิ์UCสูงอายุ)\r\nห้องLAB คีย์ข้อมูลการตรวจเลือดในสิทธิ์ พรบ.\r\nแพทย์สั่งยาใส่visitสิทธิ์ พรบ.\r\nการเงินต้องทำการแก้ไข ย้ายผลเลือด และข้อมูลยา ไปใส่สิทธิ์ UC และเก็บเงินเฉพาะสิทธิ์ พรบ.',2,17,3,4,NULL,1,'',2,'',NULL,NULL),(400,1,'34702','นาย','ทอน','อ้วนสิมมา',2,3,2,'2014-11-18 00:00:00','2015-08-25 00:00:00','แพ้ยาซ้ำ!!!!\r\nผู้ป่วยปวดศรีษะมาก พยาบาลERฉีดยา Diclofenac inj. .ให้โดยที่ผู้ป่วยมรประวัติแพ้ยาติดที่ปกOPD card และใน HosXPแล้ว\r\nหลังฉีดยามีอาการแพ้ Anaphylactic shock ต้องนอนรักษาตัวในโรงพยาบาล\r\nข้อเสนอ ควรมีการคนแฟ้ม หรือตรวจสอบประวัติใน HosXP ก่อนทำการรักษา',8,69,5,NULL,NULL,2,'แจ้ง จนท.รับทราบ มีการตรวจสอบจากใน HosXP. /ซักถามผู้ป่วยให้ชัดเจน ก่อนการฉีดยาทุกครั้ง',1,'',NULL,NULL),(401,1,'5703094','','','',2,3,2,'2014-11-27 00:00:00','2015-08-25 00:00:00','ผู้ป่วยลาวมา on foley cath วัดความดันแล้ว BPสูง แพทย์ให้วัด BPซ้ำ แต่ไม่มีการบันทึกในใบตรวจโรค Erไม่แนะนำผู้ป่วยว่าแพทย์นัดมาตรวจซ้ำอีก1เดือน\r\nมีปัญหาเรื่องระบบการสื่อสาร และ ระบบการบันทึกข้อมูล',1,1,4,NULL,NULL,2,'แจ้ง จนท.รับทราบ ให้เน้นการลงบันทึก และการให้คำแนะนำแกผู้ป่วยและญาติ ทุกครั้ง',1,'',NULL,NULL),(402,1,'813','','','',2,3,1,'2014-11-27 00:00:00','2015-08-25 00:00:00','ผู้ป่วย DM, HT รับยาที่ รพ.สต. วันนี้ BP 165/93  FBS 206\r\nรพ.สต. ส่งผู้ป่วยกลับมาพบแพทย์consultเปลี่ยนขนาดยา แต่ ERฉีด Dimen inj. และสั่งยา Dimen, Domperidone ให้ผู้ป่วยกลับบ้าน\r\nห้องยาจึงแจ้งให้ผู้ป่วยรอพบแพทย์ตอนบ่าย',1,1,3,NULL,NULL,2,'แจ้ง จนท.รับทราบ ให้เน้นซักประวัติผู้ป่วยให้ละเอียดมากขึ้น',1,'',NULL,NULL),(403,1,'5602560','','','',2,3,2,'2014-11-28 00:00:00','2015-08-25 00:00:00','ผู้ป่วย excision มาชำระเงินและรับยา แต่ไม่ทราบข้อมูลการนัดทำแผลและตัดไหม\r\nจนท.ห้องยา จึงแนะนำให้กลับไปสอบถาม ER \r\nข้อเสนอ ให้ ERแนะนำผู้ป่วยเรื่องการทำแผล และนัดตัดไหมให้เรียบร้อยก่อนส่งผู้ป้วยมารับยา',1,75,3,NULL,NULL,2,'แจ้ง จนท.ให้รับทราบ เน้นย้ำ เรื่องการให้คำแนะนำ/การนัดแกผู้ป่วยทุกราย',1,'',NULL,NULL),(404,1,'5803379','นาง','ตะวัน','วันนาละสุข',9,3,9,'2015-08-26 00:00:00','2015-08-26 00:00:00','ผู้ป่วยลาว มาฝากครรภ์ ตรวจเลือดครั้งแรก และมีการจ่ายยาให้ผู้ป่วย MTV 1x2pc 60tab, Triferdine 1xhs 30tab, Calcium 1x1pc 30tab\r\nแต่เจ้าหน้าที่ฝ่ายเวชฯ ไม่คีย์ยาในระบบ ทำให้ไม่มีค่าใช้จ่ายราคายา',8,69,2,2,6,2,'สรุปผลการทบทวน\r\n   แจ้งเจ้าหน้าที่ที่รับผิดชอบในการคีย์ข้อมูลรายการใช้จ่ายของผู้รับบริการ ตรวจสอบค่าใช้จ่ายให้ครอบคลุมโดยทำใบกำกับการรับบริการ ให้ผู้ให้บริการลงรายละเอียดก่อนส่งมอบจนท.คีย์ข้อมูลต่อไป',2,'','null',''),(405,1,'5701944','นาง','หล้า','ราชบุตร',9,3,9,'2015-08-26 00:00:00','2015-08-26 00:00:00','ผู้ป่วยลาว มาฝากครรภ์ ตรวจเลือดครั้งแรก และมีการจ่ายยาให้ผู้ป่วย MTV 1x2pc 60tab, Triferdine 1xhs 30tab, Calcium 1x1pc 30tab\r\nแต่เจ้าหน้าที่ฝ่ายเวชฯ ไม่คีย์ยาในระบบ ทำให้ไม่มีค่าใช้จ่ายราคายา',8,69,2,2,8,2,'สรุปผลการทบทวน\r\n   แจ้งเจ้าหน้าที่ที่รับผิดชอบในการคีย์ข้อมูลรายการใช้จ่ายของผู้รับบริการ ตรวจสอบค่าใช้จ่ายให้ครอบคลุมโดยทำใบกำกับการรับบริการ ให้ผู้ให้บริการลงรายละเอียดก่อนส่งมอบจนท.คีย์ข้อมูลต่อไป',2,'','null',''),(406,1,'5803362','','','',19,12,19,'2015-08-25 00:00:00','2015-08-26 00:00:00','ผู้ป่วยสิทธิUC.ต่างอำเภอ แนะนำให้ย้ายสิทธิการรักษา แต่ผู้ป่วยปฏิเสธการรักษา ไม่รับยา ไม่ฉีดยา ผู้ป่วยวางแฟ้มพร้อมกับเดินออกไปจากโรงพยาบาล',8,68,4,NULL,NULL,1,'',2,'',NULL,NULL),(407,1,'5802998','','','',19,12,19,'2015-08-25 00:00:00','2015-08-26 00:00:00','ผู้ป่วยสิทธิ UC.ต่างจังหวัด ผู้ป่วยอ้างว่าเจ้าหน้าที่ติดต่อย้ายสิทธิการรักษาให้แล้ว แต่ทำไมสิทธิการรักษายังใช้ไม่ได้ ไหนบอกว่าสิทธิจะใช้ได้หลังแจ้งสิทธิ15วัน แต่ทำไมตอนนี้สิทธิยังใช้ไม่ได้',8,68,4,NULL,NULL,1,'',2,'',NULL,NULL),(409,5,'5800394','','ธัญญารัตน์','โครตบ้ง',8,11,11,'2015-08-17 00:00:00','2015-08-31 00:00:00','ปริ้นสติกเกอร์เป็นชื่อพยาบาล ทำให้ไม่ทราบแพทย์เจ้าของไข้',2,18,1,2,6,2,'หลังรับใหม่ผู้ป่วยทุกราย  ให้ตรวจสอบความถูกต้องของแพทย์เจ้าของไข้ว่าตรงกับเอกสารเวชระเบียนหรือไม่',2,'','null',''),(410,1,'13024','','','',3,3,3,'2015-09-01 00:00:00','2015-09-01 00:00:00','ผู้ป่วยรอนาน จ่ายยาโดนข้ามคิวไป 20 คิว เนื่องจากแพทย์ไม่สั่งพิมพ์ฉลากยาออกมา ',8,68,4,NULL,NULL,2,'ให้คนที่จับคู่ติดตามตะกร้ายาให้ทันที หากไม่มีให้ทำการสั่งพิมพ์ใหม่',2,'ทบทวนในที่ประชุมฝ่ายเภสัชกรรม(17/11/2558)','null',''),(412,1,'20743','','','',23,3,23,'2015-09-01 00:00:00','2015-09-01 00:00:00','สั่งยา 90 วัน นัด 70 วัน',1,75,3,NULL,NULL,1,'',2,'',NULL,NULL),(416,1,'3839','','','',1,3,1,'2015-09-01 00:00:00','2015-09-01 00:00:00','ผู้ป่วยไม่ได้ EKG แต่มีค่าบริการ EKG (แพทย์ REMED)',2,18,3,5,10,1,'นำเข้าทบทวนกับงานIT และ admin เรื่องการ REMED ให้มีเฉพาะยาได้หรือไม่ เพราะในเวลาที่เร่งรีบ แพทย์ไม่มีเวลาลบ ',1,'','null',''),(417,1,'0025310','','','',8,3,8,'2015-07-28 00:00:00','2015-09-01 00:00:00','ผู้ป่วย refer by ambu ไม่ได้ key ค่า refer',2,18,4,2,6,2,'ให้ลงหัตถการทุกอย่างให้ครบก่อนจำหน่ายผู้ป่วยไปที่ห้องยา / Refer',1,'','null',''),(420,1,'5802355','','ครีม','ศรีสมัย',9,12,9,'2015-09-01 00:00:00','2015-09-01 00:00:00','ผู้ป่วยมาฉีดวัคซีนตามเกณฑ์ เป็นสิทธิคนต่างด้าวไม่ขึ้นทะเบียน(ลาว) ผู้ป่วยต้องชำระเงินค่าฉีดวัคซีนทั้งหมดเอง แต่เจ้าหน้าที่ไม่ส่งคนไข้มาชำระเงิน',8,69,4,2,8,2,'สรุปผลการทบทวน\r\n   แจ้งเจ้าหน้าที่ที่รับผิดชอบในการคีย์ข้อมูลรายการใช้จ่ายของผู้รับบริการ ตรวจสอบค่าใช้จ่ายให้ครอบคลุมโดยทำใบกำกับการรับบริการ ให้ผู้ให้บริการลงรายละเอียดก่อนส่งมอบจนท.คีย์ข้อมูลต่อไป',2,'','null',''),(421,1,'0010566','นาย','อิทธิพล','นำชัยสี่วัฒนา',7,3,7,'2015-09-02 00:00:00','2015-09-02 00:00:00','ผู้ป่วยมาด้วยปวด วิงเวียนศรีษะ เป็นมา 2 วัน ไม่มีข้อมูล BP',2,18,4,2,7,2,'ประชุมชี้แจงเจ้าหน้าที่จุดคัดกรอง ให้ตรวจดูความเรียบร้อย ก่อนส่งไปซักประวัติแล้ว เมื่อวันที่ 8 กันยายน 2558',1,'',NULL,NULL),(425,3,'','','','',9,12,9,'2015-09-02 00:00:00','2015-09-03 00:00:00','ผู้ป่วย(ลาว)มา ANC หรือมาฟังผลตรวจเลือดหญิงตั้งครรภ์ ไม่ส่งมาชำระเงิน ทำให้ผู้ป่วยมียอดค้างชำระในวันที่มารับบริการครั้งต่อมา',8,69,4,2,8,2,'สรุปผลการทบทวน\r\n   แจ้งเจ้าหน้าที่ที่รับผิดชอบในการคีย์ข้อมูลรายการใช้จ่ายของผู้รับบริการ ตรวจสอบค่าใช้จ่ายให้ครอบคลุมโดยทำใบกำกับการรับบริการ ให้ผู้ให้บริการลงรายละเอียดก่อนส่งมอบจนท.คีย์ข้อมูลต่อไป',2,'','null',''),(431,5,'5600053','','ศุภฤกษ','มูลถวิล',8,11,11,'2015-09-10 00:00:00','2015-09-10 00:00:00','นัด  pt ตรวจโรคทั่วไป  แต่นัด  pt ไปคลิกนิก โรคหืด',1,75,1,2,6,2,'ให้ตรวจสอบความเรียบร้อยก่อนลงข้อมูล  และตรวจสอบซ้ำอีกครั้งเมื่อปริ้นใบนัดออกมา  ก่อนส่งมอบใบนัดให้ผู้ป่วย  ให้ถูกต้อง  ถูกคน ',2,'','null',''),(432,5,'5600923','นาง','จำเนียร','ดวงตามี',8,11,11,'2015-09-10 00:00:00','2015-09-10 00:00:00','นัด  pt ตรวจโรคทั่วไป  แต่นัด  pt ไปคลิกนิก โรคหืด',1,75,1,2,6,2,'ให้ตรวจสอบความเรียบร้อยทุกครั้งก่อนลงข้อมูล  และตรวจสอบใบนัดซ้ำหลังจากปริ้นออกมาแล้วก่อนส่งมอบให้ผู้ป่วย',2,'','null',''),(435,1,'','','','',23,3,23,'2015-09-11 00:00:00','2015-09-11 00:00:00','ผู้ป่วยมายื่นแฟ้มที่ห้องยาแล้วพูดเสียงดังว่า \"ช้ามาก ไปเสียเวลาอยู่ที่จุดนัดนั่นแหล่ะ เซ็ง...\"',8,68,3,NULL,NULL,1,'',2,'',NULL,NULL),(436,1,'50256','นาง','สกล','บุญดี',7,7,7,'2015-09-18 00:00:00','2015-09-18 00:00:00','พยาบาล แจกแฟ้มให้ผู้ป่วยวาร์ฟารินสลับกัน แพทย์การทานยากับผู้ป่วย จึงทราบว่าผิดแฟ้ม',1,1,3,2,6,2,'แจ้งพยาบาลว่า ก่อนให้แฟ้มคนไข้เข้าห้องตรวจ ให้ถามทวนชื่อ นามสกุลอีกรอบ',1,'',NULL,NULL),(437,3,'0014500','นาง','บุรี','ผางศรี',8,7,8,'2015-09-18 00:00:00','2015-09-18 00:00:00','พยาบาลIPD นัดผู้ป่วยที่D/C ซึ่งเป็นเบาหวาน นัดมาที่จุดผู้ป่วยนอก (ซึ่งแพทย์ระบุว่า ให้มาตรวจ FBS ที่คลินิกเบาหวาน)',1,75,1,2,8,2,'จากการทบทวนของทีม PCT ให้ส่งผู้ป่วยนัด DM ทุกราย  ที่แพทย์ระบุว่าให้มาตรวจ FBS ไปที่คลินิกเบาหวาน  ยกเว้นในรายที่แพทย์ระบุว่าต้องการพบแพทย์ท่านนั้น ',1,'','null',''),(438,4,'','','','',14,7,14,'2015-09-17 00:00:00','2015-09-17 00:00:00','เวลา 16.00 ไฟฟ้าดับ ทั้งโรงพยาบาล เครื่องคอมฯ ดับ ทันที',6,55,1,7,11,1,'',2,'',NULL,NULL),(439,1,'5600850','น.ส.','กัลย์ฤทัย ','บัวแก้ว',2,7,1,'2015-09-21 00:00:00','2015-09-21 00:00:00','ER ติดชื่อในใบEKG ผิด (แต่ทำ EKG ถูกคน)',8,69,1,2,8,2,'แจ้ง จนท.รับทราบ  ตรวจสอบชื่อผู้ป่วยให้ถูกต้องก่อนปริ้นติด',1,'',NULL,NULL),(440,1,'5803676','','','',18,10,10,'2015-09-17 00:00:00','2015-09-21 00:00:00','มารดามาคลอด ให้งดน้ำ อาหารตั้งแต่ตอน 8.30 น.  ผู้ป่วยคลอดเวลา 11.05 น. หลังคลอด ยังไม่ได้ย้ายไปตึกผู้ป่วยใน ผู้ป่วยคลอดหิวข้าวมาก รออาหารจากโรงครัวจนถึงเวลา 13.00 น. โรงครัวไม่ได้นำอาหารมาให้ผู้ป่วย  แก้ไขโดย โทรไปประสานตึกผู้ป่วยในเรื่องนำอาหารมาให้ผู้ป่วยทาน',8,69,3,3,8,2,'แก้ไขโดย โทรไปประสานตึกผู้ป่วยในเรื่องนำอาหารมาให้ผู้ป่วยทาน และให้โรงครัวโทรมาสอบถามยอดผู้ป่วยทุกวันที่ห้องรอคลอด',2,'',NULL,NULL),(441,1,'4105','นาย','กงกวี','ตาควัน',2,2,1,'2015-09-22 00:00:00','2015-09-22 00:00:00','ญาติให้ประวัติว่า ขณะยืนปัสสาวะ ผู้ป่วยวูบล้มลง จากนั้น ตาค้าง น้ำลายฟูมปาก ไม่รู้สึกตัว มีศรีษะด้านซ้ายบวมโน เป็นก่อนมา 20 นาที\r\n\r\nPE: DTX=128mg%\r\n- on ET-tube no 7.5 marked 21\r\n- NSS 1000 ml iv 80 cc/hr\r\n- Diazepam 10 mg iv \r\n',1,1,4,5,10,1,'refer By  Nurse เนื่องจากขาดอุปกรณ์ทางการแพทย์ /ศักยภาพไม่เพียงพอไม่มีแพทย์เฉพาะทาง',1,'',NULL,NULL),(442,1,'18409','','','',10,10,10,'2015-07-26 00:00:00','2015-09-24 00:00:00','มารดามาคลอด สูง 145 ซม. มาเวลา 13.30 แรกรับ PV cervix 1 cm  eff 10% station -2 นอนรอที่ห้องคลอด ถึงวันต่อมา เวลา 12.00 น. cervix fully dilate เบ่งคลอด 1 ชม. ไม่คลอด รายงานแพทย์ทราบ แพลนทำ Vacuum  เมื่อแพทย์ทราบความสูงของมารดา 145 ซม. จึง off VAC refer รพ.เลย โดยพยาบาลนำส่ง',1,1,3,2,11,2,'ปรับปรุงแบบฟอร์มการประเมินความเสี่ยงให้ชัดเจน และมีการส่งเวรเรื่องภาวะเสี่ยงของมารดาทุกราย',1,'',NULL,NULL),(443,1,'','','','',10,10,10,'2015-05-29 00:00:00','2015-09-24 00:00:00','มารดาชาวลาว (สามีไทย ) G1P0A0L0 ANC ที่ รพสต. 5 ครั้ง  U/S ที่ รพ. 1 ครั้ง ตอนยายุครรภ์ 20 wks  แรกรับ HF=38 cm เมื่อเข้าสู่ระยะคลอด ปรากฎเป็นทารกแฝด \r\nรายงานแพทย์ สามารถคลอดปกติทั้ง สองราย แต่ทารกคนที่2 ต้องให้ยาเร่งคลอด และมีภาวะ  Birth asphyxia Apgar 2-8-10',4,76,4,4,11,2,'ให้วัด HF เป็น CM ในการดูแลหญิงตั้งครรภ์ทั้งงาน ANC และงานห้องคลอด  รายงานแพทย์ทันทีที่พบ HF ไม่สัมพันธ์กับ GA เพื่อให้แพทย์ช่วยประเมินผู้ป่วย case preterm GA < 35 wks แพทย์ U/S ทุกรายถ้า GA > 35 wks แพทย์ช่วยประเมินผู้ป่วย จัดทำ CPG ในการดูแลทารก Low birth weight ',1,'','null',''),(444,1,'5803782','','','',11,12,11,'2015-09-25 00:00:00','2015-09-25 00:00:00','ผู้ป่วยใช้สิทธิประกันสังคม รพ.เอกชน  แต่ส่งสิทธิตรวจมาเป็น ประกันสังคม รพ.สาธารณสุขอื่น',2,17,1,2,NULL,1,'',2,'',NULL,NULL),(445,1,'0016811','','','',11,12,11,'2015-09-25 00:00:00','2015-09-25 00:00:00','ผู้ป่วยใช้สิทธิประกันสังคม รพ.เอกชน  แต่ส่งสิทธิตรวจมาเป็น บัตรทอง UC. ในเขต โดยไม่มีการเช็คสิทธิก่อนส่งตรวจ',2,17,1,2,NULL,1,'',2,'',NULL,NULL),(446,1,'0039913','','','',11,12,11,'2015-09-25 00:00:00','2015-09-26 00:00:00','ผู้ป่วยใช้สิทธิบุคคลสถานะและสิทธิ (สิทธิ99) แต่ส่งสิทธิตรวจเป็น คนต่างด้าวขึ้นทะเบียน(นอกเขตจังหวัดเลย) (สิทธิ12)',2,17,1,2,NULL,1,'',2,'',NULL,NULL),(447,1,'5701859','','','',11,12,11,'2015-09-26 00:00:00','2015-09-26 00:00:00','ผู้ป่วยย้ายสิทธิมาเป็น รพ.เชียงคาน แล้ว แต่ยังส่งสิทธิตรวจเป็นสิทธิ UC.ต่างอำเภอ (ไม่มีการเช็คสิทธิผู้ป่วยก่อนส่งตรวจ)',2,17,1,2,NULL,1,'',2,'',NULL,NULL),(448,1,'0015504','','','',11,11,11,'2015-09-26 00:00:00','2015-09-26 00:00:00','ผู้ป่วยมีสิทธิ UC.ต่างอำเภอ มาทำฟันต้องชำระเงินเองทั้งหมด แต่ส่งสิทธิตรวจมาเป็น UC. 30 บาท โดยไม่มีการเช็คสิทธิผู้ป่วยก่อนส่งตรวจ',2,17,1,2,NULL,1,'',2,'',NULL,NULL),(449,1,'0042620','','','',11,12,11,'2015-09-26 00:00:00','2015-09-26 00:00:00','ผู้ป่วยอายุ 16 ปี เป็นสิทธิ UC.30 บาท แต่ส่งสิทธิตรวจมาเป็น นักเรียน ม.ต้น (13-15ปี) โดยไม่มีการเช็คสิทธิก่อนส่งตรวจ',2,17,1,2,NULL,1,'',2,'',NULL,NULL),(450,1,'5803007','','','',11,12,11,'2015-09-27 00:00:00','2015-09-27 00:00:00','ผู้ป่วยมีสิทธิ wel.ต่างอำเภอ แต่ส่งสิทธิตรวจเป็นสิทธิ  ไม่มีสิทธิ (ชำระเงินเอง) โดยไม่มีการเช็คสิทธิก่อนส่งตรวจ',2,17,1,2,NULL,1,'',2,'',NULL,NULL),(452,5,'','','','',17,2,2,'2015-09-15 00:00:00','2015-09-15 00:00:00','พบก๊อส,มีสีดำ/ม่วง ใน Set สวน urine \r\nเปลี่ยน set ใหม่ ',5,52,2,2,6,1,'',2,'',NULL,NULL),(455,5,'','','','',17,2,2,'2015-07-26 00:00:00','2015-07-26 00:00:00','set เย็บไม่มี Non -Tooth Forcep\r\n',5,52,2,2,6,1,'',2,'',NULL,NULL),(456,5,'','','','',3,2,2,'2015-07-23 00:00:00','2015-07-23 00:00:00','ผู้ป่วย admit รอรับยาที่ห้องยาก่อน admit นาน  เกิดความแออัดในการรอหน้าห้องฉุกเฉิน แก้ไขเบื้องต้น โทรแจ้งห้องยา ควรมี จนท.จัดยาแยก จากผู้ป่วยทั่วไป\r\n',8,69,3,4,8,2,'ทบทวนร่วมกันใน PCT ให้ปรับระบบโดยให้นำผู้ป่วยเข้าไป IPD ก่อนค่อยให้ญาติกลับมาเบิกยา',1,'','null',''),(459,5,'','','','',4,2,2,'2015-04-14 00:00:00','2015-04-14 00:00:00','รอ Lab CBC , UA นาน 2 ชม.\r\n',1,3,2,4,8,1,'',1,'',NULL,NULL),(464,1,'','','','',8,3,8,'2015-09-23 00:00:00','2015-09-28 00:00:00','มียาผู้ป่วยเตียง  105 อยู่ในลิ้นชัก 110',8,69,2,4,7,2,'แจ้งพยาบาลที่รับ assign ใช้หลัก 6R   และพยาบาลเจ้าของไข้ทบทวนซ้ำ',1,'','null',''),(467,1,'5802690','','','',8,10,10,'2015-07-10 00:00:00','2015-09-29 00:00:00','ทารกคลอด 8 กค. 2558 เวลา  20.13 น. แรกเกิดดูซีด เจาะ Hct = 55 % DTX = 122 mg% ห้องคลอดเตียงเต็ม จึงย้ายมารดา ทารก ไปตึกผู้ป่วยใน เมื่อครบ 48 ชม. ผู้ป่วยในไม่ส่งทารกมาเจาะ Hct MB  PKU Blood group ก่อน  D/C แก้ไขโดย แจ้งให้ตึกผู้ป่วยในทราบปัญหา',1,3,4,2,8,2,'แก้ไขโดย แจ้งให้ตึกผู้ป่วยในทราบปัญหา และให้ส่งทารกมา D/C ที่ห้องคลอดทุกราย เมื่อครบ 48 ชม.\r\nทำแนวปฏิบัติชัดเจน เช็คลิสความครบถ้วนในการให้บริการมารดาและทารก',1,'',NULL,NULL),(468,1,'37234','นาง','','',10,10,8,'2015-05-16 00:00:00','2015-09-29 00:00:00','มารดามาคลอด เวลา 6.06 น. GA 34+6 wks มารดา G1P0A0L0 เจ็บครรภ์คลอดก่อนมา รพ. 7 ช.ม แรกรับไม่ได้นำสมุดฝากครรภ์มา PV not dilate I=5 นาที D=20 วินาที Admit IPD เพื่อยับยั้งคลอด จนถึงเวลา 03.00 น. ผู้คลอดเจ็บครรภ์ถี่ Cx dilate 3 Cm  Eff 50% MI station +1  Refer รพ.เลย by ambulance + nurse วันต่อมา ได้รับแจ้งจาก รพ. เลยว่าเป็นเคสที่ GA term แล้วยับยั้งคลอดทำให้ ยับยั้งคลอดไม่สำเร็จ ทารก น้ำหนัก 3,000 gm Active ดี',4,76,3,4,8,2,'ให้มีการ Corrected EDC ในหญิงตั้งครรถ์ทุกรายตั้งแต่แผนก ANC เมื่อผู้คลอดมาคลอดถ้ายังไม่ได้รับการ  Corrected EDC. รายงานแพทย์เพื่อ   Corrected EDC. ให้ทุกราย  เคส Preterm GA < 35 wks แพทย์ U/S ให้ทุกราย\r\n',1,'','null',''),(469,1,'','','','',10,10,10,'2015-06-23 00:00:00','2015-09-29 00:00:00','มารดา G1P0A0L0 GA 28 Wks เจ็บครรภ์คลอด มา รพ. Cx fully dilate ย้ายเข้าห้องคลอด เตรียมออกซิเจนให้ทารก ออกซิเจนหมด ต้องมีการเปลี่ยนออกซิเจนฉุกเฉิน การแก้ไข ทบทวนการตรวจสอบออกซิเจนกับพนักงานบริการ ให้ตรวจสอบออกซิเจนทุกวัน',1,7,2,2,8,2,' แก้ปัญหาโดย  พนักงานบริการ  มีการตรวจสอบออกซิเจนทุกวัน',1,'',NULL,NULL),(474,4,'','','','',10,10,10,'2015-05-27 00:00:00','2015-09-29 00:00:00','อุณหภูมตู้เย็น 8.30 น. วันที่ 27 พค. 2558 12.5 องศาเซลเซียส เนื่องจากมีการกดละลายน้ำแข็ง จึงย้ายวัคซีนและยาไปฝากไว้ที่ ER',8,69,1,2,8,2,'ก่อนทำการละลายน้ำแข็งทุกครั้ง ให้นำยาและวัคซีนไปฝากไว้ที่ตู้เย็น ER ก่อนทุกครั้ง',2,'',NULL,NULL),(475,4,'','','','',10,10,10,'2015-06-25 00:00:00','2015-09-29 00:00:00','ห้องผ่าตัดเหม็นคล้ายซากสัตว์ตาย แจ้งช่างแอร์ตรวจสอบแอร์ ท่อแอร์ ไม่พบความผิดปกติ แจ้งคนงานตรวจสอบฝ้าเพดาน ประตู กระจก ไม่พบ แต่พบหนอนที่ใต้ถังไนตรัส และรอยเลือด ',8,69,2,4,8,2,'แจ้งพนักงาน ทำความสะอาดห้องผ่าตัดทุกสัปดาห์ และทำความสะอาดก่อนหลังใช้ห้องผ่าตัด ทุกครั้ง และมีการตรวจสอบโดยหัวหน้าเวร',2,'',NULL,NULL),(476,1,'','','','',10,10,10,'2015-05-29 00:00:00','2015-09-29 00:00:00','เวรดึก พยาบาลแจ้งว่า ออกซิเจนเปิดได้แค่ 5 LPM แจ้งคนงานเปลี่ยนออกซิเจนใหม่ ในเวรเช้า',5,52,3,5,10,2,'แจ้งคนงานเปี่ยนเกย์ออกซิเจนทันที\r\nแจ้งซ่อมเกย์ออกซิเจนทันที\r\nแจ้งให้ทำตามแนวทางปฏิบัติในการเช็คออกซิเจนทุกเวร',2,'',NULL,NULL),(477,1,'0065039','นาง','ฮง','สายวัน',8,23,4,'2015-09-28 00:00:00','2015-09-29 00:00:00','ผู้ป่วยหลังD/C นัด FU เข้าคลินิก CKD แต่ IPD ไม่ได้ สั่ง Lab  ล่วงหน้า  ผู้ป่วยมารับบริการ จึงไม่ได้ตรวจเลือดเพราะไม่มีคำสั่ง ห้องแลปเจาะเลือดไว้ ไม่พอ  ต้องเจาะ 2 ครั้ง  ผู้ป่วยเสียเวลารอนาน',1,75,3,4,8,2,'แจ้งผู้เกี่ยวข้องทราบแล้ว พยาบาล IPD ไม่ทราบว่าต้องเจาะ lab ประจำปีอะไรบ้าง  ได้ประสานกับ case manager ขอข้อมูลตรวจ lab รายปี   เลขา PCT จัดทำตารางปฏิบัติงานทางคลินิคของ รพ. และการตรวจ lab รายปีรายโรค  มอบให้แต่ละงานแล้ว  ',1,'','{\"f9082c5f4355703b5e4ffa7d81fceb4c.xlsx\":\" รพชค.xlsx\"}',''),(480,3,'','','','',16,8,25,'2015-09-28 00:00:00','2015-09-29 00:00:00','ผ้าเช็ดมือที่ดึงออกมาจากถุงที่ซักแล้วมีหลุดออกมาจากถุงหลายชิ้น',5,52,2,NULL,NULL,1,'',2,'',NULL,NULL),(481,3,'','','','',16,8,16,'2015-08-29 00:00:00','2015-08-29 00:00:00','แผนกซักฟอกได้นำผ้ามาส่งที่ตึกผู้ป่วยใน ได้นำถุงผ้ามาวางไว้บนพื้น ซึ่งโดยปกติถุงผ้าจะต้องอยู่บนรถเข็น และไม่ได้ให้เจ้าหน้าที่ผู้ป่วยในเซ็นต์ชื่อรับผ้า',8,69,1,2,8,1,'',2,'',NULL,NULL),(485,1,'5803913','','','',11,12,11,'2015-10-04 00:00:00','2015-10-04 00:00:00','ผู้ป่วยเป็นคนลาว ชื่อนางบาง  สีประมวน  แต่เจ้าหน้าที่ทำชื่อผู้ป่วยมา  ชื่อนางบา  สีประมวน  ซึ่งเป็นคนละชื่อกับที่ผู้ป่วยบอกตอนรับยาและชำระเงิน',2,18,1,2,NULL,1,'',2,'','null','GAHGdPWPp5kVwOU2AsiTRS'),(486,1,'5801623','','','',11,12,11,'2015-10-03 00:00:00','2015-10-04 00:00:00','ผู้ป่วยเป็นคนลาว ชื่อ ด.ช.ดีโอ้  บุดทะวงค์ แต่เจ้าหน้าที่ทำชื่อผู้ป่วยมา  ชื่อ ด.ช.ดีโอ่  บุดทะวงค์  ซึ่งเป็นคนละชื่อกับที่ผู้ป่วยบอกตอนรับยาและชำระเงิน',2,18,1,2,NULL,1,'',2,'','null','ceJuqsSTQ8-Z_AfoSzbDiU'),(487,3,'5702000','','ศุภกฤต','ด้วงคำน้อย',7,7,7,'2015-09-15 00:00:00','2015-10-05 00:00:00','Pt.admit ที่ER แต่ER ไม่คีย์ยาและเวชภัณฑ์ที่ใช้ไป',2,18,1,2,7,2,'แจ้งแนวทางปฎิบัติให้ผู้เกี่ยวข้องทราบเมื่อ 30 พย. 2558',2,'พยาบาลงานผู้ป่วยนอก  คนงาน ผู้ช่วยเหลือคนไข้และ จนท.เวชสถิติ จำนวน 14 คน','null','evcrap8cU6V_oERGqQJQeT'),(488,1,'406535702000','','พรม','คำแป้น',8,7,7,'2015-09-15 00:00:00','2015-10-05 00:00:00','Pt. ในกลับบ้านชื่อ พรม คำแป้น แต่สอดใบsummary D/c ใส่ชื่อคนอื่น',2,16,1,2,6,2,'ให้ใช้หลักการ patient identify  ทุกรายและมีการตรวจสอบซ้ำก่อนส่ง',2,'','null','syXF32ZwnmC7LFxdSfXZTi'),(490,3,'','','','',17,2,2,'2015-09-29 00:00:00','2015-10-01 00:00:00','Set ทำแผลไม่มี Non tooth forcep',5,52,2,NULL,NULL,1,'',2,'','null','cZXvy9KvSM-UM1kBiCgM5G'),(491,3,'','','','',10,10,10,'2015-06-17 00:00:00','2015-10-05 00:00:00','ขณะทำคลอด ฝนตก น้ำรั่ว แอร์ไม่เย็น \r\nแก้ไขโดย แจ้งช่างมาดำเนินการซ่อมแซมด่วน',6,56,3,7,11,2,'ช่างดำเนินการซ่อมแซมเรียบร้อย',2,'','null','xYI8H0HPZLwrJysNGghqxH'),(492,1,'5702364','นาย','นาวิน','อาจแก้ว',1,3,1,'2015-10-06 00:00:00','2015-10-06 00:00:00','ผู้ป่วยไม่ได้ตรวจ ECG แต่แพทย์ remed ค่า ECG มา',2,18,3,NULL,NULL,1,'',1,'','null','fgIFKQTB9JA6U-9E0mDmSI'),(493,1,'5803947','นาง','กี','สีลา',1,12,1,'2015-10-06 00:00:00','2015-10-06 00:00:00','ผู้ป่วย refer แพทย์ไม่ key ค่ารถ refer',2,18,3,NULL,NULL,1,'',1,'','null','tz_rZ80oItsrxmyViMyhRM'),(494,1,'23763','นาย','อุดร','แก้วพิลารมย์',4,4,4,'2015-10-02 00:00:00','2015-10-06 00:00:00','คนไข้ชื่อนายอุดร แก้วพิลารมย์ HN 23763 ส่งตรวจ ไทรอยด์ที่โรงพยาบาลเลย  หลอดเลือดสูญหายในขั้นตอนการนำส่ง ต้องตามคนไข้มาเจาะเลือดใหม่',8,69,3,6,8,2,'แนวทางแก้ไขปัญหา ตรวจสอบตัวอย่างให้ครบถ้วนก่อนนำส่ง บรรจุให้เรียบร้อย ป้องกันการสูญหาย',1,'','null','sd4XapB1o6_B14XDhuUGX8'),(495,1,'27841','นาง','ปนัดดา','กำเนิด',7,4,1,'2015-09-30 00:00:00','2015-10-06 00:00:00','คนไข้นางปนัดดา กำเนิด งานผู้ป่วยนอก แพทย์สั่งตรวจไทรอยด์ แต่คนไข้ไม่ได้มาเจาะเลือดที่ห้องLAB ในวันฟังผลจะไม่มีผลให้ฟังตามนัด',8,69,3,2,8,2,'ประชุมชี้แจงแนวทางปฎิบัติให้ผู้เกี่ยวข้องทราบแล้ว 30 พย.2558',1,'พยาบาลงานผู้ป่วยนอก  คนงาน ผู้ช่วยเหลือคนไข้และ จนท.เวชสถิติ จำนวน 14 คน','null','rrUFX3TC5tJ_RxUQELFPWJ'),(496,1,'42067','','มินตรา','ทาป้อง',8,3,8,'2015-10-07 00:00:00','2015-10-07 00:00:00','ผู้ป่วย Admit Chart ชื่อมินตรา ทาป้อง HN 42067 แต่ OPD card ที่ส่งมาชื่อกมลทิพย์ วงษ์ลา HN 5501133',2,16,3,4,7,2,'ให้ใช้หลัก patient identify ในการระบุตัวผู้ป่วยทุกราย',1,'','null','DIiaLis2msCCAqZAgFZBhD'),(497,1,'','','นครินทร์','บุญสม',2,3,2,'2015-10-06 00:00:00','2015-10-07 00:00:00','ให้บัตรนัดผิดคน ผู้ป่วยชื่อ ด.ช.นครินทร์ บุญสม ได้ใบนัดชื่อ ด.ช.นรภัทร โสมายัง',1,75,3,2,6,2,'แจ้ง จนท.รับทราบ ทบทวนเอกสารก่อนส่งให้ผู้ป่วยทุกครั้ง',1,'','null','37HHEer0eIcM3M5nnnZrux'),(498,3,'5803859','นาง','อุทัย','สีสะอาด',10,10,12,'2015-09-30 00:00:00','2015-10-07 00:00:00','เจ้าหน้าที่ห้องคลอดเวรดึกวันอาทิตย์ จำหน่ายผู้ป่วยรอคลอด เองโดยไม่ผ่านการเงินจำหน่าย เนื่องจาก LR ปรับระบบการจำหน่ายผู้ป่วยใหม่ ให้เป็นมาตรฐานเดียวกันทั้ง รพ. โดยให้คีย์ขอเลข refer  discharge และส่ง Chart ให้การเงิน D/C ให้ทุกรายในเวลาราชการ  แต่เจ้าหน้าที่ยังไม่ทราบวิธีการคีย์ข้อมูล  จึงทำ Discharge ก่อนส่งเจ้าหน้าที่การเงิน ทำให้ ผิดขั้นตอนการ Discharge \r\nแก้ไข้โดย จัดทำวิธีการ/ขั้นตอนการจำหน่ายผู้ป่วย แบบมีภาพ Hosxp และทำกิจกรรม 2 ติ๊ก ให้กับเจ้าหน้าที่ทุกคนของแผนก LR/ER เนื่องจากใช้บุคลากรร่วมกัน',8,69,2,2,6,2,'หลังการทบทวน จัดทำวิธีการ/ขั้นตอนการจำหน่ายผู้ป่วย แบบมีภาพ Hosxp และทำกิจกรรม 2 ติ๊ก ให้กับเจ้าหน้าที่ทุกคนของแผนก LR/ER เนื่องจากใช้บุคลากรร่วมกัน',2,'','null','pdHhrLMbWaGRcTSZR7UwMC'),(499,1,'5801409','นาง','มั่น','กงนรินทร์',2,4,4,'2015-10-07 00:00:00','2015-10-07 00:00:00','คนไข้เจาะเลือดเมื่อเวลาประมาณ 16.13 น.ตรวจ BUN,CREATININE,ELECTROLYTE ห้องฉุกเฉิน KEY เพิ่ม LAB  LFT โดยไม้่ได้แจ้งให้ห้องLAB ทราบ ทำให้อาจเกิดความเสี่ยงไม่ได้รับการตรวจ TEST ดังกล่าวได้',8,69,1,2,5,2,'แจ้ง จนท.รับทราบ ถ้ามีการเพิ่ม Lab ให้โทรแจ้งห้อง Lab ทุกครั้ง',1,'','null','9T1h0_Q-hEvTEMgvHARtI2'),(502,1,'5803991','นาง','ทีตา','',11,3,11,'2015-10-09 00:00:00','2015-10-09 00:00:00','ผู้ป่วยชื่อ ทีตา ไม่มีนามสกุล แต่ใส่ประวัติเป็น ชื่อ ที นามสกุล ตา',2,18,3,2,5,2,'ถามรายละเอียดให้ชัดเจน  ถามชื่อ ทวน ทุกครั้งที่ผู้ป่วยบอก',1,'เจ้าหน้าที่ห้องบัตร','null','wKx1f6HqBDgdxkKHnPE_bu'),(503,4,'','','','',14,2,2,'2015-10-07 00:00:00','2015-10-09 00:00:00','ไฟฟ้าดับ มา 2 วัน  ยังใช้งานไม่ได้ ห้อง Lab , X-ray เครื่องทำงานไม่ได้ ผู้ป่วยไม่ได้รับการ ตรวจ Lab + X -ray ส่งผลให้การวินิจฉัยโรคล่าช้า และอาจเกิดความผิดพลาดได้',6,55,3,NULL,NULL,1,'',2,'','null','hq-rEwU4wWVs_VEh5v9D5F'),(504,1,'30731','','รัฐภาพ','พรมมงคล',32,7,11,'2015-10-06 00:00:00','2015-10-12 00:00:00','ตาของผู้ป่วย นำOPD Card กลับบ้านตั้งแต่ ปี 2557 แล้วนำกลับมาคืน เดือนตค.58(ทำให้เวลาเด็กมาฉีดวัคซีน ไม่มีOPD Card ทุกครั้ง',2,15,3,8,8,1,'',2,'','null','wDtvojxXOjvT7-k2ID5w2l'),(505,2,'','','','',36,15,36,'2015-10-02 00:00:00','2015-10-12 00:00:00','เมื่อวันที่ 2 ต.ค 2025 น้องสะใภ้ได้ไปเฝ้ายายที่โรงพยาบาลเมือเวลา 18นาฬิกาเศษของวันที่ 2 ต.ค 2015น้องสะใภ้ได้เข้าไปอาบน้ำที่ห้องน้ำตึกผู้ป่วยหญิง ตอนกำลังจะอาบได้เลือบไปเห็นฝาผนังว่ามีคนแอบดูดยู่ เห็นศรีษะส่วนบนว่าเป็นผู้ชายวัยกลางคน.เลยรีบอาบใส่ผ้าเช็ดตัววิ่งออกมาดูเห็นศรีษะส่วนบนว่าเป็นผู้ชายวัยกลางคน พอออกมาก็ปรากฎว่าไม่เห็นใครแล้วตอนนีน้องก็เฝ้ายายอยู่ขอให้ทางโรงพยาช่วยดูแลความปลอดภัยด้วยค่ะเพราะเหตุการณ์แบบนี้อาจเกิดขึ้นอีกได้เป็นแน่',7,66,2,7,11,2,'ให้คนงานเวรบ่ายดึก  เดินสำรวจความเรียบร้อยบนตึก  เป็นระยะๆ  ถ้าพบเห็นสิ่งผิดปกติให้รีบแจ้งหน.เวรทราบทันที',2,'','null','vZP_1yFmhsC2F5_8iQu3Ed'),(506,3,'','','','',3,2,11,'2015-10-07 00:00:00','2015-10-10 00:00:00','พบป้ายเตือนแพ้ยาใน OPD  card แจ้งแพ้ DCF ing IV   BP  drop ( รพ.ไม่เคยฉีด DCF ing IV )\r\nแกไข้ แจ้งห้องยารับทราบ ควรมีการตรวจสอบ ก่อนส่ง OPD  card ออก มา',2,18,3,2,5,2,'ไม่สามารถหาสาเหตุได้เนื่องจากไม่พบมี HN ผู้ป่วย',1,'','null','fh75gidY1T8Si0d8dS6w_Y'),(507,1,'','','ณฑัต','มีบุญ',7,2,2,'2015-10-16 00:00:00','2015-10-09 00:00:00','ผู้ป่วยตรวจ OPD รอ Lab ส่งตรวจ Lab 15.00 น. 16.30 น.  พยาบาล OPD ลงเวร ไม่ได้ OK case กับ  พยาบาล ER  16.50 น. ญาติผู้ป่วยมาถาม ER ว่าผลเลือออกยัง จนท. ER หา OPD card ไม่พบ จึงเดินไปดูที่ OPD พบว่า วางอยู่ที่โต๊ะหน้าห้องตรวจ \r\nพยาบาล OPD ก่อนลงเวรควรมีการตรวจดู OPD card ที่เหลืออยู่ที่โต๊ะ และมีการ OK พยาบาล ER ',1,13,3,NULL,NULL,2,'ประชุมทบทวนแนวทางและชี้แจงให้ผู้เกี่ยวข้องทราบแล้ว 30 พย.2558',1,'พยาบาลงานผู้ป่วยนอก  คนงาน ผู้ช่วยเหลือคนไข้และ จนท.เวชสถิติ จำนวน 14 คน','null','mZ7giNXd08j03evFD9fH22'),(508,3,'','','','',36,2,36,'2015-10-04 00:00:00','2015-10-05 00:00:00','เวลา 21.00 น. มีคนร้ายปีนขึ้นห้องพัก พิเศษ 2 ตึกผู้ป่วยใน 2 ซึ่งเป็นที่พักของ จนท.เวชกิจ และขโมยชุดชั้นในซึ่งตากอยู่ราวตากผ้าระเบียงหลังห้อง แล้วปีนหนีไปด้านหลังรั้วข้าง รพ.\r\nแก้ไขเบื้องต้นโดยโทรแจ้ง เพื่อนร่วมงาน ที่ตึกอุบัติเหตุ ฉุกเฉินให้ไปช่วยเหลือแต่ไม่สามารถจับคนร้ายได้',7,64,3,4,6,1,'',2,'','null','sVAJEyrvHgYOtTqtxTBb2l'),(509,1,'0045981','','วิโรจน์','แสงสีดา',22,3,12,'2015-10-12 00:00:00','2015-10-13 00:00:00','Pt.มาตรวจรักษาและทำกายภาพบำบัด แพทย์สั่ง Lumbar support และ walkerช่วยเดิน \r\nแต่เมื่อไปพบกายภาพ ประเมินแล้วpt.ไม่พร้อมยืนกายภาพจึงไม่ให้อุปกรณ์ต่างๆนั้น ซึ่งมีค่าใช้จ่ายรวม1450บาท แต่ไม่มีการลบรายการจากhosXp เมื่อpt.มาชำระเงินพบว่าค่าใช้จ่ายสูงกว่าที่ควรเป็นจึงขอตรวจสอบค่าใช้จ่าย\r\nเภสัชไปพบกายภาพเพื่อสอบถาม ได้ความแล้วจึงให้การเงินยกเบิกใบเสร็จและคืนเงินให้แก่Pt. ',5,51,3,2,5,2,'',2,'','null','x_O1vJoJqUouYjmTiBgExA'),(510,3,'','','','',17,2,2,'2015-10-05 00:00:00','2015-10-13 00:00:00','ซองแพค กรรไกรตัดไหมเปิด ปิดไม่สนิท\r\n',5,52,2,NULL,NULL,1,'',2,'','null','H0j6_6Q2aqd1OIrsoKVZhP'),(511,1,' 5501539','น.ส.','สุภาวัลย์','วรสันเทียะ',7,7,7,'2015-10-13 00:00:00','2015-10-14 00:00:00','ผู้ป่วยมาI&D ที่ห้องPV  แล้วกลับบ้าน 2 ชม. และกลับมาใหม่ด้วยBP drop ที่ER',1,8,5,4,7,2,'ทบทวนร่วมกันกับแพทย์ พยาบาล OPD  ER\r\n1.หลังทำหัตถการทุกครั้ง ต้องวัดสัญญาณชีพ ประเมินผู้ป่วยก่อนลงจากเตียงPV\r\n2. ติดป้ายเตือนที่ห้องPV',2,'','null','jqRQZnQFOtA_N9PAXhK_wc'),(512,5,'0005325','นาง','เจียง','ดีตา',8,11,8,'2015-10-14 00:00:00','2015-10-14 00:00:00','ชาร์ท  ยังไม่ได้ทำการ  D/C แต่ส่งชาร์ทกลับไปที่ห้องบัตร พร้อม OPD Card ซึ่งเกิดความเสี่ยงที่ทำให้เวชระเบียนสูญหายได้ ',2,15,4,2,6,2,'ให้ตรวจสอบความถูกต้อง  / ความเรียบร้อยของเอกสารทุกครั้งก่อนส่งเอกสาร',2,'','null','uEhznr1tmluDqDCAx99974'),(513,5,'5303305','นาย','คมสันต์','ทิพย์สารี',8,11,8,'2015-09-01 00:00:00','2015-10-14 00:00:00','ไม่ส่งเวชระเบียนผู้ป่วยในและเวชระเบียนผู้ป่วยนอก ตามระยะเวลาที่กำหนด  ครนไข้ D/C วันที่  1  กันยายน 2558 ด้วยการ  refer  ซึ่งทางเวชระเบียนได้สอบถามทางผู้ป่วยในแล้วได้ความว่า  เวชระเบียนสูญหาย  หาไม่พบ  ไม่สามารถเก็บประวัติการรักษาของผู้ป่วยและไม่สามารถเบิกค่ารักษาตามสิทธิการรักษาของผู้ป่วยได้',2,15,4,2,6,2,'ให้มีการส่งคืนเวชระเบียนทุกเวรเช้าก่อนเลิกงาน  จัดทำเอกสารรายชื่อผู้ป่วยที่จำหน่ายประจำวันในการส่งมอบและตรวจนับเอกสารร่วมกันก่อนส่งและให้มีการเซ็นต์รับทราบร่วมด้วยทุกครั้ง  หากพบว่าไม่ตรงกับจำนวน / ชื่อคนไข้ที่ส่งมอบให้แจ้งแก่ IPD ในทันทีเพื่อค้นหาต่อไป  แต่บางครั้งพบว่าคนที่เซ็นรับเอกสารที่ส่งมอบไม่ตรวจนับก่อนรับของ  มาพบอีกครั้งว่าสูญหายตอนที่จนท. เวชสถิติต้องลงบันทึกข้อมูล   ทำให้เกิดความผิดพลาดขึ้น',2,'','null','NvULqknNbVhReo0O3qwSK4'),(516,3,'5803159','นาย','มาด','หนูแพงดี',11,20,11,'2015-10-13 00:00:00','2015-10-15 00:00:00','ค้นแฟ้มผู้ป่วยนัดคลินิกจิตเวช ผู้ป่วยที่นัด HN 5803159 ได้แฟ้ม HN  5603159',2,16,2,2,6,2,'ให้ดูชื่อผู้ป่วยก่อนส่งแฟ้มทุกครั้ง',1,'เจ้าหน้าที่ห้องบัตร','null','KxINTuB-MroAKqxvfWiO07'),(517,1,'5600111','นาย','ธนงศักดิ์','สอนพรหม',20,20,20,'2015-10-14 00:00:00','2015-10-15 00:00:00','ญาติผู้ป่วยมา มารับยาจิตเวชแทนผู้ป่วย แจ้งว่านัดมาวันนี้แต่บัตรนัดที่ได้รับเป็นชื่อ ของผู้ป่วยอีกคนคือได้รับของนายเขื่อน ทิพามาไป',2,16,3,2,8,2,'1. จนท.พิมพ์บัตรนัด ตรวจสอบ ชื่อ-สกุล วันที่ นัด คลินิกที่นัดให้ถุกต้องก่อนแนบไว้กับแฟ้มผู้ป่วยเพื่อรอรับยา\r\n2.เมื่อรับยา เภสัชกร ตรวจสอบ ชื่อ-สกุล วันที่ นัด คลินิกที่นัด อีกครั้ง ก่อนมอบบัตรนัดให้ผุ้ป่วย หรือญาติที่มารับยาแทน',1,'คุณอาทิตย์ สอนพรหม  คุณอัญชลี  คำกำจร ภก.รังสรรค์ เจนการ และคุณสุทธิดา กาญจนโชติกพงศ์','null','VMC36oa62WMWKPZ1OemLL_'),(518,1,'22146','นาย','นายคูณ','สอนพรหม',7,7,7,'2015-10-16 00:00:00','2015-10-16 00:00:00','นาย คูณ สอนพรหม ไอเรื้อรัง มา 1 เดือน แพทย์เขียนมาจากคลินิกให้มาตรวจเลือด และนั่งแยกรักษ์ปอด แต่ปล่อยให้ผู้ป่วยเดินมานั่งที่OPD',1,1,1,2,6,2,'ได้ประชุม เจ้าหน้าที่ห้องบัตร ทบทวนระบบการดูแลผู้ป่วย ไอเรื้อรัง ให้สวมMask และนั่งรอที่จุดรักษ์ปอด พยาบาลOPD จะไปซักประวัติ และส่งCXR  และไปรายงานแพทย์ แพทย์จะไปตรวจผู้ป่วยที่จุดรักษ์ปอด',2,'พยาบาลงานผู้ป่วยนอก  คนงาน ผู้ช่วยเหลือคนไข้และ จนท.เวชสถิติ จำนวน 14 คน','null','yJH7_aScDGoGva-woSMg48'),(519,1,'5801206','','ธรา  ','  ดีอุดมจันทร์',8,1,8,'2015-10-15 00:00:00','2015-10-16 00:00:00','Admit 15/10/58 ด้วยDF  ได้ตรวจCBC จากOPD แล้ว admit  ได้สั่ง AST  ALT ไว้ , เช้าวันที่ 16/10/58 ไปตรวจคนไข้ พบว่า ยังไม่มีผล  AST  ALT แต่มีผล Cr. Uric acid Eletrolyte แทน \r\n ผอ.ได้แจ้งให้พยาบาลIPD ตรวจสอบความถูกต้อง',1,3,3,4,6,2,'ให้ตรวจสอบชื่อสกุลผู้ป่วย  ตามหลัก patient identify ก่อนติดใบ lab ทุกครั้ง',2,'','null','z05OB-NS_5iP7VQ4z74pmI'),(520,5,'0009175','นาง','อัจฉรา','น้อยดา',3,11,8,'2015-10-16 00:00:00','2015-10-16 00:00:00','คนไข้ ซึ่งเป็นผู้ป่วยในได้ยื่นแฟ้มรับยาที่ฝ่ายทันตกรรม และส่งต่อให้การเงินเป็นผู้ทำ D/C แต่ฝ่ายเภสัชกรรม สอด Chart ไว้กับ  OPD Card แล้วนำไปไว้กับตะกร้า OPD card เมื่อห้องบัตรไปเก็บตะกร้า OPD card ได้พบเจอ Chart ผู้ป่วยในอยู่ในตะกร้า ซึ่งเหตุการณ์นี้มีโอกาสเสี่ยงให้ Chart ผู้ป่วยในสูญหาย ไม่สามารถเบิกเงินค่ารักษาตามสิทธิการรักษาได้',2,15,4,2,6,2,'รับทราบแนวทางปฏิบัติ อาจเกิดจากความรีบร้อน แจ้งให้ระมัดระวังมากขึ้น',2,'','null','BInAvSiNAb9ZGp0VF-pnH-'),(521,1,'5804109','น.ส.','ดวงพร','สุขุมพันธุ์พงศ์',11,12,11,'2015-10-16 00:00:00','2015-10-16 00:00:00','ผู้ป่วยมีสิทธิบัตรทอง รพ.ต่างจังหวัด มาล้างแผลต้องชำระเงินค่าล้างแผลเองทั้งหมด  แต่ส่งสิทธิตรวจมาเป็นสิทธิบัตรทอง 30 บาทในเขตจังหวัดเลย',2,17,1,2,NULL,1,'',2,'','null','HwlzhksZdq_erW9ZZgwLlV'),(522,1,'0029417','น.ส.','จีรณัฐ','บัวระพันธ์',11,12,11,'2015-10-17 00:00:00','2015-10-17 00:00:00','ผู้ป่วยใช้สิทธิ UC.บัตรทอง 30 บาท(ในเขต) แต่เจ้าหน้าที่ส่งสิทธิมาเป็นรัฐวิสาหกิจ โดยไม่มีการเช็คสิทธิก่อนส่งตรวจ',2,17,1,2,NULL,1,'',2,'','null','CFiBx0uBT3FDPYJxqvH3Eh'),(523,1,'0008791','นาง','นัตร','วงษ์ลา',11,12,11,'2015-10-17 00:00:00','2015-10-17 00:00:00','ผู้ป่วยสมัครจ่ายตรงที่ รพ.เชียงคาน แล้ว แต่เจ้าหน้าที่ไม่มีการเช็คสิทธิก่อนส่งตรวจ  จึงส่งสิทธิตรวจผิดมาเป็นสิทธิเบิกได้ หน่วยงานองค์กรท้องถิ่น',2,17,1,2,NULL,1,'',2,'','null','CF2LQhuHlrnERBrkfBZoLR'),(524,1,'5304452','น.ส.','บุษยมาศ','วังคีรี',11,12,11,'2015-10-17 00:00:00','2015-10-17 00:00:00','ผู้ป่วยมีสิทธิ UC.รพ.ต่างอำเภอ แต่ส่งสิทธิตรวจมาเป็นสิทธิ wel รพ.ต่างอำเภอ ซึ่งไม่มีการเช็คสิทธิก่อนส่งตรวจ',2,17,1,2,NULL,1,'',2,'','null','rsjsP2_HeOgMLJjgSTQtgj'),(525,1,'5604579','นาย','เฉลิมพงษ์','กุลศิริ',11,12,11,'2015-10-17 00:00:00','2015-10-17 00:00:00','ผู้ป่วยใช้สิทธิบัตรทอง 30 บาท(ในเขต) แต่ส่งสิทธิตรวจมาเป็นสิทธิประกันสังคม รพท.เลย แต่สถานพยาบาลหลักเป็น รพช.บางเลน โดยไม่มีการเช็คสิทธิการรักษาก่อนส่งตรวจ',2,17,1,2,NULL,1,'',2,'','null','3Jv7tSK8G1Eu50DwTj4ST_'),(526,3,'','','','',1,3,3,'2015-10-18 00:00:00','2015-10-18 00:00:00','แพทย์มาราวด์ช้า กระทบการทำงานของหลายฝ่าย รถยาคนไข้ในคันแรกส่งมา13.01น. คันที่2ส่ง14.50น. ห้องยาต้องใช้เวลาจัด1-1.5ชั่วโมง ส่งรถยาเกือบเลิกงาน การบริหารยาบางรายการอาจล่าช้า',1,1,1,2,6,1,'',1,'','null','PCJ1s91V3lGP-8LVC4nB8M'),(529,1,'25216','น.ส.','สุนิสา','สังฆะวงค์',1,2,3,'2015-10-20 00:00:00','2015-10-20 00:00:00','ผู้ป่วยนัดมาฟังผล Thyroid ครั้งต่อไปมีนัดเจาะ TFT ผู้ป่วยไปยื่นรับยาห้องยา  ห้องยาปริ้นสติ๊กเกอร์ให้ มาฉีด TAT human 250 u ที่ ER พยาบาล ER อ่าน order  ดู CC.ที่มาวันนี้ แปลกใจว่าผู้ป่วยทำไมต้องได้ฉีด TAT จึงโทรถามห้องยา เภสัชกร ไป consult แพทย์ พบว่าไม่มีการฉีด  เป็น Order นัดมาเจาะ TFT ครั้งต่อไป\r\nข้อ เสนอแนะ แพทย์ควรเขียนลายมือให้ชัดเจน อ่านง่าย',2,18,2,2,6,1,'',1,'','null','8E7bhgj9O6hRIJs7nXbNPq'),(537,1,'23299','น.ส.','นิชาลีย์','ลือวัฒนะ',8,10,10,'2015-09-13 00:00:00','2015-09-14 00:00:00','มารดา G3P1A1L1 GA 28+4 Wks  มีเลือดออกทางช่องคลอด ติดผ้าอนามัย Admit เวลา 06.30 น. ที่ IPD เพื่อสังเกตุอาการ ผู้ป่วยเริ่มเจ็บครรภ์เมื่อ 14.00 น. ยังไม่ได้รับการยั้บยั้งคลอด มารดาคลอดที่ IPD เวลา 14.50 น. และนำทารกมา On ET tube ที่ LR  ทารก น้ำหนัก 990 gm Apgar score 3-8-8 แต่เวชระเบียนไม่ได้ลงบันทึกการคลอด ไม่ได้คิดค่าคลอด ไม่ได้ออกใบรับรองการเกิด ',4,47,5,4,8,2,'จากการทบทวนร่วมกับทีม RM วันที่ 22/10/58 เนื่องจากพยาบาล WARD  ไม่เคยลงข้อมูลการคลอด ประสานกับ LR แล้ว  ถ้ามีมารดาที่ Admit ที่ IPD แล้วมีการคลอดเกิดขึ้น ให้พยาบาล IPD และพยาบาล LR ร่วมกันลงข้อมูลการ Admit เด็กแรกคลอด   ออกใบรับรองการเกิด  ข้อมูลการคลอดและลงบันทึกการคลอดใน HosXp  ให้ครบถ้วนตามเวชระเบียนการคลอด ',1,'','null','EQEI1hpvtOGXxLKdzZt8SB'),(538,1,'5801747','น.ส.','สุธิดา ','ไชยคีนี',10,10,10,'2015-09-27 00:00:00','2015-09-30 00:00:00','มารดามาคลอด ขณะเย็บแผลมีแมลงวัน 1 ตัวในห้องคลอดมาตอมแผล หลังการทบทวน ให้ปิดประตูห้องคลอด และห้องโถงหน้าห้องคลอดทุกครั้งหลังทำความสะอาด',7,66,4,2,6,2,'ให้ปิดประตูห้องคลอด และห้องโถงหน้าห้องคลอดทุกครั้งหลังทำความสะอาด',2,'กรรณิการ์ อุนา , ณัชชา จันทรัตน์ , ภัทราภรณ์  ผดาวัลย์','null','to5zvfPfSnfdj8LZ36wzAK'),(539,1,'0003569','นาง','แหวน','เจริญศรี',11,2,2,'2015-10-21 00:00:00','2015-10-21 00:00:00','ผู้ป่วยมารับบริการค้นประวัติใน HosXp พบเวชระเบียนเป็นเสียชีวิต ทำให้ส่งข้อมูบลไม่ได้ ต้องรอ Admin มาแก้ไข้ข้อมูลให้ แต่สาเหตุที่ผู้ป่วยประเป็นเสียชีวิต ยังไม่ทราบสาเหตุรอทบทวนร่วมกัน\r\nการแก้ไขเบื้องต้น  แจ้งAdmin มาแก้ไข้ข้อมูล',2,15,3,2,6,1,'',2,'','null','yg2lhx3CUulMHDIJLhrCtT'),(540,3,'','','','',12,2,2,'2015-10-24 00:00:00','2015-10-25 00:00:00','สมุดใบเสร็จรับเงินไม่ได้ปั๊มตรา รพ. , ชื่อ รพ.เชียงคานและรายการชำระเงิน\r\nการแก้ไขเบื้องต้น เจ้าหน้าที่ห้องฉุกเฉินทำการปั๊มตรา รพ.และเขียนรายการ \r\nข้อเสนอแนะ เจ้าหน้าที่การเงินควรเตรียมใบเสร็จรับเงินตรวจเช็คให้เรียบร้อยก่อนนำมาให้ห้องอุบัติเหตุ-ฉุกเฉิน',2,18,1,2,6,2,'การเงินได้ปั้มตรา รพ. / ชื่อ รพ. / รายการเก็บเงิน ในใบเสร็จรับเงินให้เรียบร้อยแล้ว',2,'','null','-wcWyOHBISIRyxduQbnuGC'),(542,3,'','','','',13,2,2,'2015-10-25 00:00:00','2015-10-25 00:00:00','เนื่องด้วยช่วงเทศกาลออกพรรษาที่เชียงคาน มีคนไข้จำเป็นต้อง refer ,และออกEMS หลายราย เวรของพนักงานขับรถแบ่งเป็นมือ 1,2 และ3 โดยมือ1,2 จะสลับกันออกคนละรอบทั้งreferและems ปัญหาเกิดจากมือ1ไปrefer รพ.เลย มือ2ออก ems เชียงคาน  มือ1กลับมาจาก รพ.เลย ต้องออกrefer ต่ออีกครั้ง เ่จ้าหน้าที่ห้องฉุกเฉินเห็นถึงความเสี่ยงที่อาจจะเกิดความเหนื่อยล้าของพนักงานขับรถเนื่องจากมีช่วงเวลาการพักผ่อนที่น้อย อาจทำให้เกิดอุบัติเหตุขณะขับขี่ยานยนต์ได้\r\nข้อเสนอแนะ ควรให้มือหนึ่งและมือสองสลับกัน refer ambulance  มือสาม ออก EMS แทน',8,68,1,2,8,1,'',2,'','null','_cgRpDFfg6DDyapsltf153'),(543,1,'5803778','','ก้องภพ','การรัตน์',1,2,2,'2015-10-23 00:00:00','2015-10-25 00:00:00','วันที่ 23 ต.ค.58 เวลาประมาณ 10.29 น.มารดาพาบุตรหลังคลอดอายุ 1 เดือน มาตรวจด้วยอาการ ตัวเหลือง ไม่ถ่ายมาสามวัน แพทย์ส่งเจาะ lab CBC ผล Hb = 13.9 , Hct mg% 40.2 % และอื่นๆ แพทย์นัด F/U 26 ต.ค.58 จำหน่ายกลับบ้าน วันที่ 24 ต.ค.58 มาขอผล lab บอกว่าจะไปรักษาที่อื่น\r\nการแก้ไข นำผลlabให้มารดาผู้ป่วยตามความต้องการ',1,75,3,2,6,1,'',1,'','null','Fy44oq4motMcLhFk5ofD7H'),(544,3,'','','','',12,2,2,'2015-10-25 00:00:00','2015-10-25 00:00:00','การเงินไม่ปั้มตรา รพ. /ชื่อ รพ./ รายการเก็บเงิน ในใบเสร็จ  ซึ่งอาจเกิดการผิดผลาดในรายการเก็บเงิน และมีผู้มารับบริการจำนวนมาก ส่งผลต่อการปฏิบัติงานล่าช้า ข้อเสนอแนะ จนท.การเงินควร ปั้มรายการต่างๆ ให้เรีบยร้อยก่อนนำมาส่งที่ ER ทุกครั้ง',8,69,3,2,6,2,'การเงินได้ปั้มตรา รพ. / ชื่อ รพ. / รายการเก็บเงิน ในใบเสร็จรับเงินให้เรียบร้อยแล้ว',2,'','null','xFRuW7Nr7J6SYmKo99dOMt'),(545,3,'','','','',1,3,3,'2015-10-24 00:00:00','2015-10-26 00:00:00','วันเสาร์ที่24ตุลาคม58 รถยาตึก1 ส่งเวลา12.50น. ตึก2ส่งเวลา 14.10น. ทำให้เกิดความล่าสช้าในการจัดยา สาเหตุหลักมาจาก พ.นนทวรรษ ให้แพทย์จากที่อื่นมาอยู่เวรแทน อาจไม่ชำนาญและไม่เข้าใจระบบของโรงพยาบาลเชียงคาน ทำให้ระบบการจัดจ่ายยาเกิดความล่าช้าเป็นอย่างมาก\r\nโดยเหตุการณ์ลักษณะนี้ได้เกิดขึ้นมาแล้ว 2-3ครั้ง',1,7,3,2,6,1,'',1,'','null','CTuWZGF4Q-I6_H03L8DdaR'),(547,1,'','','','',1,3,1,'2015-10-26 00:00:00','2015-10-27 00:00:00','12.30 แพทย์ยังตรวจผู้ป่วยในไม่เสร็จ ทำให้เกิดปัญหา ไม่สามารถบริหารยาได้ตามเวลา ผู้ป่วยปวด order ยา one day ไม่สามารถให้ยาได้ ต้องจ่ายอาหารเพิ่ม ผ้าปูเตียงไม่สามารถส่งซักได้ตามเวลา',1,7,3,2,7,2,'แจ้งแพทย์ในกรรมการบริหาร ปรับเวลาให้เร็วขึ้น',1,'','null','tcHCBRdn3G5VgKVZLBXxze'),(550,1,'','','','',1,3,1,'2015-10-24 00:00:00','2015-10-27 00:00:00','แพทย์ round ช้า ทำให้ส่งรถยาออกมาห้องยา IPD2 14.10 น. ทำให้กระบาวนการให้การรักษาล่าช้า',1,7,3,4,7,2,'แจ้งแพทย์ในกรรมการบริหารแล้ว ให้บริหารเวลาตามอัตรากำลังและภาระงานในแต่ละวัน',1,'','null','-f5mA5mJX1uf4KNQUMIste'),(551,1,'','','','',1,3,1,'2015-10-18 00:00:00','2015-10-27 00:00:00','รถยาคันแรกส่งมา 13.01 คันที่ 2 ส่งมา 14.50 น. เนื่องจากแพทย์มา round ช้า  ทำให้การให้การรักษาล่าช้า',1,7,3,4,7,2,'แจ้งแพทย์ในกรรมการบริหารแล้ว จะปรับเวลาให้เร็วขึ้น ทั้งนี้อาจต้องปรับตามภารกิจและอัตรากำลังในแต่ละวันด้วย',1,'','null','pVDbGv9Klb1RGSWzrpcEok'),(556,3,'','','','',2,3,3,'2015-10-10 00:00:00','2015-10-27 00:00:00','ER ส่งผู้ป่วยมารับยาหลัง 16.30 น. วันเสาร์อาทิตย์ ซึ่งห้องยาปิดแล้ว (ไม่มีการโทรแจ้งล่วงหน้า) ต้องเปิดคอมใหม่ ทำให้คนไข้รอรับยาล่าช้า รอนาน\r\nข้อเสนอแนะ : ควรมีการโทรประสานและแจ้งล่วงหน้า ก่อนห้องยาปิด',1,7,3,4,6,2,'แจ้ง จนท.รับทราบ ให้มีการโทรแจ้งห้องยาล่วงหน้า ก่อนห้องยาปิด \r\nข้อเสนอแนะ ห้องยาควรปิด คอม.หลังเวลา 16.30 น.',1,'','null','zu_dSz69-PWIuFL4hCoPs-'),(557,1,'5604420','นาง','อาริศรา ','ทองศรี',9,10,10,'2015-10-21 00:00:00','2015-10-27 00:00:00','มารดา G2P1A0L1 last 8 yrs GA 38+3 wks u/s ตอน GA 20 wks เป็นท่า vertex เป็นส่วนนำ มา รพ.ด้วยเรื่องเจ็บครรภ์คลอด มีน้ำเดินก่อนมา 5 ชม.  at LR 00.06 น. 21/10/2558 PV cx dilate 5 cm eff  50 % st  -1 ส่วนนำ Breech presentation  membrane ML  FHS =133 /m  I=10 นาที  D= 30 วินาที estimate 3,090 gms HF 30  cm แก้ไขโดย รายงานแพทย์ Refer รพ.เลย โดย Ambulance +nurse ข้อเสนอแนะ ปัจจุบันการANC มีการนัดมารดามา U/S เมื่อ GA20 wks g. ถ้าพบส่วนนำเป็นท่า Vertex จะไม่นัดมา U/S อีก แต่กรณีนี้ ทารกมีการเปลี่ยนส่วนนำจาก Vertex เป็น Breech presentation ทำให้มีความเสี่ยงในการคลอดที่ รพ.ชุมชน ถ้า Refer ไม่ทัน หรือเสี่ยงต่อการคลอดระหว่าง Refer ควรมีการทบทวนระบบในการ U/S มารดาที่ ANC ว่าควรมีการนัดมา U/S 2 รอบ เพื่อดูส่วนนำก่อนการคลอด',4,45,4,4,8,1,'',1,'','null','eKFUqfHfmvZIdWew0pg6pZ'),(559,1,'0051877','','','',6,12,6,'2015-10-26 00:00:00','2015-10-26 00:00:00','ผู้ป่วยใช้สิทธิบุคคลในครอบครัว อสม. แต่ห้องฟันส่งผู้ป่วยมาชำระเงิน',8,68,1,1,11,1,'',1,'','null','gCXZbPBugZ7Nh1Jr7M8uN9'),(560,1,'','','','',2,12,2,'2015-10-17 00:00:00','2015-10-17 00:00:00','ผู้ป่วยมีสิทธิเบิกได้รัฐวิสาหกิจ วันที่ผู้ป่วยมารับบริการไม่ได้ฉีดยา แต่ในระบบมีค่าฉีดยาขึ้นมา และมีค่าบริการผู้ป่วยนอก นอกเวลาราชการขึ้นมา2ครั้ง ',8,68,1,1,NULL,2,'แจ้ง จนท. รับทราบ  ปํญหาเกิดจากคอมพิวเตอร์ ระบบรวน \r\n',1,'','null','J3kcGSGgMyoryoJTJ_R8rX'),(563,1,'0042267','นาง','สมจิต','โพธิ์ดี',1,3,1,'2015-10-29 00:00:00','2015-10-29 00:00:00','สั่งยา 70 วัน แต่เขียนนัด 3 mo',1,75,2,NULL,NULL,1,'',1,'','null','X8HNSlC7fB4pNPc-OR3fFT'),(565,1,'5411850','น.ส.','ฉวีวรรณ ','เศษลือ',3,3,3,'2015-10-29 00:00:00','2015-10-29 00:00:00','ห้องยาให้ใบรับรองแพทย์ผู้ป่วย HIV ปนไปกับผู้ป่วยโรคทั่วไป ให้ผู้ป่วยไปขอใบรับรองแพทย(์ใหม่ และได้ติดตามไปขอใบรับรองแพทย์คืนมาทำลายทิ้งแล้ว',2,19,2,NULL,NULL,2,'เนื่องจากมีการดึงใบรับรองแพทย์มาให้การเงินประทับตรา วางทับกันกับแฟ้มอื่น  จึงเกิดการติดไปกับผู้ป่วยอื่น กำหนดให้ห้ามดึงแยกใบรับรองแพทย์ออกจากแฟ้ม',1,'','null','NHwjybHklB8MKFKkw-Uqys'),(566,1,'35264','น.ส.','รุจิพรรณ','ชัชชวาลย์',9,10,10,'2015-10-28 00:00:00','2015-10-29 00:00:00','มารดา G1P0A0L0 GA 39+1 Wks by U/S  แผนก ANC บันทึกให้ยึด GA ตาม LMP แต่หน้า Corrected  EDC บันทึกให้ยึดตาม U/S และมีข้อมูล จาก รพสต. ที่ยึด GA จาก\r\nคลินิคสูติแพทย์ที่ U//S เมื่อ GA 39 wks ควรมีการทบทวนมาตรฐานเรื่องการ Corrected EDC \r\n',1,1,3,2,6,1,'',1,'','null','0cioD1mmsc3PYprRWQAsXq'),(567,3,'0020879','นาย','ไพบูรณ์','ภูมิจันทร์',11,12,19,'2015-10-28 00:00:00','2015-10-29 00:00:00','สิทธิ พรบ. คนไข้มาล้างแผลต่อเนื่องทุกวันจนกว่าแผลจะหาย  ในวันที่ 4 ก.ย. 58 มีการส่ง visit 2 visit  ลงประวัติคนไข้เหมือนกันทุกอย่าง ต่างกันที่ชื่อเขียนไม่เหมือนกัน \r\nทำให้งานประกันเบิก พรบ ผิดชื่อ แต่จำนวนเงินถูกต้องค่ะ',2,16,3,2,6,2,'1.Case 2 รายเป็น คนเดียวกัน ซึ่งมี 2 OPD Card  ห้องบัตรได้รวมเป็นแฟ้มเดียวกันแล้ว \r\n2. ถ้ามีชื่อ-นามสกุล เหมือนกัน ให้ดูประวัติชื่อ บิดา มารดา ทีอยู่ ให้ถูกต้อง ก่อนพิมพ์ใบนำทาง\r\n\r\n',2,'','null','lSbdachbREAQlhbXTYPWCb'),(568,1,'0050895','นาย','ทนุพงษ์','แก้ววงษา',11,12,19,'2558-10-29 00:00:00','2558-10-30 00:00:00','คนไข้ Admit ห้องบัตรได้ดึงข้อมูลคนโดยใช้ ID บัตร ปชช ในการค้นหา ในเบื้องต้น ระบบ HosXp มีการแจ้งเตือนว่าหมายเลขบัตรประชาชนคนไข้ไม่ถูกต้อง แต่ห้องบัตรก็ยังใช้ข้อมูลเดิม โดยไม่มีการตรวจสอบอีกครั้ง จนมาถึงการเงินเช็คสิทธิ์คนไข้ก่อนส่งคนไข้เข้าไปใน Ward จึงได้ทราบว่า หมายเลขบัตรประชาชนของคนไข้ใน OPD card ไม่ตรงกับ บัตร ปชช ของคนไข้ (สอบถามคนไข้ คนไข้เคยมารักษาเมื่อ 10 ปีที่แล้ว)',2,18,3,2,6,1,'หากพบข้อผิดพลาดตั้งแต่จุดแรก อยากให้ตรวจสอบและแก้ไขให้เรียบร้อยก่อนที่จะส่งคนไข้ไปยังจุดต่อไป   หากเกิดกรณีหลุดไปอาจทำให้เกิดปัญหาในภายหลังได้',2,'','null','JFw1_sUARJm1OCCuFsczKU'),(569,1,'5803850','นาง','เล็ด','เจริญชัย',9,12,9,'2015-10-28 00:00:00','2015-10-28 00:00:00','ผู้ป่วยสิทธิ คนต่างด้าวขึ้นทะเบียน(ในเขต) มารับบริการ ANC ต้องส่งมาชำระเงินค่าธรรมเนียมบัตรแรงงานต่างด้าว 30 บาททุกครั้งที่มารับบริการ(กรณีฝากท้องทุกที่ฟรีทุกสิทธิเฉพาะสิทธิคนไทยเท่านั้น คนต่างด้าวต้องร่วมจ่าย 30 บาทด้วย)',8,68,4,2,NULL,2,'สรุปผลการทบทวน แจ้งเจ้าหน้าที่ที่รับผิดชอบในการคีย์ข้อมูลรายการใช้จ่ายของผู้รับบริการ ตรวจสอบค่าใช้จ่ายให้ครอบคลุมโดยทำใบกำกับการรับบริการ ให้ผู้ให้บริการลงรายละเอียดก่อนส่งมอบจนท.คีย์ข้อมูลต่อไป',1,'','null','A32uuZr3s0yjuwcz0QYKBQ'),(570,1,'5406881','','','',9,12,9,'2015-10-28 00:00:00','2015-10-30 00:00:00','ผู้ป่วยสิทธิ คนต่างด้าวขึ้นทะเบียน(ในเขต) มารับบริการ ANC ต้องส่งมาชำระเงินค่าธรรมเนียมบัตรแรงงานต่างด้าว 30 บาททุกครั้งที่มารับบริการ(กรณีฝากท้องทุกที่ฟรีทุกสิทธิเฉพาะสิทธิคนไทยเท่านั้น คนต่างด้าวต้องร่วมจ่าย 30 บาทด้วย)',8,68,4,2,NULL,2,'สรุปผลการทบทวน แจ้งเจ้าหน้าที่ที่รับผิดชอบในการคีย์ข้อมูลรายการใช้จ่ายของผู้รับบริการ ตรวจสอบค่าใช้จ่ายให้ครอบคลุมโดยทำใบกำกับการรับบริการ ให้ผู้ให้บริการลงรายละเอียดก่อนส่งมอบจนท.คีย์ข้อมูลต่อไป',1,'','null','GRXA2tT32aAUN0gRGDdW1j'),(571,3,'','','','',19,12,19,'2015-10-30 00:00:00','2015-10-30 00:00:00','ผู้ป่วยอายุยังไม่ถึง 60 ปี แต่เจ้าหน้าที่งานประกันเปลี่ยนสิทธิในระบบ สปสช.เป็นผู้สูงอายุ สิทธจะใช้ได้วันที่ 15 พ.ย.58 ซึ่งผู้ป่วยอายุยังไม่ครบ 60 ปี \r\nผู้ป่วยจะมีอายุครบ 60 ปี วันที่ 6 ธ.ค. 58',2,17,1,2,NULL,1,'',2,'','null','49qzutAbXGym05d4EBAWYn'),(572,1,'5801959','','ภัทราพงศ์  ','โนนทิง',15,3,15,'2015-10-29 00:00:00','2015-10-30 00:00:00','ผู้ป่วยเด็กอายุ 5 เดือน น้ำหนักที่ขึ้นในใบ MAR 2.75 kg แต่น้ำหนักตอน Admit 10.5 kg สอบถามญาติน้ำหนัก 10.5 kg',2,18,3,2,NULL,2,'จนท.กรอกข้อมูลไม่เป็นปัจจุบัน  2.75  เป็นน้ำหนักแรกเกิด',1,'','null','E_M__1GYphYRYimF7wySA_'),(573,1,'5600921','นาง','ทองคำ','ศรีอรรคจันทร์',2,3,2,'2015-10-30 00:00:00','2015-10-30 00:00:00','แฟ้มนางทองคำ ศรีอรรคจันทร์ มีใบนำทางนางถาวร ตันทองติดมาด้วย ตรวจสอบแล้วพบว่าห้องฉุกเฉินเขียน BP และการรักษาใส่ด้านหลังใบนำทาง แต่ไม่มีการขีดฆ่าออก',2,16,3,2,5,2,'แจ้ง จนท.ให้รับทราบ ให้มีการตจรวจเช็ค แฟ้ม/ใบนำทางก่อนส่งให้ผู้ป่วยทุกครั้ง',1,'','null','qbULkpi32wA-7wiuVH112Q'),(575,1,'','','','',7,15,7,'2015-10-31 08:30:00','2015-10-31 12:00:00','ในวันหยุด เสาร์,อาทิตย์ (รวม 11 วัน) ของเดือน ตุลาคม มีการนัดผู้ป่วยมาที่จุดซักประวัติผู้ป่วยนอก ตามรูปภาพที่แนบไป ทำให้เกิด visit และค่าใช้จ่าย ',1,75,1,2,11,2,'ประชุมชี้แจงแนวทางให้ทุกคนทราบแล้วเมื่อ 30 พย.58',2,'พยาบาลงานผู้ป่วยนอก  คนงาน ผู้ช่วยเหลือคนไข้และ จนท.เวชสถิติ จำนวน 14 คน','null','z136XlNvP7RPioFuo3SfvD'),(576,1,'5804377','น.ส.','เกษราพร','ชัชวาลย์',11,12,11,'2015-11-01 00:00:00','2015-11-01 00:00:00','ผู้ป่วยมีสิทธิ UC.รพ.ต่างอำเภอ แต่เจ้าหน้าที่ส่งสิทธิตรวจเป็นสิทธิ wel. รพ.ต่างอำเภอ ',2,17,1,2,6,2,'ประชุมจนท.ห้องบัตร+การเงิน +งานประกัน วันที่ 11/11/58\r\nได้แนวทาง\r\n1.ตรวจสอบสิทธิทุกราย\r\n2.ลงสิทธิให้ถูกต้องใน HosXP\r\n3.ถ้าจุดใดพบ ให้ส่งมาแก้ไขที่จุดคัดกรอง\r\n4.ถ้าพบปัญหาในแต่ละราย ให้บันทึกสาเหตุไว้ที่รูปภาพ HosXP เพื่อให้ผู้ร่วมงานคนอื่นทราบสาเหตุที่ผิดปกติ',1,'','null','YY2dxEdpeiNGN_5zmRPx3_'),(577,3,'0038399','นาย','กฤษฎา','นันทะผา',11,12,15,'2015-09-11 00:00:00','2015-11-02 00:00:00','(สิทธิประกันสังคม รพ.สาธารณสุขอื่น แต่มีค่าบัตรทอง 30 บาท)\r\nคนไข้ Admit สิทธิประกันสังคมจังหวัดเลย   คนไข้ส่งเอกสารให้งานประกันเบิกค่ารักษาพยาบาล\r\nวันที่ 2 พ.ย. 58 ประกันสังคมส่งเช็คค่ารักษาพยาบาลคนไข้ การเงินจะยืนยันค่ารักษาพยาบาล ปรากฏว่า \r\nมียอดไม่ตรงกับที่ทำเบิก ตรวจสอบพบว่ามีค่าบัตรทองขึ้นมา 30 บาท ทำให้ยอดไม่ตรงค่ะ\r\n(สิทธิประกันสังคม รพ.สาธารณสุขอื่น แต่มีค่าบัตรทอง 30 บาท)',2,18,2,4,11,1,'',2,'','null','q16qownInmfeSBLH2R6Ly5'),(578,3,'','','','',17,10,10,'2015-11-02 00:00:00','2015-11-03 00:00:00','งาน LR ไปแลก set ผ้าห่อเด็ก ผ้าคลอด แลกวันที่ 2 พย. 2558 หมดอายุ วันที่ 2 พย.2558 หมดอายุทั้ง  2 เซต\r\nแก้ไขโดย นำมาใช้ทำคลอดทันที แต่กรณีที่ไม่มีใช้ ต้องนำไปแลกใหม่ทันที',5,54,2,4,8,1,'',2,'','null','ByudAK7fAbMDP7a8RnPgZe'),(579,1,'0040166','นาง','ดวงเนตร','กะวะณิช',2,7,2,'2015-11-03 00:00:00','2015-11-03 00:00:00','เจ้าหน้าที่ER พิมพ์บัตรนัด ให้ผู้ป่วยมาตรวจUA แต่ไม่มีคำสั่งล่วงหน้าUA',1,3,3,2,7,2,'แจ้ง จนท.ให้รับทราบ ตรวจเช็คใบนัดก่อนให้ผู้ป่วยทุกครั้ง',1,'','null','5Krk5ucFkR9UOU9YgI4vYm'),(580,1,'5801829','นาง','สุพรรษา','อ่อนสีดา',9,7,9,'2015-10-28 00:00:00','2015-11-03 00:00:00','งานเวชปฏิบัติครอบครัว นำส่ง OPD Card ล่าช้า , มีผู้มาฝากครรภ์ วันที่28ต.ค.58 3 ราย แต่นำส่งห้องบัตร วันที่ 3 พ.ย.58 ทำให้สแกนล่าช้า',2,20,2,NULL,NULL,1,'',1,'','null','hw6C39H5ijI8h00J5CSlYH'),(581,1,'0016040','นาย','จักรกฤช','วงษ์อนันท์',6,3,6,'2015-11-03 00:00:00','2015-11-03 00:00:00','ห้องฟันส่งใบบันทึกการตรวจมา 1 ใบ ไม่มีแผ่นชาร์ตรอง อาจเกิดการสูญหาย และปนไปกับผู้ป่วยอื่น',2,15,1,NULL,NULL,1,'',1,'','null','BpYMexS_5dJ_L01h8kvLDe'),(583,1,'5503793','นาย','สุเมฆ','สีทัน',23,3,23,'2015-11-03 00:00:00','2015-11-03 00:00:00','แพทย์สั่งยา 3 เดือน 100 วัน นัด 70 วัน',1,75,3,NULL,NULL,1,'',1,'','null','cLdyfHGtjYV5oXiS6qdGWA'),(584,3,'0041715','นาง','อุไรวรรณ','ศรีอรรคจันทร์',11,12,19,'2015-11-03 00:00:00','2015-11-04 00:00:00','คนไข้อายุ 60 ปี 10 เดือน  ส่งสิทธิ์ UC 12-59 ปี',2,17,2,2,6,2,'- ฐานข้อมูลไม่อัพข้อมูล\r\n- ส่งพบงานประกัน\r\n- นอกเวลา  ให้ใช้สิทธิตามสิทธิจริง ',2,'จนท. ห้องบัตร','null','P26RyCHLebMUODXBoOzw59'),(585,3,'0009442','นาง','คำบู่','พรมสาส์น',11,12,19,'2015-11-04 00:00:00','2015-11-04 00:00:00','ผู้สูงอายุ  ส่งสิทธิ uc 12-59 ปี',2,17,2,4,6,1,'',2,'','null','y8BYWak2Rs7ltQMWsg1Y7V'),(586,1,'5803378','น.ส.','อำภาพรรณ','สายขุน',6,3,6,'2015-11-04 00:00:00','2015-11-04 00:00:00','ห้องฟันแนบใบสั่งยาผู้ป่วย 2 คน มาในชาร์ทพร้อมกัน',2,16,3,NULL,NULL,1,'',1,'','null','5dWbpiLgUKfPHWWWQTd59e'),(592,4,'','','','',2,25,16,'2015-07-21 00:00:00','2015-11-05 00:00:00','พบเครื่องมือแพทย์ปนมากับเครื่องผ้า',5,54,2,4,9,2,'แจ้ง จนท.ให้เช็ค/เก็บอุปกรณ์ให้เรีบยร้อย มีการสลัดเซ็ตผ้าก่อนใส่ผ้าลงถังผ้า',2,'','null','6SRYH9Llx8q0KYL63P1XS-'),(593,4,'','','','',6,25,16,'2015-07-29 00:00:00','2015-11-05 00:00:00','มีแก้วนำ้ 1 ใบปนมากับเครื่องผ้าส่งซัก',5,53,2,4,9,1,'',2,'','null','AFE3Ihrr6Qpv6pyJxylGIN'),(594,4,'','','','',2,25,16,'2015-08-05 00:00:00','2015-11-05 00:00:00','พบเครื่องมือแพทย์ 1 ชิ้นปนมากับเครื่องผ้าส่งซัก',5,54,2,2,6,2,'แจ้ง จนท.ให้เช็ค/เก็บอุปกรณ์ให้เรีบยร้อย มีการสลัดเซ็ตผ้าก่อนใส่ผ้าลงถังผ้า',2,'','null','2h4-qvxGIFfdoaeY2L2nxO'),(595,4,'','','','',2,25,16,'2015-08-06 00:00:00','2015-11-05 00:00:00','พบเครื่องมือแพทย์ 1 ชิ้นปนมากับผ้าห่อ Set',5,54,2,4,9,2,'แจ้ง จนท.ให้เช็ค/เก็บอุปกรณ์ให้เรีบยร้อย มีการสลัดเซ็ตผ้าก่อนใส่ผ้าลงถังผ้า',2,'','null','HyNmlRZXVLvNfqSjeYH1gB'),(596,4,'','','','',2,25,16,'2015-08-15 00:00:00','2015-11-05 00:00:00','พบเครื่องมือแพทย์ 1 ชิ้นปนมากับผ้าห่อเครื่องมือ',5,54,2,2,6,2,'แจ้ง จนท.ให้เช็ค/เก็บอุปกรณ์ให้เรีบยร้อย มีการสลัดเซ็ตผ้าก่อนใส่ผ้าลงถังผ้า',2,'','null','epg64EIbS8IFLkMCr7azrp'),(599,4,'','','','',2,25,16,'2015-08-16 00:00:00','2015-11-05 00:00:00','พบเครื่องมือแพทย์ 1 ชิ้นปนมากับผ้าห่อเครื่องมือส่งซัก',5,54,2,4,9,2,'แจ้ง จนท.ให้เช็ค/เก็บอุปกรณ์ให้เรีบยร้อย มีการสลัดเซ็ตผ้าก่อนใส่ผ้าลงถังผ้า',2,'','null','yDO943Fo2iXn2t0GXT5Wxg'),(600,4,'','','','',2,25,16,'2015-08-20 00:00:00','2015-11-05 00:00:00','พบเครื่องมือแพทย์ 1 ชิ้นปนมากับผ้าห่อเครื่องมือ',5,54,2,4,9,2,'แจ้ง จนท.ให้เช็ค/เก็บอุปกรณ์ให้เรีบยร้อย มีการสลัดเซ็ตผ้าก่อนใส่ผ้าลงถังผ้า',2,'','null','Mw3YKSGbleKetRDO4kXrDc'),(601,4,'','','','',2,25,16,'2015-07-17 00:00:00','2015-11-05 00:00:00','พบเครื่องมือแพทย์ 1 ชิ้นปนมากับผ้าห่อเครื่องมือ',5,54,2,4,9,2,'',2,'','null','AU4gKYMGdv1dYWgwvQLYHN'),(602,4,'','','','',2,25,16,'2015-07-15 00:00:00','2015-11-05 00:00:00','พบเครื่องมือแพทย์ปนมากับผ้าห่อเครื่องมือ',5,54,2,4,9,2,'แจ้ง จนท.ให้เช็ค/เก็บอุปกรณ์ให้เรีบยร้อย มีการสลัดเซ็ตผ้าก่อนใส่ผ้าลงถังผ้า',2,'','null','unAqeAktyxjewyDyFAxpNo'),(603,4,'','','','',2,25,16,'2015-07-08 00:00:00','2015-11-05 00:00:00','พบเครื่องมือแพทย์ 1 ชิ้นปนมากับผ้าห่อเครื่องมือ',5,54,2,4,9,2,'',2,'','null','7cSOMJWOGoLbtUH7i81K63'),(604,4,'','','','',2,25,16,'2015-06-20 00:00:00','2015-11-05 00:00:00','พบเครื่องมือแพทย์ 1 ชิ้น ปนมากับผ้าห่อเครื่องมือ',5,54,2,4,9,2,'',2,'','null','kXhgQUZTkT52y4RfOfD2v3'),(605,4,'','','','',2,25,16,'2015-06-14 00:00:00','2015-11-05 00:00:00','พบเครื่องมือแพทย์ 2 ชิ้น ปนมากับผ้าห่อเครื่องมือ และผ้าปูไม่แก้ปม 5 ผืน',5,54,3,4,9,2,'แจ้ง จนท.ให้เช็ค/เก็บอุปกรณ์ให้เรีบยร้อย มีการสลัดเซ็ตผ้าก่อนใส่ผ้าลงถังผ้า , แกะปมผ้า ก่อนส่งทุกครั้ง',2,'','null','Kf9KUDo8svOehxswQrGrlX'),(606,4,'','','','',2,25,16,'2015-06-11 00:00:00','2015-11-05 00:00:00','ไม่ส่งผ้าที่รถรับผ้าตามเวลาที่กำหนด แล้วกองผ้าไว้ข้างรถเข็นขยะ',5,53,3,4,9,2,'แจ้ง จนท.รับทราบ ส่งผ้าตามเวลา เก็บผ้าให้ถูกต้อง',2,'','null','3p0OCYmHO4ZJ1dM9jb7jEa'),(607,4,'','','','',2,25,16,'2015-06-05 00:00:00','2015-11-05 00:00:00','พบเครื่องมือแพทย์ปนมากับผ้าห่อเครื่องมือ 1 ชิ้น และมีถุงขยะ 1 ถุง',5,54,3,4,9,2,'แจ้ง จนท.ให้เช็ค/เก็บอุปกรณ์ให้เรีบยร้อย มีการสลัดเซ็ตผ้าก่อนใส่ผ้าลงถังผ้า',2,'','null','FqER71ta6cj6lk-ct4h49C'),(608,4,'','','','',18,25,16,'2015-05-26 00:00:00','2015-11-05 00:00:00','พบไม้จิ้มฟันติดติดมากับผ้ากันเปื้อน',5,54,3,4,9,2,'รับทราบพร้อมปรับปรุงเพื่อป้องกันไม่ให้เกิดความเสี่ยงครั้งต่อไป โดยมีการแจ้งเตือนและตักเตือนแม่ครัวทุกคน แม่ครัวรับทราบแล้วค่ะ',2,'','null','FTlw0GNpxbT74Hx7O8IUrJ'),(609,4,'','','','',2,25,16,'2015-05-12 00:00:00','2015-11-05 00:00:00','พบเครื่ิองมือแพทย์ปนมากับผ้าห่อเครื่องมือ 1 ชิ้น',5,54,3,4,9,2,'แจ้ง จนท.ให้เช็ค/เก็บอุปกรณ์ให้เรีบยร้อย มีการสลัดเซ็ตผ้าก่อนใส่ผ้าลงถังผ้า',2,'','null','IX8AH53ubCm9waX8vBGWT6'),(610,4,'','','','',6,25,16,'2015-05-01 00:00:00','2015-11-05 00:00:00','พบเครื่องมือแพทย์ 1 ชิ้นปนมากับผ้าห่อเครื่องมือ',5,54,3,4,9,1,'',2,'','null','HfLgT0HgjWZm4tdbNPsgjz'),(611,4,'','','','',8,25,16,'2015-04-29 00:00:00','2015-11-05 00:00:00','พบเครื่องมือแพทย์ 1 ชิ้น ปนมากับผ้าห่อเครื่องมือ',5,54,3,4,9,2,'แจ้งจนท ให้ตรวจสอบความเรียบร้อยก่อนส่ง  ใครทำคนนั้นเก็บ  ลดความซ้ำซ้อนในการทำงาน',2,'','null','R_y_mGlBQtE1I26vqdbpf0'),(612,3,'0039231','นาย','สงวน','อุ่นทุม',1,12,1,'2015-11-05 00:00:00','2015-11-05 00:00:00','คนไข้ Refer แต่หมอเช็คไปเขียวเป็น กลับบ้านค่ะ',2,18,2,8,11,2,'แจ้งแพทย์ทุกท่านให้ลงให้ถูกช่อง เพิ่มความรอบคอบ',2,'','null','yrTJinPlgSH8u1yiV6-KKR'),(613,4,'','','','',2,25,16,'2015-04-22 00:00:00','2015-11-05 00:00:00','พบเครื่องมือแพทย์ 1 ชิ้นปนมากับผ้าห่อเครื่องมือ',5,54,3,4,9,2,'แจ้ง จนท.ให้เช็ค/เก็บอุปกรณ์ให้เรีบยร้อย มีการสลัดเซ็ตผ้าก่อนใส่ผ้าลงถังผ้า',2,'','null','vI9aLfrT4InaKf0OkbnlHh'),(614,4,'','','','',2,25,16,'2015-04-16 00:00:00','2015-11-05 00:00:00','พบเครื่องมือแพทย์ 1 ชิ้น ปนมากับผ้าห่อเครื่องมือ',5,54,3,2,6,2,'แจ้ง จนท.ให้เช็ค/เก็บอุปกรณ์ให้เรีบยร้อย มีการสลัดเซ็ตผ้าก่อนใส่ผ้าลงถังผ้า',2,'','null','YzsVqmcSG3e_24SHHSybLS'),(615,4,'','','','',2,25,16,'2015-04-13 00:00:00','2015-11-05 00:00:00','พบเครื่องมืือแพทย์ 1 ชิ้นปนมากับผ้าห่อเครื่องมือ',5,54,3,4,9,2,'แจ้ง จนท.ให้เช็ค/เก็บอุปกรณ์ให้เรีบยร้อย มีการสลัดเซ็ตผ้าก่อนใส่ผ้าลงถังผ้า',2,'','null','SnrSzWrPy4qdPiChc2gXf7'),(616,4,'','','','',2,25,15,'2015-04-11 00:00:00','2015-11-05 00:00:00','พบเครื่องมือแพทย์ 1 ชิ้น ปนมากับผ้าห่อเครื่องมือ',5,53,3,4,9,2,'แจ้ง จนท.ให้เช็ค/เก็บอุปกรณ์ให้เรีบยร้อย มีการสลัดเซ็ตผ้าก่อนใส่ผ้าลงถังผ้า',2,'','null','xu9AnXAr72h11taPZRnXuU'),(617,4,'','','','',2,25,16,'2015-03-31 00:00:00','2015-11-05 00:00:00','พบเครื่องมือแพทย์ 1 ชิ้น สายออกซิเจน 1 สาย แก้วนำ้ 1 ใบ และผ้าปูไม่ได้แก้ปม 5 ผืน',5,54,3,4,9,2,'แจ้ง จนท.ให้เช็ค/เก็บอุปกรณ์ให้เรีบยร้อย มีการสลัดเซ็ตผ้าก่อนใส่ผ้าลงถังผ้า , แกะปมผ้าทุกครั้งก่อนส่งผ้า',2,'','null','q9OTPoYQYbSnCDBq77e8gW'),(618,4,'','','','',10,25,16,'2015-02-27 00:00:00','2015-11-05 00:00:00','พบเครื่องมือแพทย์ 1 ชิ้น ปนมากับผ้าห่อเครื่องมือ',5,54,3,4,9,2,'แจ้งเจ้าหน้าที่ให้สลัดผ้า และเช็คอุปกรณ์ให้ครบก่อนเก็บเซตทุกครั้ง ',2,'กรรณิการ์ อุนา , ณัชชา จันทรัตน์ , ชาญชัย พนักงานบริการ','null','U7_4RppYQKTcxd8wtqoMVt'),(619,4,'','','','',17,25,16,'2015-02-26 00:00:00','2015-11-05 00:00:00','พบเครื่องมือแพทย์ 1 ชิ้นปนมากับผ้าส่งซัก',5,54,3,4,9,1,'',2,'','null','xREcZ1-ui56gnaE4mcU4n5'),(620,4,'','','','',2,25,16,'2015-02-24 00:00:00','2015-11-05 00:00:00','พบถุงขยะติดเชื้อของ ER อยู่ในรถรับผ้าของซักฟอก',5,54,3,4,9,2,'แจ้ง จนท.รับทราบ ให้มีการจัดเก็บ ขยะให้ถูกที่',2,'','null','od_ASNSFAs5IqEsnFTwjUw'),(621,4,'','','','',2,25,16,'2015-02-20 00:00:00','2015-11-05 00:00:00','พบเครื่องมือแพทย์ 1 ชิ้น ปนมากับผ้าห่อเครื่องมือ',5,54,3,4,9,2,'แจ้ง จนท.ให้เช็ค/เก็บอุปกรณ์ให้เรีบยร้อย มีการสลัดเซ็ตผ้าก่อนใส่ผ้าลงถังผ้า',2,'','null','ZEX-aBXSO6V6Jif3qat_R6'),(622,4,'','','','',8,25,16,'2015-02-11 00:00:00','2015-11-05 00:00:00','พบเครื่องมือแพทย์ 1 ชิ้น ปนมากับผ้าห่อเครื่องมือ',5,54,3,4,9,2,'แจ้งจนท  ตรวจสอบความเรียบร้อยก่อนส่ง  คนไหนทำคนนั้นเก็บ\r\n',2,'','null','2k-f49GMlTovFGuux2v5Cx'),(623,4,'','','','',6,25,16,'2015-02-06 00:00:00','2015-11-05 00:00:00','พบเครื่องมือแพทย์ 1 ชิ้น ปนมากับผ้าห่อเครื่องมือ',5,54,3,4,9,1,'',2,'','null','0EBQhWA4YxOMHv18qaZISl'),(624,4,'','','','',8,25,16,'2015-01-26 00:00:00','2015-11-05 00:00:00','มีผ้าเปื้อนสารคัดหลั่งผู้ป่วยปนมากับผ้าทั่วไป',8,69,3,4,9,2,'แจ้งจนท ให้ตรวจสอบความเรียบร้อยก่อนส่ง  ให้ NA ปชส  อาคารสถานที่  แนะนำการปฏิบัติตัวขณะอยู่รพ',2,'','null','psUsAMDhSf_Qgs2WYo36--'),(625,4,'','','','',10,25,16,'2015-01-27 00:00:00','2015-11-05 00:00:00','เวรดึกส่งผ้าซักไม่ตรงตามเวลาที่กำหนด',8,69,3,4,9,2,'แจ้งพนักงานชาย ให้ส่งผ้าตามเวลา',2,'กรรณิการ์ อุนา , ณัชชา จันทรัตน์ , ชาญชัย พนักงานบริการ','null','BlsEJ6XsXvFE2968LcrRof'),(626,4,'','','','',2,25,16,'2015-01-13 00:00:00','2015-11-05 00:00:00','พบเครื่องมือแพทย์ 1 ชิ้น ปนมากับผ้าห่อเครื่องมือ',5,54,3,4,9,2,'แจ้ง จนท.ให้เช็ค/เก็บอุปกรณ์ให้เรีบยร้อย มีการสลัดเซ็ตผ้าก่อนใส่ผ้าลงถังผ้า',2,'','null','qVvhEVY-3kSPuakLubceyR'),(627,4,'','','','',8,25,16,'2015-01-08 00:00:00','2015-11-05 00:00:00','ในถุงผ้าทั่วไป พบผ้าไม่แก้ปม 5 ผืน ผ้าอ้อมเด็ก 1 ชิ้น ผ้าเปื้อนอุจจาระ 4 ผืน',8,69,3,4,9,2,'แจ้งจนท ให้ตรวจสอบความเรียบร้อยก่อนส่ง  ให้ผู้ช่วยเหลือคนไข้แนะนำการปฏิบัติตัว  แนะนำสถานที่ขณะอยู่รพ',2,'','null','F0Nn5dgC0fBMtMEEDW5rly'),(628,4,'','','','',6,24,15,'2015-01-07 00:00:00','2015-11-05 00:00:00','พบเครื่องมือแพทย์ 1 ชิ้น ปนมากับผ้าห่อเครื่องมือ',5,54,3,4,9,1,'',2,'','null','KvOp-gY-NkzZvDU-VpQNPb'),(629,4,'','','','',8,25,16,'2014-12-15 00:00:00','2015-11-05 00:00:00','ในถุงผ้าทั่วไป พบผ้าปูไม่แก้ปม 20 ผืน ผ้าเปื้อนสกปรก 4 ผืน',8,69,3,4,9,2,'แจ้งจนท ตรวจสอบความเรียบร้อยก่อนส่ง  ให้ผู้ช่วยเหลือคนไข้ปชส ผู้ป่วยและญาติแนะนำการปฏิบัติตัว  แนะนำสถานที่ทุกครั้งที่มานอนรพ',2,'','null','9NI9-Vz8CzM_EsSC-XsjJ7'),(630,4,'','','','',2,25,16,'2014-12-15 00:00:00','2015-11-05 00:00:00','ผ้าปูไม่แก้ปม 3 ผืน',8,69,3,4,9,2,'แจ้ง จนท.รับทราบ แกะปมผ้าก่อนส่งทุกครั้ง ตรวจเช็คให้ละเอียด ก่อนส่งผ้าซัก',2,'','null','o-U5Nw6HhiEzMdzQP6PWv3'),(631,4,'','','','',2,25,16,'2014-12-14 00:00:00','2015-11-05 00:00:00','พบเครื่องมือแพทย์ 1 ชิ้น ปนมากับผ้าห่อเครื่องมือ ผ้าปูไม่แก้ปม 2 ผืน',5,54,3,4,9,2,'แจ้ง จนท.ให้เช็ค/เก็บอุปกรณ์ให้เรีบยร้อย มีการสลัดเซ็ตผ้าก่อนใส่ผ้าลงถังผ้า , แกะปมผ้าก่อนส่งทุกครั้ง',2,'','null','XiQTq4CLeEufBQI51Zxohn'),(632,4,'','','','',8,25,16,'2014-12-14 00:00:00','2015-11-05 00:00:00','ในถุงผ้าทั่วไปพบผ้าเปื้อน 5 ผืน',8,69,3,4,9,2,'แจ้งจนท ตรวจสอบความเรียบร้อยก่อนส่งผ้า  ให้ผู้ช่วยเหลือคนไข้ปชส แนะนำการปฏิบัติตัวขณะอยู่รพ  แนะนำสถานที่แก่ผู้ป่วยและญาติทราบทุกครั้งที่มีการรับใหม่ผู้ป่วย',2,'','null','TpKfeWmdD2rRnxn8os2D0Y'),(633,4,'','','','',8,25,16,'2014-12-05 00:00:00','2015-11-05 00:00:00','ในถุงผ้าทั่วไป พบรีโมททีวี 1 เครื่อง ผ้าปูเปื้อน 4 ผืน',8,69,3,4,9,2,'แจ้งจนท ตรวจสอบความเรียบร้อยก่อนส่งผ้า',2,'','null','6IfRHvYbjYAzPox-pQtwl_'),(634,4,'','','','',10,25,15,'2015-10-14 00:00:00','2015-11-05 00:00:00','พบเครื่องมือแพทย์ 1 ชิ้น ปนมากับผ้าเปื้อนเลือด',5,54,3,4,9,2,'แจ้งเจ้าหน้าที่ให้สลัดผ้า และเช็คอุปกรณ์ให้ครบก่อนเก็บเซตทุกครั้ง ',2,'กรรณิการ์ อุนา , ณัชชา จันทรัตน์ , ชาญชัย พนักงานบริการ','null','DHhNdhcCUwm3fj0oQT27O-'),(635,4,'','','','',6,25,16,'2015-09-05 00:00:00','2015-11-05 00:00:00','พบเครื่องมือแพทย์ 1 ชิ้น ปนมากับผ้าห่อเครื่องมือ',5,54,3,4,9,1,'',2,'','null','sakZmcpL01DhJwsAzyzqQu'),(636,4,'','','','',2,25,15,'2015-09-09 00:00:00','2015-11-05 00:00:00','พบเครื่องมือแพทย์ 1 ชิ้น ปนมากับผ้าห่อเครื่องมือ',5,54,3,4,9,2,'แจ้ง จนท.ให้เช็ค/เก็บอุปกรณ์ให้เรีบยร้อย มีการสลัดเซ็ตผ้าก่อนใส่ผ้าลงถังผ้า',2,'','null','dVK3VniIBTqUIu_pcXXrgD'),(637,4,'','','','',6,25,16,'2015-09-03 00:00:00','2015-11-05 00:00:00','พบเครื่องมือแพทย์ 1 ชิ้น ปนมากับผ้าห่อเครื่องมือ',5,54,3,4,9,1,'',2,'','null','cN3hcao6VcR6ZYfqA4f7lz'),(638,4,'','','','',2,25,16,'2015-08-27 00:00:00','2015-11-05 00:00:00','พบเครื่องมือแพทย์ 1ชิ้น ปนมากับผ้าห่อเครื่องมือ',5,54,3,4,9,2,'แจ้ง จนท.ให้เช็ค/เก็บอุปกรณ์ให้เรีบยร้อย มีการสลัดเซ็ตผ้าก่อนใส่ผ้าลงถังผ้า',2,'','null','LRgXSGgM10JAo14CUnvnUX'),(639,4,'','','','',6,25,16,'2015-09-02 00:00:00','2015-11-05 00:00:00','พบเครื่องมือแพทย์ 1 ชิ้น ปนมากับผ้าห่อเครื่องมือ',5,54,3,4,9,1,'',2,'','null','ZZ7JLHWiLRqLV-TXkLBou7'),(640,4,'','','','',2,25,16,'2015-08-27 00:00:00','2015-11-05 00:00:00','พบเครื่องมือแพทย์ 1 ชิ้น ปนมากับผ้าห่อเครื่องมือ',5,54,3,4,9,2,'แจ้ง จนท.ให้เช็ค/เก็บอุปกรณ์ให้เรีบยร้อย มีการสลัดเซ็ตผ้าก่อนใส่ผ้าลงถังผ้า',2,'','null','bCBq44X590Y_kU79OVRPbQ'),(641,4,'','','','',8,25,16,'2015-11-04 00:00:00','2015-11-05 00:00:00','พบชุดพ่นยาในถุงผ้าเปื้อน',5,54,3,4,9,2,'แจ้งผู้ปฏิบัติแล้วให้ตรวจสอบความเรียบร้อยก่อนส่ง  และตรวจนับอุปกรณ์ให้ครบด้วย',2,'','null','F4IJs5tmAQn1gfnsIY8dUB'),(642,4,'','','','',6,25,16,'2015-11-04 00:00:00','2015-11-05 00:00:00','พบเครื่องมือแพทย์ปนมากับผ่้าห่อเครื่องมือ',5,54,3,4,9,1,'',2,'','null','KBcbOINStqN5v6gQACGHH1'),(643,4,'','','','',2,25,17,'2015-11-05 00:00:00','2015-11-05 00:00:00','Ambu bag ที่ส่งมาจ่ายกลาง พบว่าอุปกรณ์ไม่ครบ',5,54,3,4,9,2,'แจ้ง จนท.ที่รับผิดชอบ ให้ตรวจเช็คอุปกรณ์ก่อนส่งไป หน่วยจ่ายกลางทุกครั้ง',2,'','null','MnX0G1DdgIspnobeSFU2F_'),(644,1,'0034178','','ราชานนท์','ไป่ทาฟอง',2,12,2,'2015-10-09 00:00:00','2015-11-06 00:00:00','สิทธิ์ พรบ. ข้อมูลเดิมค่าบริการ 408 บาท ต่อมาศูนย์ประกันจะทำเรื่องเบิก พบค่าบริการเปลี่ยนเป็น 128 บาท ตรวจสอบพบมีการแก้ไขข้อมู,ทำแผลหลังจากการเงินสรุปค่าใช้จ่าย',2,18,3,NULL,NULL,2,'ER มีการแก้ไขข้อมูลหลังส่งการเงิน จึงแจ้งไม่ให้แก้ไขข้อมูลหลังส่งการเงิน\r\nแจ้ง จนท รับทราบ เมื่อส่งข้อมูลไปห้องยา ไม่ให้แก้ไขข้อมูลใหม่',2,'','null','ugVKapNdDQ57IrrjhydHU5'),(646,1,'','','','',17,2,2,'2015-11-06 08:40:00','2015-11-09 07:40:00','สายต่อออกซิเจน แต่ติดสติ๊กเกอร์ เป็นสายต่อsuction ติดผิดจำนวน 3 ห่อ\r\nการแก้ไขเบื้องต้น ตรวจสายอุปกรณ์ให้ถูกต้อง\r\nข้อเสนอแนะ  ควรตรวจเช็คอุปกรณ์ ก่อนส่งให้แผนกต่างๆทุกครั้ง',5,52,1,2,6,1,'',2,'','null','xXlSjFc1ahX-mSLbFOB4xI'),(647,1,'5803960','นาง','วิยะดา','นาคำ',11,12,11,'2015-10-21 19:00:00','2015-10-21 19:30:00','ผู้ป่วยย้ายสิทธิการรักษามา รพ.เชียงคานแล้ว สิทธิใช้ได้วันที่ 15 ต.ค. 58 แต่ยังมีการส่งสิทธิตรวจมาเป็นสิทธิบัตรทองต่างจังหวัด',2,17,1,2,NULL,1,'',1,'','null','dZ7QpYhz7-mGudyzyBmZUg'),(648,1,'5405981','นาง','กัญจน์ณรัตน์','คำภูแก้วมีชัย',11,12,11,'2015-10-04 21:55:00','2015-11-10 17:05:00','ผู้ป่วยมีสิทธิเบิกได้หน่วยงานราชการ ซึ่งยังไม่ได้สมัครจ่ายตรง ผู้ป่วยสมัครจ่ายตรงวันที่ 26 ต.ค.58 สามารถใช้สิทธิจ่ายตรงได้วันที่ 4 พ.ย.58',2,17,1,2,NULL,1,'',1,'','null','8XMCC4f8JZSdXcW-EjK6s1'),(649,1,'0028770','','','',19,12,19,'2015-10-29 10:30:00','2015-11-10 17:05:00','ผู้ป่วยรถล้ม แต่ส่งสิทธิเป็นสิทธิติดตัว',2,17,1,2,NULL,1,'',1,'','null','kjBYL8T39x7sKRtBwjUiez'),(650,3,'','','','',11,12,11,'2015-10-29 10:30:00','2015-11-10 17:10:00','ผู้ป่วยเกิดเดือน พ.ค. แต่กรอกข้อมูลเป็นเดือน พ.ย.',2,18,1,2,NULL,1,'',2,'','null','spWTZ9NFM5nNbBW7B8-_-F'),(651,1,'5601559','','','',11,12,11,'2015-10-28 18:15:00','2015-11-10 17:15:00','ผู้ป่วยมีสิทธิเบิกได้รัฐวิสหากิจ แต่ส่งสิทธิเป็นสิทธิเด็กอายุไม่เกิน 12 ปี',2,17,1,2,NULL,1,'',1,'','null','ddSv4Vl4R3GaVQlLycRLce'),(652,1,'0043315','','','',19,12,19,'2015-10-30 08:45:00','2015-11-10 17:20:00','ผู้ป่วยอายุยังไม่ถึง 60 ปี แต่งส่งสิทธิิผู้สูงอายุ',2,17,1,5,10,1,'ผู้ป่วยที่มีอายุ 59ปี 10 เดือน การลงข้อมูลในHoSxP ลงข้อมูลเป็นสิทธิ์ ประกัน12-60 ปี จะไม่สามารถลงได้  เครื่องคอมฯ จะไม่ให้ดำเนินการต่อ ได้แจ้งAdminให้ปรับปรุงส่วนนี้ , ถ้ามีปัญหาจะ.ให้โน๊ตลงในรูปภาพ HosXP เพื่อเจ้าหน้าที่คนอื่นจะได้ทราบ',1,'','null','8XsouaZDAJibTLDbYk5vTz'),(653,1,'5604930','','','',11,12,11,'2015-10-30 18:50:00','2015-11-10 17:25:00','ผู้ป่วยมีสิทธิ UC.ต่างจังหวัด แต่ส่งสิทธิมาเป็นสิทธิ UC.ในเขต (89)',2,17,1,2,6,2,'ประชุมจนท.ห้องบัตร+การเงิน +งานประกัน วันที่ 11/11/58\r\nได้แนวทาง\r\n1.ตรวจสอบสิทธิทุกราย\r\n2.ลงสิทธิให้ถูกต้องใน HosXP\r\n3.ถ้าจุดใดพบ ให้ส่งมาแก้ไขที่จุดคัดกรอง\r\n4.ถ้าพบปัญหาในแต่ละราย ให้บันทึกสาเหตุไว้ที่รูปภาพ HosXP เพื่อให้ผู้ร่วมงานคนอื่นทราบสาเหตุที่ผิดปกติ',1,'','null','M3s4cEMMTj0QdZ8UOe0fdb'),(654,1,'5803299','นาย','กิตติศักดิ์','ยศปัญญา',19,12,19,'2015-11-06 09:00:00','2015-11-10 17:25:00','ผู้ป่วยมีสิทธิ รพ. ต่างอำเภอ เป็นเจ้าหน้าที่ รพ.เชียงคาน ซึ่งได้ทำการย้ายสิทธิมาที่ รพ.เชียงคาน แล้ว สามารถใช้สิทธิได้วันที่ 15 พ.ย.58',2,17,1,NULL,NULL,1,'',1,'','null','2gSz7zC2N6pGW2q3UPGkHP'),(655,1,'0039586','','','',11,12,11,'2015-11-03 05:40:00','2015-11-10 17:30:00','ผู้ใช้สิทธิประกันสังคม รพ.เลย แต่เจ้าหน้าที่ส่งสิทธิเป็นสิทธิบัตรทองในเขต 30 บาท',2,17,1,2,NULL,2,'ประชุมจนท.ห้องบัตร+การเงิน +งานประกัน วันที่ 11/11/58\r\nได้แนวทาง\r\n1.ตรวจสอบสิทธิทุกราย\r\n2.ลงสิทธิให้ถูกต้องใน HosXP\r\n3.ถ้าจุดใดพบ ให้ส่งมาแก้ไขที่จุดคัดกรอง\r\n4.ถ้าพบปัญหาในแต่ละราย ให้บันทึกสาเหตุไว้ที่รูปภาพ HosXP เพื่อให้ผู้ร่วมงานคนอื่นทราบสาเหตุที่ผิดปกติ',1,'','null','V2rxDsKRNHXb0zWaaHeyk0'),(656,3,'5700501','','','',11,12,11,'2015-11-02 18:15:00','2015-11-10 17:30:00','เจ้าหน้าที่ไม่เปลี่ยนสถานพยาบาลหลัก ซึ่งผู้ป่วยมีสิทธิประกันสังคม รพ.เลย',2,18,1,2,6,2,'ประชุมจนท.ห้องบัตร+การเงิน +งานประกัน วันที่ 11/11/58\r\nได้แนวทาง\r\n1.ตรวจสอบสิทธิทุกราย\r\n2.ลงสิทธิให้ถูกต้องใน HosXP\r\n3.ถ้าจุดใดพบ ให้ส่งมาแก้ไขที่จุดคัดกรอง\r\n4.ถ้าพบปัญหาในแต่ละราย ให้บันทึกสาเหตุไว้ที่รูปภาพ HosXP เพื่อให้ผู้ร่วมงานคนอื่นทราบสาเหตุที่ผิดปกติ',1,'','null','Ij2b8EXxLwWoZHXieHSR1n'),(657,3,'5504868','','','',19,12,19,'2015-11-06 11:35:00','2015-11-10 17:35:00','ผู้ป่วยเป็นคนลาว ต้องส่งสิทธิเป็นคนต่างด้าวไม่ขึ้นทะเบียนในเขต เพราะสิทธิ10 ไม่มีสิทธิ(ชำระเงินเอง) ใช้เฉพาะคนไทยที่มาขอใบรับรองแพทย์หรือต้องการตรวจสุขภาพเท่านั้น',2,17,1,2,NULL,1,'',1,'','null','e6LB0uFKrlsQJ-QJQn3APs'),(658,5,'','','','',17,2,2,'2015-11-10 10:00:00','2015-11-11 08:00:00','รับของจา่กหน่วยจ่ายกลาง ซองห่อกรรไกรตัดไหมใหญ่ขาด กรรไกรทะลุออกมาด้านออกซอง\r\nการแก้ไข้เบื้องต้น  ส่งคืนหน่วยจ่ายกลางเปลี่ยนอันใหม่\r\nข้อเสนอแนะ  ควรตรวจสอบสภาพห่ออุปกรณ์ให้เรียบร้อยก่อนส่งต่อแผนกต่างๆ',5,52,1,2,6,1,'',2,'','null','jVkdbVU1Oh0k19_3NTbgDU'),(659,1,'0029034','','','',11,12,11,'2015-11-10 21:15:00','2015-11-11 08:40:00','ผู้ป่วยมีสิทธิ UC.ต่างอำเภอ แต่เจ้าหน้าที่ส่งสิทธิเป็น Wel.ต่างอำเภอ',2,17,1,2,7,2,'1.ตรวจสอบสิทธิทุกราย\r\n2.ลงสิทธิให้ถูกต้องใน HosXP\r\n3.ถ้าจุดใดพบ ให้ส่งมาแก้ไขที่จุดคัดกรอง\r\n4.ถ้าพบปัญหาในแต่ละราย ให้บันทึกสาเหตุไว้ที่รูปภาพ HosXP เพื่อให้ผู้ร่วมงานคนอื่นทราบสาเหตุที่ผิดปกติ',1,'','null','zlMkFOp0_QuoiJj9Xzn-da'),(660,3,'','','','',19,12,19,'2015-11-11 10:30:00','2015-11-11 13:10:00','ผู้ป่วยอายุ 61 ปี แต่ส่งสิทธิบัตรทอง 30 บาท',2,17,1,2,NULL,1,'',1,'','null','sDh8Uks3kAjFMxt9zFEzeJ'),(661,5,'','','','',17,2,2,'2015-11-03 10:30:00','2015-11-03 11:25:00','สาย canular บริเวณที่ครอบจมูก ปลายสายถูกตัด ไม่สามารถ ให้ ออกซิเจนผุ้ป่วยได้',5,52,2,4,6,1,'',2,'','null','9nVmh_rJqtIjCP77ZWrouz'),(663,1,'5804523','','ใบเฟิน','มีชัยพล',2,12,2,'2015-11-10 16:05:00','2015-11-12 08:40:00','ผู้ป่วยลาว refer พร้อมคนไทย รวม 3 ราย ER ให้เก็บเงินผู้ป่วยลาว 500 บาท ซึ่งเดิมได้ตกลงแนวทางให้หารค่ารถตามจำนวนผู้ป่วยที่ไปกับรถ เพื่อช่วยลดค่าใช้จ่ายให้ผู้ป่วย จึงแจ้งให้ผุ้ป่วยกลับมารับเงินคืนตามจริง',8,68,3,4,5,2,'ปรึกษา จนท.การเงิน และ จนท.ในหน่วยงาน พบว่า มีการเข้าใจผิด ขาด การสือสาร ในการทำงาน  จากการ ปรึกษา เสนอให้ จนท.การเงิน จัดทำแนวทางการเก็บเงินผู้ป่วย refer  แจ้งเวียนให้ จนท. หน่วยงานอื่นรับทราบ เพื่อเป็นแนวทางในการปฏิบัติเดียวกัน',2,'จนท.การเงิน , พยาบาลER','null','SF2_Rbb-4mkyz1mfkjqfuz'),(666,4,'','','','',21,7,21,'2015-11-11 10:10:00','2015-11-12 10:10:00','1.รถที่วิ่งสวนเข้ามาภายในโรงพยาบาลมีความเร็วมากทำให้เสี่ยงต่อการเกิดอุบัติเหตุ เนื่องจากไม่มีจนท.กำกับที่ชัดเจน 2. รถที่จอดผู้ป่วยที่เข้ามาจอดไม่เป็นระเบียนทำให้การจราจรภายในโรงพยาบาลไม่สะดวกเสี่ยงเกิดอุบัติเหตุ',7,66,1,NULL,NULL,1,'',2,'','null','alfRty803fL6mUewLYjzi5'),(667,1,'0023876','นาย','บุญมี','สิงหา',11,12,11,'2015-11-12 19:45:00','2015-11-12 19:45:00','ผู้ป่วยใช้สิทธิ ผู้นำชุมชน แต่ส่งสิทธิ UC.30 บาท',2,17,3,2,NULL,1,'',1,'','null','sq-Otm3aobislRjUasOhPr'),(668,1,'5804564','','ชายณภัทร','สาลาสุตา',11,12,11,'2015-11-14 10:25:00','2015-11-14 10:25:00','ผู้ป่วยชื่อ ด.ช.ชายณภัทร แต่เจ้าหน้าที่ทำชื่อมา ด.ช.ณภัทร ซึ่งผู้ป่วยมีสิทธิการรักษาเบิกหน่วยงานราชการ ต้องชำระเงินแล้วนำใบเสร็จไปเบิกกับหน่วยงานถ้าชื่อในใบเสร็จไม่ตรงกับเอกสารที่ผู้ป่วยนำไปเบิกก็จะเบิกไม่ได้',2,18,3,2,NULL,1,'',1,'','null','WyIwecIJsv47qCY7e4Abfh'),(669,1,'0053135','นาง','ดอกดิน','ด้วงบู่',11,12,11,'2015-11-13 22:40:00','2015-11-14 11:35:00','ผู้ป่วย admit เวลา 22.39น. ผู้ป่วยใช้สิทธิ บุคคลสถานะและสิทธิ แต่เจ้าหน้าที่ไม่มีการเช็คตอน admit และส่งสิทธิตรวจการรักษาผิดพลาดเป็นสิทธิ UC.30ในเขต',2,17,3,2,NULL,1,'',1,'','null','5YhTHn1V3sHzr2DSzFJvK1'),(671,1,'','','','',3,2,2,'2015-11-02 20:20:00','2015-11-18 08:45:00','2 พ.ย.58 เวลา20.20 น.มีผู้ป่วยรอตรวจกับแพทย์ จำนวน 7 ราย เนื่องจากแพทย์กำลังตรวจแต่ยังไม่เสร็จ และดูแล้วมีผู้ป่วยจะต้องได้รับยาเพิ่มนอกจากที่มีอยู่ในห้องฉุกเฉิน จึงโทรศัพท์แจ้งเจ้าหน้าที่ห้องยา รบกวนเปิดรอสักครู่ เจ้าหน้าที่ห้องยาที่รับโทรศัพท์รับปากว่าจะเปิดรอจนถึงเวลา 20.35 น. แต่เมื่อถึงเวลา 20.30 น.ห้องยาเปิดห้องแล้วเรียบร้อย ผู้ป่วยที่รอตรวจจึงไม่ได้รับยาตามคำสั่งแพทย์ เช่น Omeprazole tab , Tramal tab ,ยาพ่นผู้ป่วยฉุกเฉิน \r\nแก้ไข้เบื้องต้น จึงแจ้งแพทย์ให้รับทราบ แนะนำผู้ป่วยมารับยาในวันถัดไป',8,68,1,4,8,2,'1. เนื่องจากนาฬิกาห้องยากับ ER ไม่ตรงกัน จึงให้ปรับนาฬิกาห้องยาให้ตรงกับ ER\r\n2. กรณีมีการโทรแจ้งให้ห้องยาเปิดรอให้บริการ แต่ถ้าเกินเวลามาก ให้โทรแจ้ง ER นัดผู้ป่วยรับยาเพิ่มวันต่อมา',2,'ฝ่ายเภสัชกรรมทบทวนประจำเช้าวันพฤหัส 10 มีค2559','null','JMJWWo9WUmnghIOJsDs2H5'),(672,1,'0058296','นาง','รจนา','ภาหวัน',7,3,7,'2015-11-18 13:55:00','2015-11-18 14:05:00','ลงข้อมูล Pulse 300',2,18,3,2,6,2,'ทบทวน กับจนท.ที่ลงข้อมูล ให้ตรวจสอบข้อมูลก่อนบันทึกใน HosXP',1,'สุชาดา, บรรจบ, ศิริพร, อติพงษ์','null','4uyXnlwrP3wd2e7qKoIQ1k'),(680,1,'0003806','นาง','เสมอ','สุขทองสา',2,2,3,'2015-11-17 08:10:00','2015-11-19 12:15:00','17 พ.ย.58 เวลา 08.30 น.ได้รับแจ้งจาก พนักงานขับรถโรงพยาบาลเชียงคาน ว่าให้ออกรับผู้ป่วยหญิงชักเกร็ง สถานที่เกิดเหตุข้างบ้าน พขร รพ เชียงคาน เจ้าหน้าที่ออกEMS จึงได้เตรียม 0.9%NSS 1000 ml และ Diazepam 10 mg ซึ่งหักยาแล้ว เมื่อไปถึงที่เกิดเหตุผู้ป่วยมีอาการไข้ ไปรักษาที่คลินิก แพทย์ระพีพรรณแล้ว แพทย์แนะนำให้ไปตรวจเลือดที่ รพ. ซักถามญาติว่าเหตุใดจึงแจ้งว่าคนไข้ชักเกร็ง ญาติบอกว่า พขร รพ เชียงคาน เป็นคนโทรแจ้งบอกว่าชัก รถโรงพยาบาลจะได้มาเร็วๆ\" พยาบาลจึงได้ทำการเบิกยา diazepam 10 mgและน้ำเกลือ คืนห้องฉุกเฉิน',8,68,1,2,6,2,'ได้แนะนำพนักงานขับรถ ไม่ควรบอกให้ประชาชนแจ้งอาการที่หนักเกินจริง เพื่อให้รถกู้ชีพออกไปรับ เพราะต้องประเมินอาการผู้ป่วยและต้องเตรียมยาที่สำคัญไปพร้อม ',2,'พนักงานขับรถ พยาบาลER','null','AgLDtlm7l3rNAouCb2bV50'),(681,3,'0006319','นาง','ลำดวน','บัวก่ำ',11,20,11,'2015-11-19 09:00:00','2015-11-20 09:00:00','ขอOPD Card  HN 0006319   ได้ OPD Card   HN 0000319 ',2,16,2,2,NULL,1,'',1,'','null','3KIP2cS7hPCXdXaxlq6g0L'),(682,3,'0013621','นาย','กล้าหาญ','สีบุญ',11,20,11,'2015-11-19 09:00:00','2015-11-20 09:00:00','ขอOPD Card HN  0013621  ได้  OPD Card HN 0010621 ',2,16,2,2,6,1,'',1,'','null','xxKa2hYukkKcGrhGri2F4R'),(683,3,'','','','',21,7,21,'2015-11-19 20:30:00','2015-11-20 09:15:00','พบว่าเวลา20.30 ยามไม่ได้ปฎิบัติหน้าที่  เนื่องมีรถที่ไม่ใช้รถเจ้าหน้าขับเข้ามาในบริเวณบ้านพักจนถึงแฟลตพยาบาล  โดยยามนั่งดูทีวีในตู้ยามไม่ได้ตรวจสอบและสอดส่องดูแล  ',7,64,1,NULL,NULL,1,'',2,'','null','IzrQMXYMcJOIgp7kRpYNCN'),(684,3,'5704941','','ธีรพงษ์','สมสิทธิ์',8,12,3,'2015-11-21 12:00:00','2015-11-21 12:35:00','คนไข้มา Admit ด้วยสิทธิเด็กอายุไม่เกิน 12 ปี  นอนห้องพิเศษ 2 คืน  วัน D/C  21 พ.ย. 58   ward ไม่ปั๊มนอนพิเศษ ห้องยาจ่ายยาคนไข้เลยไม่ได้ส่งคนไข้มาชำระเงินค่ะ',8,68,3,4,6,1,'',2,'','null','chfTqbWTGiV5jB9kYaEDsa'),(685,1,'5600928','นาย','ทศ','ธรรมมาพา',2,3,2,'2015-11-20 06:35:00','2015-11-24 08:55:00','ผู้ป่วย refer ER key ค่า refer 2 ครั้ง การเงินตรวจสอบพบ แก้ไขข้อมูลแล้ว',2,18,3,NULL,NULL,2,'ตรวจสอบข้อมูลให้ถูกต้อง ก่อนส่งผู้ป่วยไปชำระเงิน ',2,'จนท.ER','null','_uZr6xy5grnT6p5UVUqKao'),(686,1,'0044924','นาง','นิภาพรรณ','จันทะวงษา',19,12,19,'2015-11-23 09:45:00','2015-11-24 09:45:00','ผู้ป่วยมาตรวจเลือด ธกส. ต้องส่งสิทธิเป็น สิทธิชำระเงิน (สิทธิ10) แต่เจ้าหน้าที่ส่งสิทธิมาเป็นสิทธิติดตัว ซึ่งทำให้ผู้ป่วยไม่มีค้างชำระค่าเจาะ Lab ในวันที่มาฟังผล',2,17,3,2,NULL,1,'',1,'','null','TP_h8uVawY7yFVtxU4Rftr'),(687,1,'0025725','นาย','สุรศักดิ์','จันทะวงษา',19,12,19,'2015-11-23 09:45:00','2015-11-24 09:50:00','ผู้ป่วยมาตรวจเลือด ธกส. ต้องส่งสิทธิเป็น สิทธิชำระเงิน (สิทธิ10) แต่เจ้าหน้าที่ส่งสิทธิมาเป็นสิทธิติดตัว ซึ่งทำให้ผู้ป่วยไม่มีค้างชำระค่าเจาะ Lab ในวันที่มาฟังผล',2,17,3,2,NULL,1,'',1,'','null','YSO2YYIjwDTceRUN9p9l-G'),(688,1,'5804579','นาย','พีรวัตร','ผุยไธสงค์',11,12,11,'2015-11-22 19:30:00','2015-11-24 17:05:00','ผู้ป่วยใช้สิทธิบัตรทอง รพ.ต่างอำเภอ แต่เจ้าหน้าที่ส่งสิทธิตรวจเป็นสิทธิบัตรทอง 30 บาท ในเขต',2,17,3,2,NULL,1,'',1,'','null','gP779PYYvHDaTNGvFQaC8T'),(689,2,'','','','',16,2,2,'2015-11-25 02:30:00','2015-11-25 07:25:00','25 พ.ย.58 เวลาประมาณ 02.20 น.มีผู้ป่วยมาตรวจแพทย์วินิจฉัยเป็นโรคหลอดเลือดสมองต้องส่งต่อโรงพยาบาลเลย ผู้ป่วยหนาวแต่ห้องฉุกเฉินไม่มีผ้าห่มให้คนไข้ ญาติจึงแสดงความไม่พอใจ พูดบ่นเล็กน้อย\r\nการแก้ไขเบื้องต้น ใช้ผ้าปูเตียงห่มให้ผู้ป่วยไปrefer ก่อน , รอแจ้งหัวหน้าห้องฉุกเฉินให้รับทราบปัญหา\r\n',8,68,1,8,11,1,'',2,'','null','qrMDrIwbjsT38Yfg_ZtD1l'),(690,1,'5804692','','','',3,2,2,'2015-11-22 16:00:00','2015-11-25 07:40:00','คีย์ส่ง NG tube No 16 ห้องยาเขียนจ่าย No 16 แต่ได้เบอร์ 14 มา\r\nแก้ไข้เบื้อง แจ้งห้องยารับทราบ , เปลี่ยนเป็น NG tube No 16 แทน',5,52,1,2,6,2,'ให้มีการตรวจสอบซ้ำก่อนจ่ายยายาทุกครั้ง',2,'ฝ่ายเภสัชกรรมทบทวนประจำเช้าวันพฤหัส 10 มีค2559','null','LRImuIcSoVj39kmBlhr4-7'),(692,5,'','','','',37,2,2,'2015-11-21 08:30:00','2015-11-25 07:55:00','กระดาษ A4 ห้องฉุกเฉินหมด แพทย์ต้องการ admit หรือ refer ไม่มีกระดาษ A4 สอบถามเจ้าหน้าที่เบิกอุปกรณ์ห้องฉุกเฉินบอกว่า หมดทั้งโรงพยาบาล\r\nการแก้ไขเบื้องต้น ยืมของห้องบัตรมาให้ก่อน\r\nข้อเสนอแนะ เจ้าหน้าที่พัสดุควรตรวจเช็คของเป็นประจำ ต้องทราบว่าพัสดุอุปกรณ์มีคงเหลือเท่าไหร่ ใกล้หมดแล้วหรือไม่ เพื่อที่จะทำการวางแผนเรื่องการเบิก อุปกรณ์ พัสดุ ต่างๆให้เพียงพอต่อการให้งาน',8,68,1,2,6,2,'ตามมติที่ประชุมให้ส่งใบเบิกอาทิตย์แรกของเดือน และจ่ายพัสดุพุธที่ 3 ของเดือน ขอให้ส่งเบิกให้ตรงกำหนด เพื่อให้สามารถจัดซื้อมาสำรองให้เพียงพอ',2,'','null','jMY5210R7NEsL0RAeIdHOr'),(693,3,'5502441','นาย','จีระศักดิ์','พันธุ์กาง',11,20,11,'2015-11-24 14:40:00','2015-11-25 09:00:00','ขอOPD Card  HN 5502441  ได้  OPD Card  HN 55412441  มาแทน',2,16,2,2,6,1,'',1,'','null','rAMlh8vCghe-Jg-WmFOM2C'),(694,4,'','','','',4,4,4,'2015-11-09 09:00:00','2015-11-26 10:50:00','ตู้เย็นเก็บน้ำยาเคมี อุณหภูมิ 0 องศาเซลเซียส ทำให้น้ำยาALBUMIN เป็นน้ำแข็ง ไม่สามารถใช้ตรวจสอบได้',5,52,2,5,10,2,'ตู้เย็นเก็บน้ำยา  ขัดข้องทำให้อุณหภูมิเย็นเกินช่วงที่กำหนด2-8 องศา ทำให้น้ำยาไม่สามารถใช้งานได้ \r\nแนวทางแก้ปัญหา  ย้ายน้ำยาไปไว้ตู้เย็นที่อุณหภูมิ อยู่ในช่วงที่กำหนด \r\n                          แจ้งช่างให้มาซ่อมตู้เย็น\r\n                          ละลายน้ำยาให้สามารถใช้งานได้ และทำcontrol ก่อน RUN test',2,'เจ้าหน้าที่ห้อง LAB','null','_G3rGkj4yGOdIy5Uc4AGlV'),(695,1,'570014','','อัญญา','อธิสุมงคล',4,4,4,'2015-11-25 08:30:00','2015-11-26 10:00:00','เจ้าหน้าที่ห้องLAB ติดBARCODE  หลอด CBC สลับ คนไข้ชื่อ อัญญา อธิสุมงคล  และ อัจฉราภรณ์ กรมทอง   ตรวจสอบได้ในขั้นตอนก่อนตรวจวิเคราะห์ ถ้าหลุดเข้าไปในขั้นตอนตรวจวิเคราะห์ จะทำให้เกิดความผิดพลาดในผลการตรวจได้',8,69,2,NULL,NULL,1,'',1,'','null','ud4-rcKA6-G56fN5VmRw2F'),(696,1,'0030052','นาย','สุระเนตร์','แสงทอง',11,12,11,'2015-11-26 19:00:00','2015-11-26 19:00:00','ผู้ป่วยมีสิทธิประกันสังคม รพ.เลย แต่ส่งสิทธิตรวจมาเป็นสิทธิบัตรทอง 30 บาท',2,17,3,2,NULL,1,'',1,'','null','XzejO1fbXwJZOB-ONhRQX_'),(697,1,'0043576','นาย','กล้า',' คำภา',2,12,2,'2015-11-28 18:35:00','2015-11-29 08:55:00','มีการคีย์ค่ารถRefer 2 ครั้ง ทำให้ผู้ป่วยมีค่าใช้จ่ายเพิ่มขึ้นมาอีก 500 บาท',8,68,3,2,NULL,2,'แจ้งในที่ประชุม ให้คีย์ข้อมูล 1 ครั้ง ถ้าพบปัญหาการคีย์แล้วข้อมูลไม่มี  ต้องแจ้งAdmin ให้แก้ไขโปรแกรม',1,'จนท.ER ประชุม 21/01/59','null','yxjG-gCM5XKyxrg-qhJL4D'),(698,1,'0010612','นาง','หนูเกษม','ผิวเกลี้ยง',11,12,11,'2015-11-29 12:40:00','2015-11-29 12:40:00','ผู้ป่วยขับมอไซค์ชนสุนัขฯ แต่เจ้าหน้าที่ส่งสิทธิตรวจมาเป็นสิทธิติดตัวคือสิทธิบัตรทอง 30 บาท',2,17,3,2,NULL,1,'',1,'','null','YaAtc-tCfEtmMFX-eX-KOw'),(699,4,'','','','',21,8,21,'2015-11-25 20:10:00','2015-11-26 10:45:00','ในวันที่  25  พ.ย. 2558  มีรถกระขับเข้า  มาภายในโรงพยาบาลเพื่อมากลับรถ  ด้วยความรวดเร็ว  ทำให้รถมอเตอร์ไซค์  ที่ขี่ตามมาเกือบชนและเกิดอุบัติเหตุ',7,66,1,6,3,1,'',2,'','null','z9E2IFU8Z8De62tslVdon1'),(700,1,'5804824','นาย','วิสุทธิ์','ภู่สุวรรณ',11,12,11,'2015-11-30 18:15:00','2015-11-30 18:15:00','ผู้ป่วยมีสิทธิ UC.ต่างจังหวัด แต่ส่งสิทธิตรวจมาเป็นสิทธิ Wel.ต่างจังหวัด',2,17,3,2,NULL,1,'',1,'','null','NSoGfJVhFXAbi50UJNhUSR'),(702,3,'','','','',3,2,2,'2015-11-29 08:30:00','2015-12-01 08:45:00','ถุงมือ dispose No 5 ถุงมือ sterile No 6.5 หมดสต๊อก ไม่มีไช้ เสี่ยงต่อการทำหัตถการเกิดของแหลมทิ่มตำ ไม่สะดวกในการทำงาน\r\nแก้ไข้เบื้องต้นโดย ทนใช้ถุงมือเบอร์อื่นๆไปก่อน\r\nข้อเสนอแนะ การสั่งเวชภัณท์ควรสอบถามผู้ใช้จริง และตรวจสอบสต๊อกของอยู่เป็นประจำ\r\n',5,51,1,2,8,2,'ปรับยอดขั้นต่ำในโปรแกรมเพื่อแจ้งเตือนให้เร็วขึ้น',2,'ฝ่ายเภสัชกรรม 30 มี.ค.2559','null','qtPko-GewBt9hAaaoqa0eF'),(704,1,'','','','',17,2,2,'2015-11-26 09:15:00','2015-12-01 09:15:00','เปิดsat dressing ไม่พบ stripe turns dark with processing เพื่อทดสอบการนึ่ง\r\nการแก้ไขเบื้องต้น แยกออกไว้ ไม่ใช้ ส่งคืนหน่วยจ่ายกลาง\r\nข้อเสนอแนะ  ควรตรวจสอบการนึ่งของ',5,54,1,2,6,1,'',2,'','null','XBnap8IbfmaaemhUtKOXFs'),(705,1,'','','','',17,2,2,'2015-12-01 09:10:00','2015-12-01 09:20:00','เปิดท๊อปก๊อซไซด์  M เพื่อจำนำไปปิดแผลผู้ป่วย พบเศษพลาสเตอร์ที่ให้แล้ว จำนวน 1 ชิิ้น\r\nแก้ไข้เบื้องต้น แยกออกไว้ไม่ใช้รอส่งคืนหน่วยจ่ายกลาง\r\nข้อเสนอแนะ ควรตรวจสอบการนึ่งของ',5,52,1,2,6,1,'',2,'','null','R8QzctnUtxfah9O6FW1br6'),(706,3,'','','','',11,2,2,'2015-11-30 17:45:00','2015-12-01 09:25:00','เจ้าหน้าที่ห้องบัตรให้ผู้ป่วยถือใบนำทางเข้ามาที่ห้องฉุกเฉินเอง ผู้ป่วยจึงมีความเข้าใจว่าถึงคิวตรวจของต้นเองแล้ว แต่ความเป็นจริงยังมีคิวรอตรวจอีกหลายคิว จึงแนะนำให้ผู้ป่วยเดินออกไปรอด้านออกก่อน เพื่อรอตรวจ ผู้ป่วยและญาติจึงเกิดความไม่พอใจ\r\nข้อเสนอแนะ เจ้าหน้าที่ห้องบัตรควรถือใบนำทางเข้ามาส่งเจ้าหน้าที่ห้องฉุกเฉินเอง ให้ผู้ป่วยรออยู่ด้านหน้าก่อนเพื่อมาจัดคิวที่ด้านในห้องฉุกเฉินอีกครั้งหนึ่ง ตามความฉุกเฉิน ',8,68,1,4,8,2,'ควรมีคนรับคิวที่หน้า ER  เพื่อจัดคิวเข้าตรวจ',2,'','null','1NeyrkRxQ_yc_KXlwYwJpm'),(708,1,'5486','นาย','จำรัส','คำวงค์',5,2,1,'2015-12-02 09:00:00','2015-12-02 09:45:00','Film ไม่ชัดเจน  เห็นแค่บางส่วน  ไม่ตรงจุดที่มีปัญหา เสี่ยงต่อการวินิจฉัยผิดผลาด',1,4,3,2,NULL,2,'จากการทบทวนภาพ L-S spine  ปรับภาพให้ดูเฉพาะส่วน spine   ตามมาตรฐาน   หากแพทย์ต้องการดูทั้งหมดก็จะปรับภาพให้คลอบคลุมทั้งหมด\r\nจากการทบทวนภาพ CXR  ภาพที่ได้ไม่ครอบคลุมorganทั้งหมด   นักรังสีแนะนำให้ถ่ายภาพใหม่แต่ผู้ให้บริการวันนั้นไม่ทำ\r\n',1,'','null','lbSHk2jbCQS_994LJPL8_X'),(709,3,'0009274','นาง','สมนึก','เครือทองศรี',19,12,19,'2015-12-02 13:00:00','2015-12-03 10:00:00','จากการซํกประวัติคนไข้มาด้วยอุบัติเหตุ รถล้ม  แต่ส่งสิทธิ์เป็น UC 12-59 ปี   การเงินจะทำ D/C จึงพบว่ามีการส่งสิทธิ์ผิด',2,17,2,2,11,1,'',2,'','null','ld9fNlaRlJ3qK_lTnRx5lc'),(710,3,'0038650','นาย','มนเชษฐ์','บทไธสง',11,12,8,'2015-12-03 11:00:00','2015-12-01 12:40:00','แฟ้มไม่ตรงกับชื่อคนไข้ที่ Admit ค่ะ',8,69,2,2,6,2,'เกิดจาก  Ward  สลับแฟ้มผู้ป่วยเอง',2,'','null','LAEDmhE68yqZKTkKE0NEfG'),(711,1,'0038912','นาง','สุนิษา','เสวิสิทธิ์',23,3,23,'2015-12-01 10:05:00','2015-12-04 14:05:00','ผู้ป่วยชื่อสุนิษา เสวิมิทธิ์ มีใบนัดผู้ป่วยชื่อนางเกษแก้ว ทองเนื้อนิ่มติดมา พลิกกลับดูพบว่ามีการเขียนอาการของผู้ป่วย แสดงว่ามีการนำใบนัดเก่ามาใช้โดยไม่ได้ขีดฆ่าทิ้ง',2,18,3,NULL,NULL,1,'',2,'','null','mFfdDQEa5i8hjWh-zsqYs1'),(719,1,'0051961','นาง','ผสม','พาดี',11,12,11,'2015-12-07 09:05:00','2015-12-07 09:05:00','ผู้ป่วยมีอายุ 60 ปี 11 เดือน แต่เจ้าหน้าที่ส่งสิทธิมาเป็นสิทธิบัตรทอง 30 บาท',2,17,3,2,NULL,1,'',1,'','null','DmJmwQEmv1Jyppx6G7SzKj'),(720,1,'5406059','นาง','ประจาบ','อุบลชัย',11,12,11,'2015-12-07 19:00:00','2015-12-07 19:00:00','ผู้ป่วยมีสิทธิเบิกกรมบัญชีกลาง (บุคคลในครอบครัว) ยังไม่ได้สมัครจ่ายตรง ต้องชำระเงินเองเพื่อนำใบเสร็จไปเบิกกับหน่วยงาน แต่เจ้าหน้าที่ส่งสิทธิผิดเป็นสิทธิ บัตรทอง 30 บาท',2,17,3,1,NULL,1,'',1,'','null','MLgLsgDS0C_U37wgMAZ9gO'),(721,3,'','','','',17,2,2,'2015-12-08 09:20:00','2015-12-08 09:45:00','ไม่มีสติกเกอร์ติด set  ทำแผลบ่งบอกถึงวันที่ทำและวันหมดอายุ',5,52,3,NULL,NULL,1,'',2,'','null','HSDklRt5Zoe75OVFeeuS2o'),(722,1,'0055124','นาย','วิรัตน์','กุลวงษ์',3,12,3,'2015-12-08 11:30:00','2015-12-08 13:10:00','ผู้ป่วย D/C สิทธิบัตรทอง 30 บาท รับยากลับบ้าน ผู้ป่วยรับยาเสร็จแล้วไม่ได้ส่งผู้ป่วยมาชำระเงิน 30 บาท',8,68,4,2,NULL,2,'1. ให้ผู้รับแฟ้มประทับตรา ชำระเงินกรณีต้องชำระเงิน\r\n2. ให้ผู้ตรวจสอบติดคูปอง ชำระเงินทุกครั้ง\r\n3. ให้ผู้จ่ายยาตรวจสอบสิทธิ์ซ้ำ จากใบเช็คสิทธิ์ของศูนย์ประกัน',1,'ฝ่ายเภสัชกรรม 29/3/2559','null','uyHPX7Hqz20kywyhdZKDHb'),(723,1,'0003566','นาง','ดอกไม้','เดชบำรุง',3,12,3,'2015-12-08 11:15:00','2015-12-08 13:20:00','ผู้ป่วย D/C สิทธิบัตรทอง 30 บาท รับยากลับบ้าน ผู้ป่วยรับยาเสร็จแล้วไม่ได้ส่งผู้ป่วยมาชำระเงิน 30 บาท',8,68,4,2,NULL,2,'1. ให้ผู้รับแฟ้มประทับตรา ชำระเงินกรณีต้องชำระเงิน\r\n2. ให้ผู้ตรวจสอบติดคูปอง ชำระเงินทุกครั้ง\r\n3. ให้ผู้จ่ายยาตรวจสอบสิทธิ์ซ้ำ จากใบเช็คสิทธิ์ของศูนย์ประกัน',1,'ฝ่ายเภสัชกรรม 30 มีค.2559','null','jDHIpppFeb6nVrQ6Dl_eHE'),(724,1,'0070542','','เมธาสิทธิ์','ทรัพย์วิลัย',2,3,2,'2015-12-08 06:50:00','2015-12-08 16:20:00','ผู้ป่วยหนัก 23.5 kg ลงข้อมูล 13.5 kg ทำให้แพทย์สั่งยาขนาดไม่ถูกต้อง',2,18,3,NULL,NULL,2,'แจ้งให้จนท.ERทราบ ในที่ประชุม เน้นให้ดูน้ำหนักและประเมินตัวผู้ป่วย ถ้าสงสัยให้ชั่งน้ำหนักซ้ำ',1,'จนท.ER ประชุม 21/01/59','null','HHzFFNN7iydi031MKZIjKM'),(726,1,'5409984','นาย','พงษ์ปกรณ์','หลวงแหลม',11,12,11,'2015-12-08 11:40:00','2015-12-09 08:35:00','ผู้ป่วยมีสิทธิบัตรทอง 30 บาท แต่ส่งสิทธิเป็นสิทธิไม่มีสิทธิ(ชำระเงินเอง) เป็นผู้ป่วยร่วมกิจกรรมกลุ่มบำบัดฯฟื้นฟู',2,17,3,2,NULL,1,'',1,'','null','a26Tqm6-yLQRqBXTrn9DFI'),(727,1,'','','','',17,10,17,'2015-11-20 21:15:00','2015-12-09 13:15:00','มารดา คลอดช่วงเวรบ่าย มี bleed ซึมตลอด แพทย์ตรวจดูอาการ ให้ Pact tampon ครั้งละ 2 อัน เปลี่ยน ทุก 2 ชม. สต๊อกที่ห้องคลอดมีไม่เพียงพอ หมดตั้งแต่ช่วงเวนบ่าย เวรดึกไม่ได้ใช้  ช่วงเช้าได้ประสานไปที่หน่วยจ่ายกลาง บอกว่า ยังไม่ได้นึ่ง ต้องรอช่วงบ่าย ',5,51,3,4,8,1,'',1,'','null','GCqMF_B1a_mYNy0fPj16gL'),(728,4,'','','','',4,4,4,'2015-10-09 07:35:00','2015-12-15 11:55:00','ตู้เย็นเก็บน้ำยา Jewet อุณหภูมิ น้อยกว่า 0 องศาเซลเซียส ทำให้น้ำยาที่ใช้สำหรับงานเคมีคลินิก เย็นจนเป็นน้ำแข็ง ไม่พร้อมใช้งาน ต้องเสียเวลาละลายน้ำยาก่อนทำการตรวจวิเคราะห์ ทำให้รายงานผลการตรวจล่าช้า',5,53,2,5,10,2,'- ตรวจสอบอุณหภูมิตู้เย็น อย่างสม่ำเสมอ\r\n- ในกรณีอุณหภูมิตู้เย็นมีแนวโน้มออกนอกช่วง มีการตรวจสอบเครื่องมือ หรือแจ้งช่างซ่อม\r\n- ย้ายของ ไปไว้ที่ตู้เย็นที่อุณหภูมิอยู่ในช่วง\r\n- ตรวจสอบน้ำยาก่อนนำมาทดสอบว่ามีสภาพพร้อมใช้งาน',2,'-เจ้าหน้าที่ห้องLAB','null','OBUPffu5AtFquXh4BFnL6O'),(729,1,'','','','',4,4,4,'2015-12-04 08:00:00','2015-12-15 11:30:00','น้ำยา Creatinine มีสภาพเป็นน้ำแข็ง Control ไม่อยู่ในช่วง ทำให้ผลการตรวจไม่สอดคล้องกับผลย้อนหลัง ต้องได้นำน้ำยามาละลาย และตรวจซ้ำอีกครั้ง ทำให้รายงานผลการตรวจล่าช้า',1,3,3,4,10,2,'-เครื่องมือ ตู้เย็นชำรุด\r\n- น้ำยาเคมีคลินิก Creatine เป็นน้ำแข็ง ผลการควบคุมคุณภาพภายใน ออกนอกช่วงที่ยอมรับ\r\n-  ต้องเสียเวลาตรวจวิเคราะห์ซ้ำ\r\n-  เตรียมเครื่องมือให้พร้อมก่อนการตรวจวิเคราะห์     แจ้งซ่อมตู้เย็น',1,'เจ้าหน้าที่ห้อง LAB','null','XUV7dt1_LjH942IupjXtHK'),(730,1,'38599','น.ส.','พัชรพร','สอนอ่อน',4,4,23,'2015-12-15 08:10:00','2015-12-15 11:30:00','- เจาะเลือดคนไข้คลินิกเบาหวาน ติดสติคเกอร์ผิด จากนส.พัชรพร  สอนอ่อน HN 38599 เป็นนางก้าน  ศรีคุณเมือง HN 59385',8,69,3,2,6,2,'- ติดสติคเกอร์ ชื่อ -นามสกุล คนไข้ให้ถูกต้อง\r\n- ก่อนเจาะเลือด ตรวจสอบ ขื่อ-นามสกุลให้ถูกต้องก่อนเจาะ\r\n- Key  HN คนไข้แทน ค้นหาตามชื่อ เพื่อความถูกต้อง',1,'-เจ้าหน้าที่ห้อง LAB','null','pj4cNEDpDfP6quq4oteeb_'),(736,1,'5801226','นาย','สุวรรณ','แก้วพิลารมย์',27,3,8,'2015-12-06 12:15:00','2015-12-06 15:15:00','ผู้ป่วยนอน รพ. HN5801226 นายสุวรรณ แก้วพิลารมย์ แต่ OPD cardที่แนบมากับเวชระเบียนผู้ป่วยในเป็นชื่อคนไข้อีกคน\r\nแก้ไขโดย : โทรแจ้ง IPD ให้ทราบและแยกแฟ้มออกจากกัน\r\n\r\n**** พบปัญหาลักษณะนี้บ่อยครั้ง ควรมีการตรวจสอบให้ถูกต้อง ถูกคน ก่อนส่งมารับยา',2,16,3,NULL,NULL,1,'',1,'','null','q76WWalFnzc8oSKVyivou8'),(739,1,'0025049','น.ส.','นิลุบล ','โสรสิงห์',11,12,11,'2015-12-19 08:30:00','2015-12-25 17:05:00','ผู้ป่วยAdmitรอคลอด สิทธิประกันสังคม รพ.เลย แต่ส่งสิทธิเป็นสิทธิประกันสังคม รพ.เอกชน',2,17,3,2,NULL,1,'',1,'','null','mYZhe75Z57w0XkgkPDEtML'),(742,1,'027815','นาง','ขวัญฤทัย','สุขเจริญ',3,2,2,'2015-12-27 10:20:00','2015-12-30 08:00:00','ผู้ป่วยมาด้วยขับรถจักรยานยนต์ล้ม มีอาการปวดเข่าข้างซ้าย แพทย์ order ใส่ knee slab 6 นิ้ว แต่ห้องฉุกเฉินหมด สอบถามผู้เบิกของห้องฉุกเฉิน แจ้งว่าเบิกslabไปแล้วแต่ของห้องยาหมด\r\nแก้ไขเบื้องต้นโดย แจ้งแพทย์ให้รับทราบ\r\nข้อเสนอแนะ ควรตรวจสอบของเป็นประจำ สิ่งใดใกล้หมดจะได้จัดซื้อเตรียมไว้ให้พร้อมใช้',5,51,3,4,8,2,'ปรับการสั่งใช้ยาให้เร็วขึ้น',1,'ฝ่ายเภสัชกรรม 17/3/2559','null','Tx39Te_TCYzKoOcDJJ9qnF'),(743,1,'5704908','นาย','วิชัย','โชคชัย',11,12,11,'2016-01-02 12:10:00','2016-01-02 12:10:00','ผู้ป่วยมีสิทธิ Wel.ต่างจังหวัด แต่ส่งสิทธิตรวจมาเป็นสิทธิ UC.ต่างอำเภอ',2,17,3,2,NULL,1,'',1,'','null','BTr95fdJ9xy_4wcWtjdWlH'),(753,1,'0017953','นาย','สมคิด','วัดครบุรี',11,12,11,'2016-01-07 10:10:00','2016-01-07 10:10:00','ผู้ป่วยขอใบรับรองแพทย์ห้าโรค แต่ส่งสิทธิการรักษาเป็นสิทธิติดตัว คือสิทธิ Uc.',2,17,3,2,NULL,2,'แจ้งให้ทราบในการประชุมผู้ช่วยเหลือคนไข้  มาขอใบรับรองแพทย์ 5 โรค ให้ใช้สิทธิชำระเงิน',1,'สุชาดา สุทืศา บุญทัน รุ่งทิพย์ อัญชุลี สาคร นภาพร พจนีย์ ศริญญา พักตร์วิภา','null','UgGkSVOitgUCnusutRhKLj'),(754,3,'0006488','นาย','ชาญชีพ','สมกำพี้',11,12,19,'2016-01-11 14:00:00','2016-01-17 09:05:00','คนไข้สิทธิจ่ายตรงกรมบัญชีกลาง มารักษาเป็นคนไข้ OPD แต่ส่งสิทธิเป็น UC ในเขต',2,17,3,2,6,2,'ตรวจสอบสิทธิสปสช. และให้ระบุสิทธิการรักษาตามหน้าwebและสอบถามข้อมูลเบิกได้จากผู้มารับบริการ  ตรวจทบทวนอีกครั้งก่อนส่งHosXP\r\nแจ้งให้ทราบในการประชุมผู้ช่วยเหลือคนไข้ ',2,'สุชาดา สุทืศา จนท.การเงิน บุญทัน รุ่งทิพย์ อัญชุลี สาคร นภาพร พจนีย์ ศริญญา','null','Arf9Ly9yD12NTMpieLQ-T9'),(755,3,'5304827','น.ส.','ขวัญกมล','ประสมทรัพย์',11,12,19,'2016-01-14 07:50:00','2016-01-17 09:20:00','คนไข้มาฟังผลเลือด ธกส.  แต่ส่งสิทธิเป็น uc ในเขต',2,17,3,4,6,2,'ตรวจสอบสิทธิสปสช. และสอบถามการมารับบริการทุกครั้ง มารับบริการอะไร',2,'แจ้งให้ทราบในการประชุมผู้ช่วยเหลือคนไข้ สุชาดา สุทืศา จนท.การเงิน บุญทัน รุ่งทิพย์ อัญชุลี สาคร นภาพร พจนีย์ ศริญญา','null','wFoh6yCpX2JBsrQ4UKCq6H'),(756,3,'0026787','นาย','ไกรทอง','หาญกล้า',11,12,19,'2016-01-14 08:00:00','2016-01-17 09:20:00','มาฟังผลเลือด ธกส  แต่ส่งสิทธิเป็น uc ในเขต',2,17,3,2,6,2,'แจ้งในที่ประชุม ก่อนการส่งตรวจ ให้สอบถามการมารับบริการ ด้วยเหตุผลอะไร ก่อนส่งสิทธิให้ถูกต้อง',2,'แจ้งให้ทราบในการประชุมผู้ช่วยเหลือคนไข้ สุชาดา สุทืศา บุญทัน รุ่งทิพย์ อัญชุลี สาคร นภาพร พจนีย์ ศริญญา พักตร์วิภา','null','PtkgFvL-Kprx32tNky-7uj'),(758,1,'5900218','นาง','บุญสี','ไชยะวงค์',12,10,10,'2016-01-14 11:00:00','2016-01-18 15:00:00','ห้องคลอดส่งผู้ป่วยหลังคลอดเพื่อชำระเงิน รวมวันรักษา 2 วัน แต่ การเงินเก็บค่าเตียง และค่าการพยาบาลเพียง 1 วัน แจ้งการเงินบอก ระบบ Hosxp มีค่าเตียงและค่าการพยาบาลขึ้นเพียง 1 วัน จึงเก็บตามนั้น',8,69,3,4,6,2,'1. อยากให้ จนท.ห้องคลอด ก่อนส่งคนไข้มาชำระเงิน ควรตรวจสอบดูค่าใช้จ่ายอีกครั้งก่อนส่งคนไข้มาชำระเงิน\r\n2. คนไข้ D/C ในเวลาราชการ  ส่งญาติให้ไปตรวจสอบสิทธิ์อีกครั้งก่อนมาชำระเงิน (เพื่อตรวจสอบ วันนอน ค่าห้องและค่าบริการ)',2,'','null','faHLt7WSN9S87SFsfpf26c'),(759,1,'0038839','นาย','ละคร','บุดดา',11,12,11,'2016-01-23 10:30:00','2016-01-23 11:20:00','ผู้ป่วยมาทำฟันมีสิทธิประกันสังคม รพ.เอกชน แต่เจ้าหน้าส่งสิทธิตรวจเป็นสิทธิบัตร 30 บาท',2,17,3,2,NULL,1,'',1,'','null','qnafxqJ73b5YHCQSQMMUf1'),(760,1,'5900389','นาง','เพ็ญศรี','ศักดิ์วนิชล',11,12,11,'2016-01-23 15:20:00','2016-01-23 15:20:00','ผู้ป่วยมีสิทธิผู้สูงอายุต่างจังหวัด(Wel.ต่างจังหวัด) แต่เจ้าหน้าที่ส่งสิทธิเป็นสิทธิผู้สูงอายุในเขตจังหวัดเลย',2,17,3,2,NULL,1,'',1,'','null','2dm6ckr1R1sdMwMFQboO35'),(761,1,'5900397','','ชนิดาภา','ศรีสำอางค์',11,12,11,'2016-01-24 09:00:00','2016-01-24 09:00:00','ผู้ป่วยมีสิทธิเบิกได้องค์กรปกครองส่วนท้องถิ่น แต่เจ้าหน้าที่ส่งสิทธิตรวจเป็นสิทธิเบิกได้หน่วยงานราชการ',2,17,3,2,NULL,1,'',1,'','null','Uf1bOcVaNKQ2eGJrxoY9bc'),(762,1,'5900402','','สมรวย','โพธิสาร',11,12,11,'2016-01-24 11:10:00','2016-01-24 11:10:00','ผู้ป่วยเป็นคนลาวต้องใช้สิทธิคนต่างด้าวไม่ขึ้นทะเบียนเท่านั้น แต่เจ้าหน้าที่ส่งสิทธิตรวจเป็นชำระเงินเองซึ่งสิทธินี้ใช้ได้กับคนไทยเท่านั้น',2,17,3,2,6,2,'แจ้งในที่ประชุม ผู้ช่วยเหลือคนไข้และพนักงานบริการทั่วไป ให้ส่งสิทธิเป็นสิทธิคนต่างด้าวไม่ขึ้นทะเบียน',1,'สุชาดา สุทืศา จนท.การเงิน บุญทัน รุ่งทิพย์ อัญชุลี สาคร นภาพร พจนีย์ ศริญญา','null','U2hD4KfRmwUjSsx2oU8oBd'),(763,1,'5900404','นาย','ประวิทย์พงษ์','อิ่มประสงค์',11,12,11,'2016-01-24 14:15:00','2016-01-24 14:15:00','ผู้ป่วยมีสิทธิประกันสังคม รพ.ขอนแก่น ซึ่งเป็น รพ.รัฐบาล แต่เจ้าหน้าที่ส่งสิทธิตรวจเป็นประกันสังคม รพ.เอกชน ซึ่งไม่มีการซักถามผู้ป่วยว่า รพ.ขอนแก่น เป็น รพ.รัฐหรือเอกชน',2,17,3,2,NULL,2,'แจ้งในที่ประชุม ให้ตรวจสอบสิทธิสปสช ให้ถูกต้อง ถ้าไม่ทราบว่านพ.ใดที่เป็นเอกชน หรือรัฐบาล ให้สอบถามเพื่อนร่วมงาน หรือหัวหน้า',1,'สุชาดา สุทืศา จนท.การเงิน บุญทัน รุ่งทิพย์ อัญชุลี สาคร นภาพร พจนีย์ ศริญญา','null','3t_y1TP8AFQdHJySfctUtI'),(765,3,'','','','',26,2,8,'2016-01-23 23:00:00','2016-01-25 08:00:00','O.K.case admit กับพยาบาลที่ตึก IPD ผู้ป่วยมีอาการหายใจหอบ CA lung เดิม แพทย์มี order ให้ cef-3 ฉีด ที่ERยังไม่ได้ฉีดให้เพราะตามguid line ที่ ER จะให้ cef-3 เฉพาะ case BP drop , sepsis แต่พยาบาลที่รับ OK.case พูดว่า \"ทำไมไม่ฉีดเลยคนไข้หอบนะจะรออะไร\" พร้อมหายใจใส่โทรศัพท์อย่างแรง โทรศัพท์แจ้ง guidline การให้ ATB iv ในผู้ป่วย BP drop(คนไข้ case นี้ BP 138/90 mmHg) พยาบาลพูดกลับมาว่า\"ผู้ป่วยมีไข้หมอน่าจะเป็นsepsis\" จึงอธิบายแนวทางการให้ยา ATB stat ที่ ER ซ้ำ และแนวทางการดูแลผู้ป่วย sepsis พยาบาล IPD จึงตอบกลับมาว่า \"งั้นก็เอาตามแนวทางของเธอแล้วกัน\"พร้อมวางสายทันทีทั้งที่ยังพูดกันยังไม่จบ\r\nข้อเสนอแนะ.....- ควรเรียนรู้เรื่องมารยาทการใช้โทรศัพท์\r\n                    - พยาบาลที่รับ OK case ควรเป็น Inchart หรือพยาบาลที่ปฏิบัติงานประจำในโรงพยาบาลที่รู้เรื่องแนวทางการดูแลผู้ป่วย\r\n                    - พยาบาลที่มารับขึ้่นเวรจากที่อื่นควรทราบ Guid line แนวทางการดูแลผู้ป่วยของโรงพยาบาลด้วย  ',8,68,1,2,5,1,'',2,'','null','sHwn9v1vGvAzw9hMkJqx8P'),(767,4,'','','','',21,2,2,'2016-01-23 21:00:00','2016-01-25 08:00:00','23/01/59 มีงานมหกรรมลูกทุ่ง M 150 ด้านข้างโรงพยาบาลเชียงคาน ประชาชนทั่วไปเข้ามาจอดรถไว้ในโรงพยาบาลเป็นจำนวนมาก จอดขวางทางลาดขึ้น ER  จอดขวางทางคันอื่น จอดซ้อนคัน จอดไม่เป็นระเบียบเรียบร้อย ทำให้รถคันด้านในไม่สามารถออกได้ \r\nแก้ไขเบื้องต้น  แจ้งรถที่มาจอดใหม่ว่าไม่ได้จอดขวางทางขึ้นตึกห้องฉุกเฉิน\r\nข้อเสนอแนะ  ควรมีการจัดการเรื่องการจอดรถ สถานที่จอดรถ ป้ายประชาสัมพันธ์ หรือแผ่นป้ายห้ามจอด ควรมีเจ้าหน้าที่รักษาความปลอดภัยของโรงพยาบาลมาจัดระเบียบเรื่องการจอดรถ โดยเฉพาะช่วงเทศกาลต่างๆ',7,66,1,2,3,1,'',2,'','null','8GvKhj5P5KFTMgC09Y5Nal'),(769,1,'5900104','น.ส.','ปิยนุช  ','นรเนตร',9,10,10,'2016-01-25 13:30:00','2016-01-25 13:30:00','วันที่ 25 มกราคม 2559 มารดา G1P0A0L0 มาด้วยเจ็บคครภ์คลอด มีมูกเลือด ก่อนมา 5 ชม. จากประวัติ ANC ครั้งแรก ที่ รพ. นวมินทร์ 9 ฝากครรภ์จำนวน 4 ครั้ง ตรวจเลือดไม่ครบตาม Lab ANC ขาด VDRL ,DCIP , ,OF  HCT 31.9 % วันที่ 6 มกราคม 2559 มา ANC ครั้งแรกที่ รพ.เชียงคาน ตอน GA 37 wks จำนวน 1 ครั้ง ที่ รพสต.โสกใหม่ 2 ครั้ง ไม่มีการเจาะเลือดซ้ำ ที่ รพ.เชียงคาน ***วันที่ 25 มกราคม 2559 มา Admit ที่ LR  เวลา 09.00 น. GA 40+1 คลอดปกติเวลา 10.14 น.',1,1,3,2,6,1,'',1,'','null','_V9O0eQA8B31tY7XmswbEU'),(771,1,'5900444','นาง','ฮาบีบ๊ะ','อับดุลเลาะห์',11,12,11,'2016-01-27 18:05:00','2016-01-27 18:05:00','ผู้ป่วยสิทธิUC. ตจว. แต่เจ้าหน้าที่ส่งสิทธิตรวจเป็นสิทธิ UC.ในเขต',2,17,3,2,NULL,2,'ให้จนท.ที่ทำบัตร ตรวจสอบสิทธิให้ถูกต้อง และแก้ไขข้อมูลใน HosXP ',1,'แจ้งให้ทราบในการประชุมผู้ช่วยเหลือคนไข้ สุชาดา สุทืศา จนท.การเงิน บุญทัน รุ่งทิพย์ อัญชุลี สาคร นภาพร พจนีย์ ศริญญา','null','L_Lq8fKQ5hmdi467B5RDHC'),(772,1,'','','','',23,2,23,'2016-01-29 07:00:00','2016-02-01 13:45:00','มีDM เกิดภาวะ Hypoglycemia 4 ราย 1. HN 69005  DTX 51mg%\r\n                                                        2. HN 11981  DTX 22\r\n                                                        3. HN 12438 DTX 41\r\n                                                        4. HN 28593 DTX 25',8,69,5,7,11,1,'',1,'','null','JTLrMI-Hk_4kK3bVnYQk79'),(773,3,'','','','',7,2,2,'2016-02-02 14:00:00','2016-02-02 18:20:00','วันที่ 1และ2 กุมภาพันธ์ 2559 เวลาประมาณ 14.00 น.เวรเปลลงไปนวดที่ห้องกายภาพบำบัด แล้วมีผู้ป่วย admit ซึ่งทางห้องฉุกเฉินไม่ทราบเรื่อง ทำให้admitผู้ป่วยล่าช้า\r\nแก้ไขเบื้องต้นโดย ให้คนงานห้องฉุกเฉินช่วย admit\r\nข้อเสนอแนะ ควรขออนุญาตหัวหน้าหรือควรไปนอกเวลาราชการ',8,68,1,2,6,2,'ได้แจ้งให้นายชัด ผิวพันคำทราบแล้วในวันที่ 3 กพ. 2559 และให้หาเวลาอื่นไปนวด ห้ามไปในเวลานี้ นายชัด รับทราบแล้ว',2,'อติพงษ์และนายชัด','null','u-l-5a-_qWw-NgK648C7Jr'),(774,3,'','','','',7,2,7,'2016-02-02 14:00:00','2016-02-03 09:10:00','เวลา 14.00 น . ER มีCase ต้องใส่ Tube ติดต่อกัน 2 วัน คนงานERต้องช่วยดูแลผู้ป่วย , แต่ถูกเรียกให้ไปช่วยAdmit  (คนงานศูนย์เปลไม่อยู่ทั้ง 2 วัน  ไปนวด) โดยได้บอกเพื่อนคนงานด้วยกันเอง ',8,69,2,2,8,2,'ได้แจ้งให้นายชัด ผิวพันคำทราบแล้วในวันที่ 3 กพ. 2559 และให้หาเวลาอื่นไปนวด ห้ามไปในเวลานี้ นายชัด รับทราบแล้ว',2,'นายอติพงษ์ แจ้งให้ นายชัด รับทราบและถือปฎิบัติ','null','yjn11ct1Mvv_An6lvpD3Pe'),(775,5,'','','','',3,2,2,'2016-02-02 10:25:00','2016-02-03 09:25:00','จนท.ห้องยาจัดซองยาGG มารวมอยู่กับ ช่องเก็บยา D2',8,69,1,2,7,2,'ให้ จพ.เภสัชกรรมตรวจสอบให้ถูกต้องก่อนส่งมอบยาทุกครั้ง',2,'','null','gsGzyi5AcwB19oDnYgFO7r'),(776,1,'6127','นาง','เดือน','ต๊ะบานขวา',13,2,2,'2016-02-07 23:45:00','2016-02-08 06:45:00','07/02/59 เวลา 23.47 น.รถ EMS ออกรับผู้ป่วยบ้านสงเปือยด้วยอาการหายใจหอบ นอนราบไม่ได้มา 3 ชม. เจ้าหน้าที่ได้เตรียม set พ่นยาไป แต่ปริมาณออกซิเจนไม่เพียงพอ สามารถพ่นยาได้ 1 dose เนื่องจากออกซิเจนหมดทั้ง 2 ถังใหญ่ เหลือแต่ถังออกซิเจนเล็กสำรอง สรุป ผู้ป่วยใส่ท่อช่วยหายใจส่งต่อโรงพยาบาลเลย\r\nข้อเสนอแนะ พนักงานขับรถต้องตรวจสอบความพร้อมของออกซิเจนว่าพร้อมใช้หรือไม่ โดยเฉพาะช่วงวันหยุดต่างๆ',5,52,4,2,6,1,'ธุรการรายงานหัวหน้าบริหารเรียบร้อยแล้วค่ะ',1,'','null','Rv7uUFT2bbHpgg19spxRMF'),(779,1,'41787','นาง','Khene','Somkongkham',13,2,2,'2016-02-08 09:30:00','2016-02-09 07:40:00','08/02/59 เวลา 09.30 น.ห้องฉุกเฉินได้ส่งตัวผู้ป่วยตั้งครรภ์ไปรักษาต่อที่ รพ.เลย เนื่องจากต้องทำการผ่าตัดคลอดเพราะเคยทำผ่าตัดคลอดในท้องแรก พนักงานขับรถเปิดสัญญาณไฟแต่ไม่ได้เปิดสัญญาเสียง พยาบาลจึงบอกให้พนักงานขับรถเปิดสัญญาณเสียงด้วย พนักงานขับได้เปิดสัญญาณเสียงพร้อมกับขับรถเร็วมาก 120-140 กม./ชม.โดยประมาณ สร้างความวิงเวียนศีรษะและความหวาดเสียวให้กับพยาบาลและตัวผู้ป่วยในรถreferเป็นอย่างมาก\r\nข้อเสนอแนะ พนักงานขับรถควรรู้ถึงข้อปฏิบัติในการขับรถ referและออกEMS ทั้งการใช้สัญญาณไฟ สัญญาณเสียง ความเร็ว และควรปฏิบัติตามอย่างเคร่งครัด เพื่อป้องกันการเกิดอุบัติเหตุอันตรายต่อชีวิตและทรัพย์สิน',8,68,1,2,6,2,'ธุรการรายงานหัวหน้าบริหารเรียบร้อยแล้วค่ะ',1,'พักตร์วิภา  บุตตา','null','J7J-raW06aROiqy6W_bm2T'),(780,3,'','','','',1,7,7,'2016-02-05 09:00:00','2016-02-05 15:00:00','เวลา 09.30 น. ยังไม่มีแพทย์มาตรวจที่ OPD โทรถาม IPD บอกว่าแพทย์กำลังตรวจผู้ป่วยอยุ่ที่ IPD 2 ท่าน อีก 1 ท่านตรวจที่ คลีนิกโรคเรื้อรัง พยาบาล OPD ได้โทรตามแพทย์ 1 ท่านบอกว่า ลากิจ ไปงานแต่ง อีก 1 ท่านโทรไม่ติด จึงให้น้องเวรไปตามที่บ้านพัก 2 ครั้ง แต่ไม่ขึ้นมาตรวจผู้ป่วย เวลา11.00 น. หัวหน้า OPD  ได้ไลน์ปรึกษา ผอ. ผอ.แจ้งว่าไม่ต้องตัดบัตรผู้ป่วยจะเข้าไปตรวจ',8,69,3,2,6,2,'แจ้งและทำความเข้าใจในองค์กรแพทย์',2,'','null','_gs1uwfS4HGKKrJCde4b9x'),(781,3,'','','','',21,8,21,'2016-02-09 09:30:00','2016-02-09 14:50:00','เนื่องจากเป็นตลาดนัด 2 ค่ำ 1. มีรถเข้าออกไม่เป็นระเบียบ 2. จอดรถไม่เป็นระเบียนเสี่ยงเกิดอุบัติเหตุ',7,66,1,NULL,NULL,1,'',2,'','null','wWmV9tWawv4KNP8Z3q2B_6'),(782,1,'49754','น.ส.','รัตนาภรณ์','สีตื้อ',23,2,2,'2016-02-09 08:30:00','2016-02-10 02:15:00','จุดซักประวัติเบาหวานส่งผู้ป่วยชื่อ น.ส.รัตนาภรณ์ สีตื้อ มาตรวจ EKG เนื่องจากชีพจรเต้นเร็ว แต่ส่งใบนัดตรวจผิดคน โดยใบนัดที่ผู้ป่วยถือมาชื่อ นางระแนว บุดดาเหลา มีปากกาเขียนลงในใบนัดว่า Pulse เร็ว\r\nการแก้ไขเบื้องต้น สอบถามชื่อ - สกุลผู้ป่วย \r\nข้อเสนอแนะ ก่อนส่งผู้ป่วยมาห้องฉุกเฉินควรตรวจสอบ ชื่อ สกุล ในใบนัดให้ตรงกันกับผู้ป่วย',2,16,1,2,6,1,'',2,'','null','DqJkfcilB1YcxQlVksCqWa'),(783,3,'5607316','นาง','แวง','คำใส',11,12,19,'2016-02-10 18:20:00','2016-02-10 18:35:00','ไม่มีการแก้ไขเลขบัตรประจำตัวของคนไข้ในแฟ้มให้ถูกต้องตามปัจจุบัน   สิทธิเดิมคนไข้ที่เคยมารับบริการเป็นคนต่างด้าวขึ้นทะเบียนในเขต \r\nAdmit ปัจจุบันคนไข้เป็นบุคคลที่มีปัญหาทางสถานะและสิทธิ  ยื่นบัตรที่ห้องบัตร  แต่ตอนมาตรวจสอบสิทธิไม่มีการแก้ไขเลขที่บัตรจึงทำให้ไม่สามารถตรวจสอบสิทธิได้',2,18,2,4,6,1,'',2,'','null','vxHvquOAyUj8qb1OZGLOYM'),(786,3,'0030901','นาย','นิคม','เมืองมา',11,12,19,'2016-02-11 13:50:00','2016-02-11 13:55:00','คนไข้มาขอใบรับรองแพทย์เจ็บป่วย  ส่งสิทธิ์เป็นไม่มีสิทธิชำระเงินเอง',2,17,2,2,6,2,'ให้ถามผู้มารับบริการว่า มาขอใบรับรองแพทย์ไปทำอะไร ให้แน่ชัดก่อน ถ้าใบรับรองแพทย์เจ็บป่วย ไม่ต้องชำระเงิน',2,'','null','gts5HIN_ZxdCc2lIbJXgVL'),(789,3,'5409550','','พระอาทิตย์','แช่มช้อย',11,12,19,'2016-02-12 09:00:00','2016-02-12 09:25:00','สิทธิการรักษา พระภิกษุ สามเณร   แต่ส่งสิทธิเป็น wel ต่างอำเภอ',2,17,2,2,6,2,'ตรวจสอบสิทธิสปสช. และให้ระบุสิทธิการรักษาตามหน้าweb ตรวจทบทวนอีกครั้งก่อนส่งHosXP',2,'สุชาดา สุทิศา จนท.การเงิน บุญทัน รุ่งทิพย์','null','cVX_1JRkiEeOEPKsiajxIk'),(791,1,'5900517','น.ส.','สิริอร ','จันสีดา',11,12,11,'2016-02-13 10:55:00','2016-02-13 10:55:00','ผู้ป่วย Admit สิทธิ Uc.รพ.ต่างอำเภอ แต่เจ้าหน้าที่ส่งสิทธิตรวจเป็นสิทธิ UC.ในเขต (บัตรทอง 30 บาท)',2,17,3,2,NULL,2,'แจ้งในที่ประชุม ผู้ช่วยเหลือคนไข้ +คนงาน ให้ตรวจสอบสิทธิในweb สปสช. และแก้ไขข้อมูลในHosxp , ให้ตรวจทานซ้ำ ก่อนส่งตรวจ',1,'สุชาดา อัญชุลี และ  ผู้ช่วยเหลือคนไข้ +คนงาน ','null','C5O8jHPaqHWpDrFAb2PrZg'),(793,5,'','','','',15,2,15,'2016-02-13 14:00:00','2016-02-13 15:30:00','ไม่มาสารถสืบค้นประวัติผู้ป่วยได้ เนื่องจากโปรแกรม Hosxp ค้างสอบถามเจ้าหน้าที่ๆขึ้นเวร มีการสำรองข้อมูลในเวลาดังกล่าว แนะนำให้เจ้าหน้าที่ทำนอกเวลา',6,59,2,2,2,1,'',2,'','null','NU_c4BQ-6Z1797d1H1z2Oe'),(794,1,'','','','',5,2,2,'2016-02-15 13:25:00','2016-02-16 08:30:00','15 ก.พ. 59 เวลา 13.25 น.ห้องอุบัติเหตุฉุกเฉินส่งผู้ป่วย X-ray จำนวน 2 ราย ญาติคนไข้บอกว่า \"คน x-ray ยังไม่มาและมีคนไข้รอ x-ray เต็มหน้าห้องเลย\"\r\nการแก้ไขเบื้องต้น โทรตามคน x-ray บอกว่า\"กำลังมาถึง\"\r\nข้อเสนอแนะ ควรมาทำงานตรงเวลา',8,68,1,2,6,1,'',2,'','null','LrSRPYvhjvdNHTGE1R6uto'),(795,5,'','','','',13,2,2,'2016-02-15 10:30:00','2016-02-16 08:30:00','15 ก.พ. 59 เวลา 10.30 น.ขณะตรวจเช็ครถพยาบาลฉุกเฉิน พบเครื่อง suction ยังไม่ได้ล้างทำความสะอาด ไม่พร้อมใช้งาน สอบถาม พบว่าเครื่อง suction บนรถถูกใช้กับผู้ป่วยใส่ท่อช่วยหายใจส่งต่อ รพ.เลย ในวันที่ 14 ก.พ.59 เวลาประมาณเวลาประมาณ 20.30 น.\r\nการแก้ไข้เบื้องต้น เก็บออกจากรถทำความสะอาด\r\nข้อเสนอแนะ หลังจากใช้รถพยาบาลฉุกเฉินทุกครั้ง พนักงานขับรถควรตรวจเช็คอุปกรณ์ในรถให้พร้อมใช้งานตลอดเวลา(ล้างทำความสะอาดเครื่องsuction ประกอบพร้อมใช้งาน)',5,52,1,2,6,2,'ธุรการรายงานหัวหน้าบริหารเรียบร้อยแล้วค่ะ',2,'พักตร์วิภา  บุตตา','null','T0Lw6YY_CxIlw2ypi6vPpN'),(796,5,'','','','',13,2,2,'2016-02-10 09:30:00','2016-02-16 08:30:00','10 ก.พ.59 เวลา 09.30 น.ขณะตรวจเช็ครถพยาบาลฉุกเฉิน พบออกซิเจนในรถหมดทั้ง 2 ถัง จำนวน 2 คัน (ทะเบียน นข 2310 และ กจ 6604)\r\nการแก้ไข้เบื้องต้น แจ้งพนักงานขับรถเพื่อเปลื่อนถังออกซิเจน\r\nข้อเสนอแนะ  พนักงานขับรถควรตรวจเช็คอุปกรณ์ในรถให้พร้อมใช้งานตลอดเวลา (ตรวจเช็คปริมาณออกซิเจนก่อนและหลัง EMS,Refer ทุกครั้ง)',5,52,1,2,6,2,'ธุรการรายงานหัวหน้าบริหารเรียบร้อยแล้วค่ะ',2,'พักตร์วิภา บุตตา\r\nมมริกามาศ  สุพรมอินทร์','null','IPj5TBaQNj4gDnkH-Ov9gK'),(798,1,'0035229','นาย','ยุทธชัย (ชื่อเดิม มานิตย์)','พรมโสภา',11,12,11,'2016-02-22 09:45:00','2016-02-22 09:45:00','ผู้ป่วยเป็นสมาชิกสภา อบต. ต้องใช้สิทธิตามหน้าเว็บ สปสช. คือสิทธิบัตรทอง30 บาท เพราะสมาชิกสภา อบต.ไม่สามารถใช้สิทธิเบิกได้หน่วยงานราชการ',2,17,3,2,5,2,'แจ้งในที่ประชุม ผู้ปฏิบัติงานห้องบัตร พนักงานทั่วไป ผู้ช่วยเหลือคนไข้ ให้ตรวจสอบสิทธิและลงสิทธิในถูกต้อง ก่อนลงข้อมูลในHosXP',1,'สุชาดา , อัญชุลี ,สุทิศา, สาคร , รุ่งทิพย์ พจนีย์ นภาพร จักรกริช  ผู้ช่วยเหลือคนไข้ ','null','djku_cyhFqUm1bdtNcX2W8'),(799,1,'','','','',7,2,2,'2016-02-19 09:30:00','2016-02-23 08:30:00','ผู้ป่วยถูกสุนัขกัดมาประมาณ 1 วัน ซักประวัติวัดความดันโลหิตได้ BP153/104 mmHg ส่งไป OPD ไม่ได้วัดความดันโลหิตซ้ำ ส่งมาฉีดยาที่ห้องฉุกเฉิน วัดความดันโลหิตได้ BP179/109mmHg นอนพัก20นาที BP178/111mmHg  นอนพักต่ออีก 15 นาที  BP 184/104mmHg แพทย์ให้ Hydalazine (25mg) 1 tab oral stat\r\nการแก้ไข้เบื้องต้น ห้องฉุกเฉินวัดความดันโลหิตซ้ำ ให้ยาลดความดันโลหิต\r\nข้องเสนอแนะ ผู้ป่วยที่มีความดันโลหิตสูงมากกว่าBP140/90mmHg จุดซักประวัตและOPD ควรวัดซ้ำทุกราย',1,1,3,2,6,2,'แจ้งให้เจ้าหน้าที่จุดซักประวัติ ให้ทำตามแนวทางการคัดกรองคนไข้ที่มีความดันสูงว่าควรทำอย่างไร?/เช่นนั่งพัก วัดซ้ำ ถ้ายังสูงเกินเกณ์ที่กำหนด ส่งพักที่ ER/ตามแนวทางที่มีอยู่แล้ว',1,'อติพงษ์ วรางคณา บรรจบ','null','tZtuiyDxOykbBswP7mEpJR'),(800,1,'4976,41373','นาง','แจ้ง ไชยคีนี , กอง  จำปาแพง','',4,7,7,'2016-02-23 11:30:00','2016-02-23 12:00:00','มีผู้ป่วย 2 ราย  มาตรวจ sputum AFB ผู้ป่วย ไปส่งตลับ ที่ห้อง Lab ตั้งแต่ ก่อน 8.40 น. ส่งให้กับ จนท.ด้วยตัวของผู้ป่วยเอง เวลา 11.00 น. ผล Lab ไม่ออก เวลา 11.30 น. พยาบาลที่ OPD โทรตามผล จนท.ห้อง Lab หาตลับไม่พบ  ให้ถามผู้ป่วยว่าได้มาส่งหรือไม่  สอบถามผู้ป่วยยืนยันว่าส่ง เวลา 11.37 น. จนท. Lab โทรมาบอกว่า หาเจอแล้ว     1 ราย ผลออกทันเวลาตรวจเช้า แต่อีก 1 ราย ไม่ทันให้นัดบ่าย ผู้ป่วยโวยวาย  ไปบ่นกับพยาบาลคัดกรอง และพยาบาล ER  13.30 น. ผลยังไม่ออก    ข้อเสนอแนะ จนท.ห้อง Lab ควรมีการตรวจเช็ค สิ่งส่งตรวจของผู้ป่วยให้รอบครอบ และทั่วถึง ',1,3,3,2,6,1,'',1,'','null','JIPWpmvJ_9Ff8-IAfhoQ5S'),(801,1,'5304872','นาย','ปิติภัทร','บุตรกุล',7,12,7,'2016-02-23 09:55:00','2016-02-23 14:05:00','ซักประวัติไม่มี CC',2,18,3,2,6,2,'แจ้งผู้เกี่ยวข้องทราบแล้ว บางครั้งคีย์เสร็จแล้วลืม save/ จนท.จะตรวจทานซ้ำหลังคีย์เสร็จ ก่อนส่งพบแพทย์',1,'อติพงษ์ บรรจบ วรางคณา','null','8DdKSka9yvu3DSA5TQ401E'),(802,1,'0045947','นาง','บัวคำ','ดาวเรือง',3,3,3,'2016-02-23 12:05:00','2016-02-23 14:05:00','ผู้ป่วยคิว 103 โดนข้ามคิว 80 คิว ',8,68,3,NULL,NULL,2,'พบมีการจัดยาวางทับ OPD card ทำให้ไม่ส่งแฟ้มมาเช็คยาตามคิว กำชับให้อย่าวางแฟ้มในตะกร้าที่ยังจัดยาไม่เสร็จ เนื่องจากเคยทบทวนแล้ว',1,'เจ้าหน้าที่ฝ่ายเภสัชกรรม','null','YQxiZwmGJfa6BLMGFEvSFx'),(803,5,'','','','',17,2,17,'2016-02-26 11:05:00','2016-02-26 11:05:00','set พ่นยา มีจุดสีดำ คล้ายจุดรา หรือ จุดคราบที่ฝัง เช็ดไม่ออก',5,52,1,5,7,1,'',2,'','null','hVvmVmDLsk6fvfYc5ZfC1T'),(804,1,'','','','',32,7,7,'2016-02-26 09:10:00','2016-02-26 11:10:00','ผู้สูงอายุ 3 ราย  ยืนชั่งน้ำหนักแล้วเซ จะล้ม เพราะจับวอกเกอร์ๆ เคลื่อนที่ได้',5,54,3,NULL,NULL,1,'แจ้งจุดคัดกรองเสนอซื้อเครื่องชั่งน้ำหนักใหม่ มีราวจับเวลายืนชั่งน้ำหนัก',2,'','null','N35voxJxLW-uZNEiTtH0WN'),(805,1,'0021785','นาง','จันที','แก้วพิลารมย์',11,2,11,'2016-02-27 10:05:00','2016-02-27 11:05:00','นางจันที แก้วพิลารมย์ มารับบริการ แต่ไม่มีชื่อในระบบHosXP แต่มีชื่อนายจันที แก้วพิลารมย์ แทน ผู้ป่วยยืนยันว่ามารักษาHT ต่อเนื่อง และชื่อบิดา มารดา ของนายจันที เป็นชื่อบิดา มารดาของนางจันที',2,16,3,4,6,2,'การทำบัตร ให้ตรวจสอบชื่อ-สกุล จากบัตรประชาชน และซักถามชื่อบิดา มารดา ให้ถูกต้อง ก่อนส่งชื่อในHosxp',2,'สุชาดา อัญชุลี ปริมล สุทิศา รุ่งทิพย์ บุญทัน  ','null','PQvBfpEd9wpta8YRizZHuB'),(806,3,'0028820','นาย','ช้อนทอง','ศรีมงคล',11,12,19,'2016-02-28 11:00:00','2016-02-28 11:05:00','คนไข้ Admit เช็คสิทธิเป็น สิทธิประกันสังคม รพท.เลย  แต่ส่งสิทธิเป็น สิทธิสวัสดิการเจ้าหน้าที่ตรวจสุขภาพประจำปี(ประกันสังคม)',2,17,3,4,6,1,'',2,'','null','Ddhkzl4TWpB2p-4mhu4qRT'),(807,1,'0006257','นาง','สเดื่อ','จันมา',7,20,7,'2016-02-19 09:05:00','2016-03-01 09:05:00','ผู้ป่วยมารับยาต่อเนื่องจาการส่งต่อมาจาก รพ.จิตเวช แพทย์สั่งยาและนัด 1เดือน ที่คลินิก พยาบาลออกเยี่ยมบ้านเมื่อวันที่ 29 ก.พ59 ผู้ป่วยบอกว่าไม่ได้รับใบนัด   แก้ไขโดยตรวจสอบระบบประวัติในคอมพิวเตอร์ และทำบัตรนัดให้ผู้ป่วย  ฝากบัตรนัดไปให้ผู้ป่วย',1,75,3,4,8,2,'จากการทบทวน ผู้ป่วยไม่แวะรับบัตรนัด /แจ้งให้เจ้าหน้าที่ทราบและประชาสัมพันธ์ให้ผู้ป่วยทราบว่า ตรวจออกมาจากห้องแพทย์แล้ว ถ้ามีนัดครั้งต่อไป ให้แวะรับบัตรนัดก่อนทุกครั้ง',1,'อติพงษ์/วรางคณา/บรรจบ/ชัด','null','7u5dnyoeeHRv1LlQdQBb-h'),(808,1,'5601243','นาย','ไกรคม','แก้ววงษา',7,20,7,'2016-01-11 10:30:00','2016-03-01 10:30:00','จากการทบทวนติดตามผู้ป่วยผิดนัด พบว่าผู้ป่วยมาผิดนัด  มารับยาที่OPD แต่ไม่ได้รับบัตรนัดกลับไป  แก้ไข โดย พิมพ์บัตรนัดให้ และฝากบัตรนัดไปกับ จนท. รพ.สต.',1,75,3,NULL,NULL,2,'จากการทบทวนผู้ป่วยรายนี้ ไม่ต้องการกินยาจิตเวช ผู้ป่วยจึงไม่แวะรับนัด / แนวทางแก้ไข เพิ่มการแนะนำผู้ป่วย หลังตรวจเสร็จจากห้องตรวจแพทย์ให้แวะรับใบนัดก่อนไปห้องยา',1,'','null','dilToCYp9UptnLdxzMAPfo'),(809,1,'0010724','นาง','วิลัยภรณ์','อินทะศรี',7,20,7,'2016-02-12 10:35:00','2016-03-01 10:35:00','ผู้ป่วยมารับยาจิตเวชต่อเนื่องเมื่อวันที่ 12 ก.พ 59 ไม่ได้รับการนัดและบัตรนัด',1,75,3,4,8,2,'จากการทบทวนพบว่าผู้ป่วยรายนี้ แพทย์ไม่เขียนนัด ใน Order ซึ่งบางครั้งมีหลายรายที่ผู้ป่วยจิตเวชไม่แวะรับนัด และจะมาเองเมื่อยาหมด / แนวทางแก้ไข พยาบาลจุดนัดเพิ่มการเฝ้าระวังและย้ำให้ผู้ป่วยแวะรับบัตรนัดทุกครั้งที่ออกจากห้องตรวจแพทย์ เพื่อครั้งต่อไปจะได้มาตรงนัดคลีนิก',1,'วรางคณา /บรรจบ','null','1F83vuvtqyFJfJNch9SyDq'),(810,1,'0011528','น.ส.','วลัย','วันทาแก้ว',7,20,7,'2016-02-18 10:40:00','2016-03-01 10:40:00','ผู้ป่วยมารับยาจิตเวชต่อเนื่อง ที่ OPD  ไม่ได้รับการนัดและบัตรนัด แก้ไข โดยพิมมพ์บัตรนัดให้และฝาก จนท.รพ.สต. นำไปให้ผู้ป่วย',1,75,3,4,8,2,'จากการทบทวนพบว่าผู้ป่วยรายนี้ แพทย์ไม่เขียนนัด ใน Order ซึ่งบางครั้งมีหลายรายที่ผู้ป่วยจิตเวชไม่แวะรับนัด และจะมาเองเมื่อยาหมด / แนวทางแก้ไข พยาบาลจุดนัดเพิ่มการเฝ้าระวังและย้ำให้ผู้ป่วยแวะรับบัตรนัดทุกครั้งที่ออกจากห้องตรวจแพทย์ เพื่อครั้งต่อไปจะได้มาตรงนัดคลีนิก',1,'วรางคณา /บรรจบ','null','xdA4wtClBM1mH4Y-uNmgWL'),(812,3,'','','','',2,2,3,'2016-02-25 07:05:00','2016-03-03 11:15:00','ตรวจเช็คยาที่ER พบ vitamin K ขาด 3 amp  ตรวจสอบทะเบียน refer พบว่ามีการใช้ในCase UGIH  แต่พยาบาลไม่ได้บันทึกส่งเบิกยา',2,18,1,2,7,2,'แจ้งในการส่งเวร ให้พยาบาลทุกคน ลงข้อมูลการใช้ยา+เวชภัณฑ์ ให้ครบถ้วนก่อนออกจากห้องER ไปพบจนท.การเงินหรือ refer',2,'สุชาดา ,เนตรนภา, สุชารัตน์ , อันติมา, กรรณิการ์, ณัชชา, จิราภรณ์ , ศิริประภา','null','UVYZ3kBqQv8NUNfeeCaBW_'),(817,1,'0041926','นาง','นุชิดา','คำจันทร์',7,3,7,'2016-03-04 09:10:00','2016-03-04 16:10:00','ข้อมูลประวัติไม่มี CC',2,18,3,NULL,NULL,2,'จนท.ซักประวัติมีการซักประวัติจริงแต่กดบันทึกผิดที่ไปกดตรงลบ  / แนวทางป้องกัน เพิ่มความระมัดระวังในการกดบันทึกข้อมูลทุกครั้ง',1,'วรางคณา / บรรจบ','null','AKgftl2AEkTcXNvv9f0waW'),(818,1,'0060885','นาย','วิเนตร','แดงสุข',7,3,7,'2016-03-04 09:10:00','2016-03-04 16:10:00','ข้อมูลประวัติไม่มี CC',2,18,3,2,6,2,'จนท.ซักประวัติมีการซักประวัติจริงแต่กดบันทึกผิดที่ไปกดตรงลบ  / แนวทางป้องกัน เพิ่มความระมัดระวังในการกดบันทึกข้อมูลทุกครั้ง',1,'วรางคณา /บรรจบ','null','lS5zvVP_hMH_PnAQJIt9k0'),(819,5,'','','','',3,2,3,'2016-02-10 11:45:00','2016-03-05 12:45:00','ขณะจ่ายยาให้ผู้ป่วยER   พบยา pred ( 5) อยู่ รวมกับ Terbutaline  1 ซอง',8,69,1,2,7,2,'1. ให้ใช้ซองขนาด 8*12 จัดยาคืน ER\r\n2. ให้ตรวจสอบยาก่อนคืนยาทุกครั้ง',2,'ฝ่ายเภสัชกรรม ','null','ZhAkYd0Kg7rw9iY1XG8Usz'),(820,5,'','','','',3,2,3,'2016-03-04 21:45:00','2016-03-05 12:50:00','การจัดยาออกหน่วย ยาเม็ด ไม่ได้จัดใส่ คอนโดยาให้',8,69,1,2,7,1,'',2,'','null','mpCq8-7dRT4dNwZKTe05WV'),(821,3,'','','','',8,3,8,'2016-03-03 11:05:00','2016-03-09 15:05:00','ผู้ป่วยสิทธิ์ UC ญาติเป็นเจ้าหน้าที่โรงพยาบาล ขอเข้าห้องพิเศษ แต่ไม่ได้เข้าจนวันที่ 2 จึงขอให้หัวหน้าฝ่ายการประสานให้ จึงได้เข้าห้องพิเศษ เมื่อ D/C ญาติมาแสดงความไม่พึงพอใจ ที่ไม่ให้สิทธิ์พิเศษจ้าหน้าที่ด้วยกัน',8,68,3,NULL,NULL,1,'',2,'','null','RM2dQdelBHtIR4vBqOOpmT'),(822,1,'41566','นาง','เสงี่ยม','หล้าเพชร',8,7,7,'2016-03-02 16:20:00','2016-03-03 13:55:00','ผู้ป่วย admit  เวลา 10. 00 น.  แพทย์ R/O TB lung พยาบาล OPD โทรประสานงานกับ จนท. IPD เรื่อง admit แต่ไม่ได้ถามชื่อว่าประสานงานกับใคร บอกว่าห้องไม่ว่างให้รอก่อนเดี๋ยวจะโทรมาตาม เวลาผ่านไป 16.10 น. ผู้ป่วยเดินมาถาม จนท.ตรงจุดคัดกรองว่าเมื่อไหร่จะได้เข้าไปนอนด้านใน พยาบาลโทรไปสอบถาม IPD จนท.ปฏิเสธบอกว่าไม่มีใครรับโทรศัพย์ ไม่มีใครได้รับการประสานงานจากข้างนอก 16.15 น. จึงได้ ส่งผู้ป่วยเข้าไปผู้ป่วยใน',1,7,3,4,5,1,'',1,'','null','MOc3jpf0hZhIo37hSXldEX'),(825,1,'5502790','','','',19,2,2,'2016-03-12 20:00:00','2016-03-13 06:55:00','12 มีนาคม 2559 เวลา 20.00 น.ผู้ป่วยเป็น ด.ช. อายุ 10 ขวบ สิทธิบัตรเป็น บัตรประกันสุขภาพ(UCS)ช่วงอายุ 12-59 ปี เลขที่สิทธิ 89108165027 แต่ผู้ป่วยมีบัตรผู้พิการทางสติปัญญา ออกให้เมื่อวันที่ 6 มีนาคม 2558\r\nการแก้ไขเบื้องต้น -ตรวจสอบสิทธิกับเวป สปสช - แนะนำให้มารดามาแก้ไข้สิทธิการรักษาในเวลาราชการ\r\nข้อเสนอแนะ ให้งานประกันดำเนินการแก้ไขสิทธิ',2,17,1,2,6,1,'',2,'','null','R-mM64Ig6YQm5WowUqsXLA'),(826,3,'','','','',17,2,2,'2016-03-12 10:30:00','2016-03-13 07:05:00','เปิด set สวนปัสสาวะ ด้านในset ไม่มีสำลี flush\r\nการแก้ไข้เบื้องต้น เปิดสำลีก้อนใส่เพิ่ม\r\nข้อเสนอแนะ ควรตรวจเช็คอุปกรณ์ใน set ให้ครบถ้วนก่อนห่อของทุกครั้ง',5,52,1,2,6,1,'',2,'','null','1dcdt55YaZIp_Wvzt2m1NZ'),(831,1,'0023974','นาย','เสี่ยง','มังบัว',8,2,1,'2016-03-18 11:25:00','2016-03-18 13:30:00','ผู้ป่วยนอนรพ.แล้วD/C แพทย์นัดให้มาF/U 18 มี.ค.59 พร้อมเจาะ FBS และ Electrolyte และนัดตรวจที OPD ทั่วไป แต่พยายาลIPD ออกบัตรนัดเป็น จุดซักประวัติเบาหวานและลงชื่อแพทย์ที่นัดเป็นแพทย์อีกคน ทำให้ผู้ป่วยมาตามนัดและมานั่งรอคอยแพทย์ที่ห้องฉุกเฉิน',1,75,1,2,6,1,'',1,'','null','uQx5VbkFhmhH-dvCs6LcRJ'),(834,3,'','','','',4,2,4,'2016-03-15 12:25:00','2016-03-22 14:35:00','ER เจาะเลือด แล้วให้คนงาน IPD ที่ออกมาช่วยส่งLab ให้, ห้องLab  แจ้งว่า ไม่มีspecimen  พยาบาลERได้ตามรอย พบว่า  ได้นำส่งเลือดที่ห้องLab , จนท.ห้องLab ติดสติกเกอร์ทับเป็นอีกชื่อหนึ่ง ',8,69,3,2,6,1,'',2,'','null','bECgN0Cvh3G0_vhVocVoPs'),(838,1,'0039770','นาย','ใบ','ธนะสูตร',26,29,26,'2015-10-28 12:50:00','2016-03-24 12:50:00','ผู้ป่วยถ่ายดำ 10 ครั้ง  แน่นหน้าอก นอนราบไม่ได้ Hb 4.8 Hct 17  Admit 27/10/58 วันที่ 28/10/58 pt กระวนกระวาย  CPR แล้วเสียชีวิต Dx 1.RS failure 2.Anemia 3.Lt site heart failure',1,1,9,4,8,2,'ทบทวนโดยทีมความเสี่ยง 5/11/58 พบ\r\n1.ข้อตกลง refer Hct<15 แม้ pt Hct 17 แต่ clinical ไม่ดี ควร refer ไม่ควร Admit\r\n2.การบันทึกทางการพยาบาลไม่ครบถ้วน ให้มีการบันทึกให้ครบถ้วน ก่อนย้ายตึก',1,'','null','5z3LpWyYm8hll-IugghBTF'),(841,1,'','','','',26,29,9,'2016-03-24 13:50:00','2016-03-24 13:50:00','Case epilepsy เดิมได้วัคซีนที่ รพ.สต. เย็นผู้ป่วยมีอาการชัก รพ.สต.จึงขอส่งมารับวัคซีนที่โรงพยาบาล ',1,8,4,NULL,NULL,2,'- รอแนวทางปฏิบัติจากกลุ่มงานเวช',1,'','null','TMNYX2_0gSpVFCFwkR5cxD'),(842,1,'','','','',26,29,8,'2015-11-05 14:00:00','2016-03-24 14:00:00','ผู้ป่วย 57 ปี MC ล้มเอง ศรีษะบวมโน มีเลือดออกหุ 03.00 น. พบปัญหา X-ray ไม่ได้จึง Admit พอ 15.30 น. วันต่อมาจึง Refer \r\nDx R/O bone of scull fracture',1,1,8,NULL,NULL,2,'นพ.ฐนวัฒน์จะจัดทำแนวทางการประเมิน HI',1,'ทีม RM','null','HZO1zT3k4DPCfoZ3RwM9ME'),(843,3,'0007890','นาย','หนูลี','สิมสวัสดิ์',11,12,19,'2016-03-24 14:00:00','2016-03-24 14:05:00','คนไข้อายุ 63 ปี  ส่งสิทธิ์เป็น ช่วงอายุ 12-59 ปี',2,17,3,NULL,NULL,1,'',2,'','null','R6wZv_OTBFICwzZIKwLFXC'),(844,1,'','','','',26,29,26,'2015-11-12 14:05:00','2016-03-24 14:05:00','Case Neonatal pneumonia Admit พบ\r\n1. ไม่มีการบันทึกข้อมูลให้ครบถ้วนก่อนย้ายตึกจาก ER-->LR-->IPD \r\n2. เมื่อ refer รพ.เลยแจ้งว่าเด็ก Burn จากผ้าห่มไฟฟ้า\r\n3. การประเมิน Sepsis ไม่ครบถ้วน',1,8,5,4,8,2,'1. ให้ LR ทบทวนและจัดทำแนวทางการใช้ผ้าห่มไฟฟ้า\r\n2. ให้นำแนวทางประเมิน sepsis มาใช้\r\n3. ให้ลงบันทึกข้อมูลเวชระเบียนให้ครบถ้วนก่อนย้ายตึก',1,'','null','cBxZ-Z56Vx_gPTpCUqUxNv'),(845,1,'','','','',26,29,1,'2015-12-17 14:15:00','2015-12-17 14:15:00','ผู้ป่วย recurrent shock on Levophred 4 รอบ เมื่อ refer รพ.เลยแจ้งว่าให้ Levophred นานเกินไปจนเกิด Bradycardia',1,2,5,4,8,2,'1.นพ.ฐนวัฒน์จะจัดทำแนวทางปฏิบัติสำหรับอาการ Septic shock\r\n2. นำไปทบทวนต่อในองค์กรแพทย์',1,'','null','BArmbsJ8XGHirsRX9dFpcJ'),(846,1,'','','','',26,29,1,'2015-12-17 14:20:00','2015-12-17 14:20:00','ผู้ป่วย Rupture appendic Refer ช้า',1,2,5,4,8,2,'กรณี Abdominal pain ให้ทำใบ Alvarado score แนบชาร์ตเพื่อใช้ประเมินอาการ',1,'','null','3dWG_-LSvP4zQz43DaHl4r'),(848,3,'','','','',14,7,7,'2016-03-28 09:40:00','2016-03-28 09:40:00','ขอติดตั้งจุดหลอดไฟ  เพิ่ม  ความสว่าง   และพัดลม   ติดตาม  3-4  ครั้งแล้ว  ยังไม่ได้รับการแก้ไขปัญหา',8,68,2,4,8,1,'',2,'','null','Jv7Vqu4hIWWSCDrcvjRgvR'),(849,3,'','','','',21,7,7,'2016-03-27 20:45:00','2016-03-28 09:45:00','ไม่มีการตรวจสอบญาติ  และบุคคลภายนอกที่เข้ามาใน  โรงพยาบาล  มีทั้งรถยนต์และรถจักรยานยนต์',7,66,1,4,8,1,'',2,'','null','QVU33LqqwON8I5ZwJwMu64'),(851,1,'5500570','นาง','หล่า','อินอ่อน',7,12,7,'2016-03-28 08:35:00','2016-03-28 14:20:00','ซักประวัติไม่มี CC',2,18,3,2,6,2,'มีการเขียน การซักประวัติ แต่กดปุ่มบันทึกผิด ไปกดปุ่มลบ ข้อมูลจึงหาย  แนวทางแก้ไข  เพิ่มความระวังในการบันทึกทุกครั้ง',1,'วรางคณา สอนพรหม พยาบาลวิชาชีพชำนาญการ \r\nบรรจบ ประสงค์        พยาบาลเทคนิค   ','null','x220KT0_i2b5ob5zytZY_L'),(855,1,'12604','นาง','วิภาดา','วงเดือน',9,10,10,'2016-03-20 17:00:00','2016-03-22 14:00:00','มารดา G3P2A0L2  c previous C/S มารับบริการครั้งแรก 12 มี.ค.59 GA 29+2 Wk มีเลือดออก  U/S  พบ รกเกาะต่ำ ยังไม่ได้ฝาครรภ์เนื่องจากเข้าใจว่าก่อนหน้านี้แท้งแล้ว เจาะ Lab ANC ให้  HBSAg positive แต่ห้อง Lab ไม่ได้ตรวจ HBeAg dmit stop labour D/C 14 มี.ค 59 นัดมา F/U ANC 16 มี.ค. 59 แพทย์ไม่ได้ให้ยายั้บยั้งคลอดไปรับประทานที่บ้าน  15 มี.ค.59 มาก่อนนัดด้วยมีเลือดออกทางช่องคลอด ท้องปั้น Admit stop labour แจ้งงาน ANC ให้มารับฝากครรภ์ให้ผู้ป่วย ANC แจ้งว่า เจ้าหน้าที่ไม่พอ ถ้าผู้ป่วย D/C ให้แจ้างงาน ANC ผู้ป่วย D/C 18 มี.ค..59 ตอน 12.00 น. IPD ลืมแจ้ง ANC 20 มี.ค.59 17.00 น. มีเลือดออก ท้องปั้น มา รพ. Refer รพ. เลย ไม่มีสมุดฝากครรภ์ ',2,18,4,NULL,NULL,1,'',1,'','null','FVChfvIl4W6zudQf1Ko8Jo'),(856,1,'42552','น.ส.','จันทร์จิรา  ','สอนสี',9,10,10,'2016-03-15 04:45:00','2016-03-16 03:00:00','มารดา G1P0A0L0 GA 33+3 wks มีท้องปั้น เลือดออกทางช่องคลอด Admit  IPD stop labour Hct  25 vol %  งาน ANC corrected EDC 3 เม.ย.59 มาห้องคลอด ประเมิน GA 37+2 wks แต่สังเกตุท้องเล็ก รายงานแพทย์ U/S ให้ Stop labour เวรเช้ารับเวรย้อนดุที่ใบ U/S EDC 30 เม.ย.59 GA 33+3 wks ช่วงไตรมาสแรก ANC ที่ รพ. ปากชม  23 ธ.ค. 59 มา ANC ที่ รพ. เชียงคาน 23 ธ.ค. 58 GA 21+4 wks by U/S Lab ANC Hct = 30 vol% มารดาไม่ได้รับ Folic รับประทาน 16 มี.ค.59 03.00 น. เลือดออก 300 cc refer รพ. เลย by Ambulance c nurse ',1,1,4,NULL,NULL,1,'',1,'','null','rgCWs0lDcFFILejd8SCpbh'),(858,1,'5609411','นาง','ละเอียด','ดีกันดก',23,3,23,'2016-04-01 08:30:00','2016-04-01 12:15:00','ไม่บันทึก CC',2,18,3,NULL,NULL,1,'',1,'','null','faJ2xXAvnGx-yn6zDrn_N-'),(860,1,'5901378','','มินนี่','สีหาราช',11,12,11,'2016-04-02 12:40:00','2016-04-02 12:40:00','ผู้ป่วยอายุ 1 ปี 2 เดือน 6 วัน ใส่คำนำหน้านามเป็นนางสาว ซึ่งผู้ป่วยเป็นเด็กและอายุยังไม่ถึง 15 ปี',2,18,3,2,NULL,1,'',1,'','null','Oe9udHkwcG9_J-zOEZ3FBV'),(861,1,'5901411','นาย','แหวน ','ดวงมาลา',5,2,5,'2016-04-04 20:30:00','2016-04-05 16:20:00','ผู้ป่วยขี่ MC กับรถหกล้อ แพทย์สั่งเอกซเรย์ หลายท่า pelvis C-Spine Skull forarm AP Lat CXR   ได้ส่งผู้ป่วยไปเอกซเรย์  2 รอบ ต่อมาเจ้าหน้าที่ลืมทำ Pelvis และผู้ป่วยมีปัสสาวะเป็นเลือดสด BP ต่ำ  จึงไม่ส่งกลับไปเอกซเรย์รอบที่ 3  แพทย์จึงrefer รพท.เลยทันที ไม่รอฟิล์ม',8,69,4,2,6,1,'',2,'','null','vplXZ-PHWWsBgokD423Rbi'),(862,4,'','','','',14,15,14,'2016-04-07 09:30:00','2016-04-07 09:30:00','ห้อง Server ไฟฟ้าดับบ่อยมาก ส่วนตึกอื่นไฟฟ้าใช้ได้ปกติ อยากให้ผู้เกี่ยวข้องดำเนินการแก้ไขให้ด้วยเพราะเคยติดต่อไปแล้ว ซึ้งเป็นจุดที่ค่อนข้างสำคัญเกร่งว่าจะส่งผลกระทบกับการให้บริการของ แพทย์ พยาบาล เจ้าหน้าที่',6,55,4,NULL,NULL,1,'',2,'','null','JzULT8JIH9Yi3S4TeXq8nr'),(863,3,'','','','',36,1,1,'2016-04-07 10:35:00','2016-04-07 10:35:00','1.รถจักรยานยนต์จอดที่หลังตึกER จอดเลยถนนไม่เป็นระเบียบเสี่ยงเกิดอุบัติเหตุ  2. รถสามล้อเครื่องจอดเยอะเกินไปและไม่เป็นระเบียบ   3.  รถยนต์หลายคันจอดไม่เป็นที่ทำให้การจราจรติดขัด\r\n4.อยากให้มียามหรือ จนท.ที่มีประสิทธิภาพมาจัดการระเบียบการจราจร อย่ารอให้เกิดเหตุก่อนถึงจะแก้ไข................',7,61,1,8,9,1,'',2,'','null','yDGFvyyI14_vKtGRhAz83Z'),(864,1,'15851585','','','',2,8,8,'2016-04-05 11:15:00','2016-04-05 12:05:00','ผู้ป่วย case asthma Amit เวลา 11.15 น. ER ได้ฉีด Dexa 8 mg iv stat และBeradual (1:3) NB stat 3 dose แต่ ER ไม่ได้บันทึกลงใน order แพทย์ เมื่อผู้ป่วย admit เข้ามาในward พยาบาลwardจึงฉีดdexaและพ่นberadualให้ผู้ป่วยอีก',1,8,3,4,5,2,'- แจ้งที่ประชุมรับทราบ\r\n- ผู้ป่วยมาจาก OPD แพทย์ให้มาฉีดยาและพ่นยา จากนั้นส่งกลับไปให้แพทย์ที่ OPD ตรวจประเมินซ้ำ และ Admit จาก OPD , เตรียมนำเรื่องเข้าที่ประชุมทีม RM',1,'ผู้เข้าร่วมประชุมห้องอุบัติเหตุ-ฉุกเฉิน ประจำเดือน 20 เม.ย. 59 เวลา 14.00 น. - 16.30 น.','null','odmGPd6ECLCoMSX44PyoW1'),(865,1,'53439','','','',23,8,23,'2016-04-05 09:30:00','2016-04-05 10:00:00','ผู้ป่วยadmitจากDM clinic เวลา 09.30น.FBS HI ผู้ป่วยไม่ได้รับการฉีด RI ซึ่งผู้ป่วยควรไปฉีดRI stat ที่ER ก่อนadmit ตามแนวทางปฏิบัติ',1,7,3,4,8,1,'',1,'','null','eU70TcUcYZYJMJc8Uu-SoZ'),(866,3,'','','','',8,8,8,'2016-02-20 18:00:00','2016-02-20 18:00:00','สมาชิกทีม HR IPD ได้รับแจ้งจากเพื่อนร่วมงานว่ามีหน้ามืด วูบ ความดันโลหิตต่ำ ขณะปฏิบัติงานเวรบ่าย ไม่สามารถปฏิบัติงานต่อได้ ต้องamit',8,69,3,4,6,2,'หัวหน้าIPD รับทราบ และแจ้งให้หัวหน้าฝ่ายการพยาบาลรับทราบ',2,'','null','mCovsNyGI1QL19gD0WdqTL'),(867,1,'0062488','นาย','เชื่อม','กองสี',8,8,8,'2016-02-19 07:55:00','2016-02-19 07:55:00','ผู้ป่วยadmit18/02/59เวลา07.59น.case DM,HTเดิมมาตรวจตามนัด พบว่า BP210/69mmHg แพทย์จึงให้admitเพื่อให้ยาลดความดันโลหิต เวลาเที่ยงคืนความดันโลหิตเริ่มลดลง Hold ยา HT ไว้ 19/02/59 เวลา 10.00น.แพทย์ตรวจเยี่ยมอาการให้D/Cได้ ขณะเดินไปรับยาผู้ป่วยมีอาการหน้าหน้ามืด วูบ ที่หน้าห้อง x-ray มีแผลที่ริมฝีปาก BP180/85mmHg แพทย์จึงให้admitต่อ',1,2,6,4,8,2,'ประสานแพทย์ให้admitต่อจนกว่าอาการดีขึ้น หาแนวทางปฏิบัติร่วมกับแพทย์',1,'แพทย์ พยาบาล ','null','-1WFzG377ZPs1nuHgBNT9C'),(868,5,'','','','',2,2,2,'2016-04-09 09:15:00','2016-04-10 16:15:00','พบ E T Tube No 4.0 หมดอายุ 03/2016 ในรถ Emergency ER',5,54,1,2,6,2,'- แจ้งที่ประชุมรับทราบ\r\n- จัดทำที่จัดเก็บ ตรวจพบวันหมดอายุที่ชัดเจน\r\n- ครวจเช็ครถEmergency ER ทุกเวร',2,'ผู้เข้าร่วมประชุมห้องอุบัติเหตุ-ฉุกเฉิน ประจำเดือน 20 เม.ย. 59 เวลา 14.00 น. - 16.30 น.','null','j_3x7IXWoVoawe5Bu5fibp'),(869,4,'','','','',14,15,14,'2016-04-11 09:20:00','2016-04-11 09:20:00','ไฟฟ้าห้อง Server ดับอีกแล้ว',6,55,4,NULL,NULL,1,'',2,'','null','F7-rroRyQ1kHCPym2uIc0R'),(870,1,'0003307','นาย','บุญมา ','ศรีบุญเรือง',7,20,7,'2016-03-16 10:40:00','2016-04-11 10:45:00','มาก่อนนัด รับยาความดันโลหิตและยาจิตเวชต่อเนื่อง  แพทย์นัด 3 เดือน ผุ้ป่วยไม่ได้รับบัตรนัด ไม่พบการลงบันทึกการนัดในHos Xp  แก้ไข เมื่อตรวจพบ ทำบัตรนัดให้ผู้ป่วย มาในวันที่ 22 มิ.ย 59 คลินิกจิตเวช โดยฝากบัตรนัดให้ญาติ',1,75,3,4,8,2,'จากการทบทวนพบว่า หลังจากตรวจกับแพทย์ ผู้ป่วยไม่แวะเอาบัตรนัดกับพยาบาล ไปยื่นรับยาห้องยาแล้ากลับบ้าน  จึงไม่ได้รับบัตรนัด แนวทาง แจ้งและบอกผู้ป่วยให้แวะรับใบนัดทุกรายก่อนกลับบ้าน มีตระกล้าให้วางแฟ้มรอนัด อย่างชัดเจน / ประสานงานห้องยา ถ้าพบผู้ป่วยยื่นรับยา กรณีมีนัด  ยังไม่มีวันที่นัดในใบตรวจของแพทย์ ให้กลับมารับนัดทุกราย',1,'วรางคณา สอนพรหรม   พยาบาลวิชาชีพ/ อติพงษ์ จันทะวัน/\r\nบรรจบ ประสงค์ พยาบาลเทคนิก','null','ZvlSHi3xFzOMvmSD8jrsUL'),(871,3,'','','','',25,25,25,'2016-04-11 14:10:00','2016-04-11 14:10:00','ไม่มีทิชชูที่ห้องน้ำชายและผ้าเช็ดมือ  และห้องน้ำสกปรก',8,68,4,NULL,NULL,1,'',2,'','null','-UXroCMHhiP46x0vWbEl7N'),(872,3,'','','','',4,2,4,'2016-04-14 08:50:00','2016-04-15 15:40:00','เวลา 08.50 น. วันที่ 14/4/59 เจ้าหน้าที่ห้อง Lab ยังไม่มาปฏิบัติงาน ให้บริการ ได้แก้ไขโดยบอกให้ผู้ป่วยนรอเจ้าหน้าที่ก่อน  ขอเสนอแนะ ให้มาบริการ เปิดตรงตามเวลาที่กำหนด',8,68,1,2,6,1,'',2,'','null','6GJKhOnqu38S097H4CB7rX'),(873,3,'','','','',2,2,2,'2016-04-15 15:00:00','2016-04-15 15:45:00','พนักงานช่วยเหลือคนไข้ ดูแลทำความสะอาด Laryngoscope ไม่ถูกต้อง  ได้สอน แนะนำวิธีการเช็ดทำความสะอาด',8,69,1,2,1,2,'- จัดทำแนวทาง การดูแลทำความสะอาด Laryngoscope และ สอนผู้ช่วยเหลือคนไข้',2,'ผู้ร่วมประชุมห้องอุบัติเหตุ-ฉุกเฉินประจำเดือน 20 เม.ย.59 เวลา 14.00 น.- 16.30 น.','null','DoISsJh_SfNt5p8M_1n5vq'),(874,5,'','','','',3,2,2,'2016-04-14 10:45:00','2016-04-15 15:45:00','พบเซรุ่มงูเห่า หมดอายุที่ตู้เย็นER  ,มกราคม 2559 ได้แจ้งห้องยานำเปลี่ยน',8,69,1,4,8,1,'',2,'','null','_b4Ls_oqir-ZtJX6j3Vsi-'),(875,1,'5901603','นาย','นายหนูเอื้อ','ศรีทรงเมือง',2,2,2,'2016-04-15 11:30:00','2016-04-15 16:35:00','รพ.ได้รับแจ้งให้ออกชันสูตร คนผูกคอตาย แพทย์ได้ออกชันสูตร และนำศพกลับมาที่รพ. เพราะสงสัยสาเหตุการตาย แพทย์ต้องการส่งไปตรวจพิสูจน์ที่มข. แต่ตำรวจและญาติไม่สงสัย จนท.ER ไม่ทราบแนวทางการส่งไปชันสูตร',8,69,1,4,8,2,'- จัดทำแนวทางการส่งศพไปชันสูตร',2,'ผู้ร่วมประชุมห้องอุบัติเหตุ-ฉุกเฉินประจำเดือน 20 เม.ย.59 เวลา 14.00 น.- 16.30 น.','null','WEUgUIaTmwHyoSlOiKH_4G'),(876,1,'','','','',8,4,4,'2016-02-26 19:55:00','2016-04-15 22:55:00','สถิติปฏิเสธตัวอย่าง WARD 1+WARD 2 จำนวน 9 ครั้ง ชื่อนามสกุลผู้ป่วยไม่ตรงกับคอม 1 ครั้ง\r\nชื่อ-นามสกุลผู้ป่วยไม่ตรง 1 ครั้ง  ,CBC Clot จำนวน 1 ครั้ง,ตัวอย่างน้อยไม่พอตรวจจำนวน 3 ครั้ง',8,69,3,2,11,1,'',1,'','null','QGwzhyRE_7fb25l7S_TRjy'),(877,1,'','','','',2,4,4,'2016-02-29 16:05:00','2016-04-15 23:05:00','สถิติการปฏิเสธตัวอย่างในเดือนกุมภาพันธ์ 2559 จำนวน 3 ครั้ง\r\nส่งชิ้นเนื้อไม่มีคำสั่งตรวจจำนวน 1 ครั้ง\r\nตัวอย่างน้อยไม่พอตรวจ จำนวน 2 ครั้ง\r\n',8,69,3,2,11,2,'- แจ้งให้ที่ประชุมทราบ\r\n- หากมีการส่งชิ้นเนื้อตรวจที่ห้องฉุกเฉินพยาบาลต้องถามแพทย์ว่าจะส่งตรวจอะไร และตรวจสอบคำสี่ง คีย์คำสั่ง ให้ตรงกับคำสั่งแพทย์ทุกครั้ง',1,'ผู้ร่วมประชุมห้องอุบัติเหตุ-ฉุกเฉินประจำเดือน 20 เม.ย.59 เวลา 14.00 น.- 16.30 น.','null','hrkS8t7XEsID4cX8BB8aA5'),(878,1,'','','','',10,4,4,'2016-02-29 16:10:00','2016-04-11 13:10:00','สรุปการปฏิเสธตัวอย่างในเดือนกุมภาพันธ์ 2559 ห้องคลอดจำนวน 1 ครั้ง ตัวอย่างน้อยไม่พอตรวจ',8,68,3,2,11,1,'',1,'','null','yp_TRizytFp0MA-zxSebrs'),(879,1,'','','','',7,4,4,'2016-02-29 16:10:00','2016-04-11 09:10:00','สรุปการปฏิเสธตัวอย่างเดือนกุมภาพันธ์ 2559 จำนวน 1 ครั้ง สั่ง LAB  ไม่ครบ AST',8,69,3,2,11,2,'แจ้งให้เจ้าหน้าที่ ให้ดูคำสั่งแพทย์ให้ละเอียดถี่ถ้วนกว่าเดิม ก่อนให้คนป่วยไปเจาะเลือด',1,'อติพงษ์ บรรจบ วรางคณา','null','ExItz7qZL5XIAJozvucvnk'),(880,1,'','','','',8,4,4,'2016-04-30 13:05:00','2016-04-06 13:15:00','สรุปการปฏิเสธตัวอย่างเดือน มีนาคม 2559 WARD1+WARD2 จำนวน 13 ครั้ง\r\nคำสังตรวจไม่ถูกต้อง 1 ครั้ง(TB C/S) ชื่อตัวอย่างไม่ตรง 1 ครั้ง ,ชื่อตัวอย่างไม่ตรงกับคอม 1 ครั้ง\r\nตัวอย่าง เสียสภาพ clot จำนวน 1 ครั้ง,Hemolysis จำนวน 4 ครั้ง,ตัวอย่างน้อยไม่พอตรวจ จำนวน 4 ครั้ง\r\nส่งตรวจ Electrolyte ใส่หลอดไม่ถูก จำนวน 1 ครั้ง',8,69,3,NULL,NULL,1,'',1,'','null','UfedLVyowq-De9_LA9DPHT'),(881,1,'','','','',2,4,4,'2016-03-31 16:20:00','2016-04-12 13:20:00','สรุปการปฏิเสธตัวอย่างเดือน มีนาคม 2559 จำนวน 2 ครั้ง\r\nสั่งตรวจในคอมพิวเตอร์ไม่ถูกต้อง แพทย์สั่งตรวจ HBsAg จนท.สั่ง HBe Ag จำนวน 1 ครั้ง\r\nตัวอย่างน้อยไม่พอตรวจจำนวน  1  ครั้ง',8,68,3,NULL,NULL,2,'- แจ้งให้ที่ประชุมทราบ\r\n- ตรวจสอบคำสั่งแพทย์ และคีย์ ให้ตรงทุกครั้งก่อนส่ง lab\r\n- จำนวนเลือดส่งตรวจดูตามแนวทางปฏิบัติห้อง lab',1,'ผู้ร่วมประชุมห้องอุบัติเหตุ-ฉุกเฉินประจำเดือน 20 เม.ย.59 เวลา 14.00 น.- 16.30 น.','null','yvcI8qZfW9eznnI7ewemB1'),(882,1,'','','','',4,4,23,'2015-12-30 16:20:00','2016-04-06 09:20:00','Urine strip สำหรับตรวจ Microalbumin ขาดstock ไม่สามารถ รายงานผลได้ต้องนัดผู้ป่วยมาตรวจในรอบถัดไป',8,68,3,NULL,NULL,1,'',1,'','null','JnwrogpZF0aV9-Jb6tGGmV'),(883,1,'62395','นาง','ดวงแก้ว','ดีตา',4,4,2,'2016-03-19 13:25:00','2016-04-05 14:25:00','จนท.ห้อง LAB ติดBARCODE  ผิด  ติดให้นางคำเก็บ อารยศิลปธร ทำให้นางดวงแก้ว ดีตาไม่ได้รับผลตรวจ หน่วยงานที่ส่งตรวจติดตามผล ได้มีการแก้ไขผลคนไข้ที่รายงานไปแล้วให้ถูกต้อง',8,69,3,2,6,1,'',1,'','null','DH7VT-6qliSed57TXL857u'),(884,1,'','','','',4,4,8,'2015-02-24 19:30:00','2016-02-10 14:30:00','ชุดทดสอบ Occult blood ขาดstock ไม่สามารถ รายงานผลให้ตึกผู้ป่วยได้',8,69,3,4,11,1,'',1,'','null','98QWpaw--BLbY3pMC9HSXh'),(885,1,'','','','',4,4,4,'2015-11-30 16:40:00','2016-04-06 14:40:00','สรุปการรายงานผลผิดพลาดและแก้ไขผลเดือน พ.ย 2558 จำนวน 12 ครั้ง\r\nRBC Morpho,WBC ไม่ตรง 5 ครั้ง  งานเคมีคลินิก จำนวน  4  ครั้ง  งานsero จำนวน 1 ครั้ง  งาน micros จำนวน 1 ครั้ง\r\nNear miss  ผล Rh group จำนวน 1  ครั้ง',1,3,3,NULL,NULL,1,'',1,'','null','5nsNkAqKsXGUNqczQMYSu5'),(886,1,'','','','',4,4,4,'2015-12-31 16:45:00','2016-04-06 15:45:00','สรุปการรายงานผลผิดพลาดและแก้ไขข้อมูลผู้ป่วย เดือน ธันวาคม 2558  จำนวน 7 ครั้ง\r\nRBC Morphology ,WBC ไม่ตรง จำนวน 3 ครั้ง งาน micros จำนวน 3 ครั้ง\r\nNear miss งาน ANC  DCIP  จำนวน  1 ครั้ง',1,3,3,NULL,NULL,1,'',1,'','null','gfmKinqPFsib22aigxy8Od'),(887,1,'','','','',4,4,4,'2016-01-31 16:50:00','2016-04-08 16:50:00','สรุปการรายงานผลผิดพลาดและมีการแก้ไขผลเดือน  มกราคม 2559  จำนวน  7 ครั้ง\r\nRBC Morphology,WBC ไม่ตรง จำนวน 3 ครั้ง งานเคมีคลินิก จำนวน 2 ครั้ง งานธนาคาเลือดจำนวน 1 ครั้ง งานmicros จำนวน 1 ครั้ง',1,3,3,NULL,NULL,1,'',1,'','null','-Ha1k6yECEOEfdrKEgUWK9'),(888,1,'','','','',4,4,4,'2016-02-29 16:50:00','2016-04-08 16:50:00','สรุปการรายงานผลผิดพลาดและแก้ไขผลเดือน กุมภาพันธ์ 2559 จำนวน 6 ครั้ง\r\nงานhemato จำนวน 3 ครั้ง  งานchem จำนวน  1 ครั้ง\r\nANC  Near miss จำนวน  2 ครั้ง',1,3,3,NULL,NULL,1,'',1,'','null','T1FW-EsKwsLIW-9IG-wQpl'),(889,1,'','','','',4,4,4,'2016-03-31 16:55:00','2016-04-11 14:55:00','สรุปการรายงานผลผิดพลาดและแก้ไขผลเดือน มีนาคม 2559  จำนวน 8  ครั้ง\r\nงาน Hemato จำนวน 2 ครั้ง\r\nงานธนาคารเลือดจำนวน 2 ครั้ง  งาน micros จำนวน 3  ครั้ง\r\nANC Near miss จำนวน  1  ครั้ง',1,3,3,NULL,NULL,1,'',1,'','null','5ujHjsE-tv5iE8WTmB8EAn'),(890,3,'','','','',4,4,4,'2016-03-26 13:00:00','2016-04-07 14:00:00','Near miss ติด Barcode ตรวจ U/A จากตึกผู้ป่วยใน สลับจำนวน 2  ราย แต่ตรวจเจอก่อน',8,69,2,2,8,2,'- ก่อนติด Barcode  ให้เจ้าหน้าที่ตรวจสอบให้ถูกต้อง\r\n- ติด Barcode ให้สามารถทวนสอบชื่อ-นามสกุล จากสติคเกอร์เดิมได้\r\n-ก่อนนำตัวอย่างไปตรวจวิเคราะห์ เจ้าหน้าที่ผู้วิเคราะห์ตรวจสอบความถูกต้องของการติด Barcode อีกครั้ง ทำสัญลักษณ์ให้ทราบว่าตรวจสอบแล้ว\r\n- ติดตามความเสี่ยง ไม่ให้เกิดซ้ำ',1,'เจ้าหน้าที่ห้องปฏิบัติการ','null','RWqchUVmDpzCp6dap0DoK5'),(891,1,'','','','',4,4,4,'2016-04-13 10:35:00','2016-04-15 14:35:00','เจ้าหน้าที่อยู่เวรวันที่ 13 เม.ย 2559 หาชุดตรวจ Anti-HCV กล่องใหม่ไม่เจอ ทำให้ไม่ได้ตรวจให้คนไข้  ปัญหาจาก 5 ส.และการประสานงาน',8,69,3,2,5,2,'ทบทวนระบบ 5ส.การจัดเก็บ วัสดุวิทยาศาตร์ให้ระเบียบ สะดวกในการค้นหา และนำมาใช้งาน',1,'เจ้าหน้าที่ห้องปฏิบัติการ','null','lwz28D9W75K5Iv_1hVuPYM'),(892,3,'','','','',13,2,2,'2016-04-13 18:30:00','2016-04-18 08:45:00','13 เมษายน 2559 เวรเช้าหอผู้ป่วยในโทรแจ้งห้องฉุกเฉินให้ตามพนักงานขับรถเพื่ิอไปส่งต่อผู้ป่วยที่โรงพยาบาลเลย ห้องฉุกเฉินโทรแจ้งพนักงานขับรถรับทราบ ประมาณ 15 นาทีผ่านไปหอผู้ป่วยในโทรมาถามห้องฉุกเฉินว่า \"ตาม พขร.ให้หรือยัง\" จึงโทรแจ้งพนักงานขับรถอีกครั้งพร้อมไปชะโงกดูที่หน้าต่างเห็นพนักงานขับรถ นั่งดิื่มสุราอยู่บริเวณเต็นท์ด้านข้างศาลพระภูมิหน้าโรงพยาบาล จึงแจ้งให้ไป refer ประมาณ 5 นาทีต่อมา พขร.ขอเปลื่ยนเวรโดยให้ พขร.คนอื่นไปแทนแต่ถูกปฏิเสธ พขร.ผู้ดื่มสุราจึงไป refer เอง ',8,68,2,2,6,2,'แจ้งหัวหน้า พขร. รับทราบแล้ว',2,'','null','K5YHeqi0gUxGj00Xih21uC'),(893,1,'33795','นาย','ปัน','จันทะมา',8,4,8,'2016-04-19 11:20:00','2016-04-20 09:20:00','ตึกผู้ป่วยในสั่งตรวจ  cross matching นายปัน จันทะมา เวลา 11.00 น. แต่ไม่มี order คุณหมอ\r\nเมืื่อจนท.ห้องlab แจ้งให้มารับเลือดเวลา 16.00   เวลาประมาณ 16.55 พยาบาลตึกผู้ป่วยใน ติดต่อขอคืนเลือดเนื่องจากเกิดความผิดพลาดจาก การสั่งตรวจโดยไม่มี order\r\nทำให้สูยเสีย ทรัพยากร ทั้งการ cross match และเลือดไม่สามารถนำกลับมาใช้ได้ เนื่องจากนำออกจากห้องนานเกินไป และไม่ได้รักษาสภาพความเย็น',8,69,3,NULL,NULL,1,'',1,'','null','eM18zeCHmJbxPVl98dXO-W'),(894,3,'','','','',8,8,30,'2016-02-29 10:00:00','2016-02-29 10:00:00','IPD ได้รับแจ้งจากเจ้าหน้าที่ IPD ขณะเข็นออกซิเจนคนงานเกิดเสียหลักล้ม มีอาการปวดต้นแขนขวา',7,61,4,5,8,1,'',2,'','null','ZWGoh8Wzyi7jcxO2yUDEKU'),(895,1,'0052493','','','',8,8,8,'2016-02-09 20:30:00','2016-02-09 20:30:00','เวลา 20.30 น. ไม่พบผู้ป่วยอยู่ที่เตียง สอบถามจากญาติข้างเตียง บอกว่าผู้ป่วยดึงน้ำเกลือออกเอง และเปลี่ยนเสื้อเสื้อผ้าเดินออกจากตึกไป ตามหาผู้ป่วยไม่พบ จึงแจ้งแพทย์เวรรับทราบ ',1,14,3,1,7,2,'ฝากดูแลผู้ป่วยอย่างใกล้ชิด เพื่อป้องกันอุบัติเหตุ',2,'เจ้าหน้าที่ตึงผู้ป่วยใน','null','vw9feWI2eFk5XKi3oDg66I'),(896,1,'5900748','','','',4,8,8,'2016-02-21 10:30:00','2016-02-21 10:30:00','เวลา 10.30น. พยาบาล IPD โทรตามผล Lab HCT,MB จากห้อง Lab เจ้าหน้าที่ห้อง Lab แจ้งว่าไม่พบ specimen สอบถามญาติผู้ป่วย/พยาบาล บอกว่าเจาะเลือดไปแล้วตอนเช้า สอบถามผู้ช่วยเหลือคนไข้ที่นำ Lab ไปส่งว่าส่งไปแล้ว แต่ไม่ทราบว่าในกล่องมี specimen หรือไม่ เจ้าหน้าที่ห้อง Lab บอกว่าเปิดกล่อง Lab แล้วไม่พบ specimen จึงขอให้เจาะเลือดให้ใหม่ ญาติผู้ป่วยสงสัยว่าผลเลือดผิดปกติหรือไม่ ถึงต้องเจาะอีกครั้ง\r\n',1,3,3,2,8,2,'ให้เจ้าหน้าที่ IPD check Lab ก่อนส่งทุกครั้ง และให้ส่ง specimen กับเจ้าหน้าที่ Lab ทุกครั้ง ',2,'เจ้าหน้าที่ Lab,IPD  ','null','dpWohElxWTnTBxQKLhyUW2'),(897,1,'0019247','นาย','สี','สอนศรี',13,2,2,'2016-04-21 02:30:00','2016-04-21 08:30:00','21 เม.ย.59 เวลาประมาณ 02.30 น.แพทย์ส่งตัวผู้ป่วยไปรักษาที่ รพ.เลย ผู้ป่วยมาด้วยอาการ ไอ เหนื่อยหอบ แพทย์ใส่ท่อช่วยหายใจก่อนส่งตัวไปรักษาต่อที่ รพ.เลย เมื่อรถพยาบาลขับไปถึงประมาณบ้านธาตุ ผู้ป่วยมีเสมหะออกมาในปากจำนวนมาก จึงจะทำการดูดเสมหะแต่ไม่สามารถดูดเสมหะได้ เนื่องจากเครื่องดูดเสมหะไม่มีกระป๋องดูดเสมหะต่ออยู่ในเครื่อง ต้องไปดูดเสมหะที่ห้องฉุกเฉิน รพ.เลย สอบถามพนักงานขับรถบอกว่า \"ไม่รู้ใครเอาออกไปล้าง ไม่เอามาเก็บ ไม่รู้อยู่ไหน\"\r\nข้อเสนอแนะ เมื่อพนักงานขับรถนำกระป๋องดูดเสมหะมาล้างทำความสะอาดแล้วต้องนำกลับเข้ามาต่อเข้าที่ พร้อมกับทดสอบให้พร้อมใช้งานในครั้งต่อไป',5,52,3,2,6,1,'',2,'','null','ftGBk5nM_3IKwbtJOfCrJN'),(898,1,'0041972','นาย','สุน','มาผิว',4,2,2,'2016-04-25 13:15:00','2016-04-25 15:00:00','ผู้ป่วยชาย DTX 32 mg% BP 88/50 mmHg  ทำ EKG แพทย์ส่งตรว Trop I , cbc , plt , BUN , Cr , Elec , ขอ lab ด่วน 13.00 น. Tel. ไปห้อง lab คนงานบอกว่า เจ้าหน้าที่ตรวจยังไม่มา เวลา 13.21 น.ได้รับโทรศัพท์จากห้อง lab ว่าเจ้าหน้าที่มาแล้วให้ส่ง lab trop I ไปได้เลย เวลารับ lab เวลา 13.27 น.\r\nการแก้ไขเบื้องต้น รายงานแพทย์รับทราบ\r\nข้อเสนอแนะ ห้อง lab ควรแบ่งเวรกันพักรับประทานอาหารกลางวัน เพื่อประโยชน์ของผู้ป่วยฉุกเฉิน',8,68,3,4,5,2,'ในช่วงเวลา 12.00-13.00 น. เจ้าหน้าที่พักเที่ยง ในกรณีมีงานด่วนและฉุกเฉิน ให้น้องผู้ช่วยห้องปฏิบัติการติดตามเจ้าหน้าที่ที่รับผิดชอบมาปฏิบัติงานดังกล่าว',2,'','null','LnqchHBa9EnvzjRa2EpZMk'),(899,3,'','','','',8,2,2,'2016-04-23 20:10:00','2016-04-25 15:10:00','13 เม.ย.59 เวรบ่าย หอผู้ป่วยใน ได้ส่งตัวผู้ป่วยไปรักษาที่ รพ.เลย ไม่เก็บอุปกรณ์ในรถให้เรียบร้อยหลังจากให้งาน 25 เม.ย.59 เวรเช้า ตรวจเช็ครถส่งต่อ พบขวด 5%D/W 100 ml เขียนด้วยปากกาเมจิ ว่า NaHCO3 100 ml มี sat iv และเข็ม NO 22 เสียบคาไว้ ว่างไว้ที่พื้นรถส่งต่อ\r\nการแก้ไขเบื้องต้น เก็บอุปกรณ์ ที่ถูกทิ้งไว้ตามหลักการ IC\r\nข้อเสนอแนะ - เมื่อมีการใช้รถในการส่งต่อผู้ป่วยทุกครั้ง ควรตรวจเก็บอุปกรณ์ให้เรียบร้อย - ห้องฉุกเฉินจะจัดทำใบบันทึกการให้อุปกรณ์ในรถส่งต่อ เมื่อใช้อุปกรณ์หรือขาดอุปกรณ์ใด ให้เจ้าหน้าที่เขียนส่งที่ห้องฉุกเฉิน เพื่อจะจัดเตรียมอุปกรณ์เพิ่มเติมให้พร้อมใช้ตลอดเวลา',7,61,1,4,8,1,'',2,'','null','eBe09xUsbuRJYQ67Roji48'),(900,1,'0010635','นาง','ขาน','สั้นจันดา',11,3,11,'2016-04-25 11:15:00','2016-04-25 15:40:00','HN 0010635 นางขาน สั้นจันดา ค้นแฟ้มเป็น 0010653 Mr.Bessa Kamel',2,16,3,NULL,NULL,1,'',1,'','null','dxDd2p5-QXEoXv-8R2hEwm'),(901,1,'1355','','','',8,2,2,'2016-04-27 17:50:00','2016-04-28 08:30:00','ผู้ป่วยชาย Dx severe pneumonia with UTI refer จาก รพ.เลย วันที่ 25 เมษายน 2559 และAdmit ที่ รพ.เชียงคาน แพทย์จำหน่ายกลับบ้าน 27 เมษายน 2559 นัดฉีด meropenum ต่อจนถึงวันที่ 30 เมษายน 2559 หอผู้ป่วยไม่ออกใบนัดให้กับผู้ป่วย \r\nแก้ไขเบื้องต้นโดย - ตรวจเช็คยากับใบส่งตัว - เขียนใบนัดฉีดยาให้ผู้ป่วย\r\nข้อเสนอแนะ หอผู้ป่วยในควรออกใบนัดฉีดยาให้กับผู้ป่วย',2,18,3,2,6,1,'',1,'','null','CtBmynRpF3Vwa9EZuUFLKr'),(902,1,'4849','นาง','หนูพันธ์                               ','อาจตา                                                          ',20,7,7,'2016-03-24 12:25:00','2016-04-28 13:55:00','นัดผู้ป่วยมาผิดวัน คลีนิกจิตเวชมีวันพุธ 23/03/59 แต่นัดผู้ป่วย มา 24/03/59',1,75,3,2,5,1,'',1,'','null','MWONqt8SSEEOkNMRk-yyfq'),(903,1,'5604002','นาย','ทองแดง','หกสี',8,3,8,'2016-04-28 12:15:00','2016-04-28 16:15:00','ผู้ป่วย 2 คน ข้อมูล HOSxP มีชื่ออยู่เตียงเดียวกัน และยาอยู่รวมกัน คือ 201 นางยม รัตนวงศ์ และนายทองแดง หกสี ตรวจพบว่ายาไม่ตรงกับใบ MAR\r\n',8,69,3,4,7,2,'ให้ตรวจสอบชื่อผป.ให้ตรงกับใบ MAR ก่อนแจกยาให้ผป',2,'พยาบาลเวรดึกและเวรเช้า','null','M9Po7b_TwkNnQ-1ZI1WISw'),(904,5,'','','','',17,2,2,'2016-04-25 09:30:00','2016-04-29 08:30:00','ไม้พันสำลีที่ห่อมาใน sat ทำแผล และsat ต่างๆไม้อ่อนและหักง่าย\r\nการแก้ไขเบื้องต้น เปิดใช้ไม้พันสำลีห่อมาใช้\r\nข้อเสนอแนะ ควรใช้ไม้พันสำลีแบบเดิม(แบบที่ีห่อแยกมาเป็นชุดๆ)',5,52,1,5,10,1,'',2,'','null','QeCs7okHF2c7GWpSPBGQVA'),(905,5,'','','','',17,2,2,'2016-04-25 12:30:00','2016-04-29 08:30:00','เปิด sat ทำแผล ไม่มีไม้พันสำลี\r\nการแก้ไขเบื้องต้น เปิดไม้พันสำลีที่ีหอมาเป็นชุดๆเพิ่ม\r\nข้อเสนอแนะ ควรตรวจเช็คก่อนห่อ นึ่ง',5,52,1,4,6,1,'',2,'','null','ELodTfW0C6N4x-_6PMWjMo'),(906,5,'','','','',17,2,2,'2016-04-28 09:30:00','2016-04-29 08:30:00','วาสลินก็อส ซองด้านนอกเปียก ก๊อสด้านในไม่มีวาสลินติด ตัวหนังสือที่ีพิมพ์ติดสติกเกอร์หน้าซองเลอะอ่านไม่ออกและติดกับซองอื่นมา\r\nข้อเสนอแนะ ควรใช้ซองพลาสติกห่อวาสลินก็อส ก่อนเพื่อไม่ให้วาสลินซึมออกมาด้านนอก',5,52,1,5,10,1,'',2,'','null','bb8_rGTWzArfc_g80lONPn'),(907,3,'0008449','นาย','นัฐวุฒิ','สอนไสย',25,15,25,'2016-04-28 17:00:00','2016-04-29 09:00:00','มีเข็มที่ใช้งานแล้วปนอยู่กับดินในแปลงผักใกล้กับที่ล้างรถ Refer ทำให้เข็มตำมือเจ้าหน้าที่',7,61,3,8,11,1,'',1,'','null','8HyBy-7Vqu5wPD63Sid2vY'),(910,3,'','','','',8,2,2,'2016-04-29 09:00:00','2016-04-30 08:30:00','ตรวจเช็ครถ ambulane รถทะเบียน กข.3210 เลย พบมีขยะถุงมือ สายออกซิเจน ถุงพลาสติก และ stethoscope สีแดงเขียนติดไว้ว่า IPD\r\nการแก้ไขเบื้องต้น - เก็บขยะทิ้ง - เก็บ stethoscope ไว้รอส่งคืนหอผู้ป่วยใน - จำทำแบบเช็ควัสดุอุปกรณ์ที่ใช้บนรถ ambulane - จัดทำป้ายเตือนให้เก็บของและขยะให้เรียบร้อยก่อนลงจากรถ\r\nข้องเสนอแนะ - พยาบาลที่ไปส่งต่อผู้ป่วยควรตรวจเช็คอุปกรณ์ที่นำไปกับรถและเก็บขยะให้เรียบร้อยก่อนลงจากรถ - เมื่อใช้วัสดุอุปกรณ์บนรถ ambulane แล้วเขียนลงในแบบบันทึกให้เจ้าหน้าที่ห้องฉุกเฉินเพื่อเติมของพร้อมใช้',8,68,1,4,8,1,'',2,'','null','YM963FEH1Amr47vpmSiaWL'),(911,1,'','','','',2,2,2,'2016-05-01 09:30:00','2016-05-02 08:30:00','ผู้ป่วยมีเลือดออกที่เนื้อหุ้มปอด แพทย์ทำการเจาะปอด ต่อลงขวด ICD 2 ขวด  พบจุกขวดมีมาให้จุกเดียว\r\nการแก้ไขเบื้องต้น ยึมจุกขวด ICD แบบ 2 ขวด กับหอผู้ป่วยใน\r\nข้อเสนอแนะ ขอเบิก set ICD แบบ  1  ขวด 1 ชุด ,  แบบ 2 ขวด 1 ชุด และแบบ 3 ขวด 1 ชุด',5,52,1,4,8,2,'ทบทวนในเวร ประสานงานSupply ให้จัดแพ็คหัวจุกICD แบบ 2 ขวด พร้อมต่อสายให้พร้อมใช้ทันทีเมื่อแกะ และมอบรูปภาพICD แบบ 1 ขวดและ 2 ขวด ให้Supply ไว้ดูเป็นแบบอย่าง และแจ้งให้ผู้ช่วยเหลือคนไข้ทราบทั่วกัน',2,'สุชาดา, กรรณิการ์, อันติมา , จิราภรณ์ กาญจนา','null','iiRSzX5Qd6IsHmNoM28S9g'),(912,4,'','','','',30,2,2,'2016-05-02 08:35:00','2016-05-02 08:35:00','กิ่งต้นมะม่วงพาดสายไฟฟ้า บริเวณข้างบ้านพักของ น.ส.เนตรนภา วังคีรี \r\nต้นตีนเป็ดยืนต้นตาย บริเวณหน้าบ้านพักของ นางศิริประภา ชะบางาม \r\nข้อเสนอแนะ ควรทำการตัดออก เนื่องจากอาจเกิดอันตรายจากสายไฟฟ้าขาด ต้นไม้ล้ม หัก โคน ทำให้ชีวิตและทรัพย์สินเกิดอันตราย เสียหาย',8,68,1,6,3,2,'คนงานดำเนินการตัดแต่งเรียบร้อย',2,'','null','PQ89Lj3dN-RvshoWGn7Zlo'),(913,3,'','','','',36,36,36,'2016-05-02 13:05:00','2016-05-02 13:05:00','ทิชชู่ที่ใช้ในห้องน้ำชายหมด',8,68,3,4,9,2,'ดำเนินการเปลี่ยน',2,'','null','Z1rbIE9uEOM2Su8tGRDhKV'),(915,4,'','','','',30,2,2,'2016-05-04 07:35:00','2016-05-04 07:35:00','ต้นปาล์มบริเวณหน้าห้องฉุกเฉินยืนต้นตายจำนวน 1 ต้น\r\nข้อเสนอแนะ ต้องตัดออก เนื่องจากอาจเกิดการหักโคนเกินอันตรายต่อผู้มารับบริการของโรงพยาบาลเชียงคาน รวมถึง ทรัพย์ต่างๆจะเกิดความเสียหาย',7,66,1,6,3,1,'',2,'','null','OZ1mtiCgxm5WcHDIUhSVUW'),(916,1,'5901784','นาง','โม้','ไชยะพร',19,12,19,'2016-05-04 11:40:00','2016-05-04 11:40:00','ผู้ป่วยเป็นคนลาว ต้องใช้สิทธิ คนต่างด้าวไม่ขึ้นทะเบียน แต่เจ้าหน้าที่ส่งสิทธิเป็น ไม่มีสิทธิ(ชำระเงิน) ซึ่งสิทธินี้ใช้กับผู้ป่วยที่เป็นคนไทยและมาขอใบรับรองแพทย์เท่านั้น',2,17,3,2,NULL,1,'',1,'','null','M0bML8HaMVVGgEFD2esBBz'),(917,1,'0040856','นาย','สี','อาจทอง',1,11,23,'2016-05-02 08:30:00','2016-05-04 12:15:00','แพทย์ไม่ลงการวินิจฉัยโรค  ทำให้การบันทึกข้อมูลเวชระเบียนตกเกณฑ์การบันทึกเวชระเบียน  ส่งผลให้ภาพของคุณภาพการรักษาและการบันทึกเวชระเบียนมีคุณภาพน้อยลง  และหน่วยงานที่ต้องทำงานเกี่ยวกับการเบิกค่ารักษาพยาบาลตามสิทธิการรักษาพยาบาลของผู้ป่วยไม่สามารถเบิกได้  เพราะไม่มีการวินิจฉัยโรคของแพทย์  ส่งผลให้รายรับที่เข้าโรงพยาบาลมีจำนวนเงินน้อยลง',2,18,1,NULL,NULL,1,'',2,'','null','nlF7eH6x9iOoDGYBQ_e30x'),(918,1,'0013599','นาง','หนูรัก','มนตรีมา',11,12,11,'2016-05-08 12:10:00','2016-05-08 12:10:00','ผู้ป่วยใช้สิทธิบุคคลที่มีปัญหาสถานะและสิทธิ เจ้าหน้าที่ได้ทำการเช็คสิทธิก่อน Admit ซึ่งสิทธิไม่ต้องกับที่ส่งตรวจครั้งแรก แต่ไม่มีการเปลี่ยนสิทธิการรักษาในระบบ HOSxP ให้ถูกต้อง',2,17,3,2,NULL,1,'',1,'','null','qoNyEnxXBuNV7fShilbuLm'),(920,3,'','','','',15,2,2,'2016-05-09 10:45:00','2016-05-10 08:30:00','9 พ.ค.59 วันหยุดราชการวันพืชมงคล มีรายการนัดผู้ป่วยมาทั้งหมด 50 ราย โดยนัดจา่กหน่วยงานต่างๆ เช่น หอผู้ป่วยใน , ผู้ป่วยนอก , ห้องอุบัตเหตุ - ฉุกเฉิน , คลินิกโรคเรื้อรัง จึงตรวจสอบในระบบ HosXp พบว่าไม่มี Pop up แจ้งเตือนว่าเป็นวัดหยุุดจากระบบ\r\nแก้ไข้เบื้องต้น จ่ายยาในผู้ป่วยที่ยาหมด และเลื่อนนัดในรายที่ีมียาเหลือ\r\nข้อเสนอแนะ ควรตรวจสอบระบบว่าในวันหยุดต่างๆ มี Pop up แจ้งเตือนว่าเป็นวัดหยุุด ครบทุกวันหยุดแล้วหรือไม่',2,21,3,5,8,1,'',2,'','null','A2nlOervzgVdMW6-6az7Qw'),(928,1,'5902063','','น้อย','ศรีอรรคจันทร์',11,3,7,'2016-05-17 11:30:00','2016-05-19 14:40:00','ผู้ป่วยน้ำหนัก 6.4 กิโลกรัม แต่ลงเป็น 3.9 กิโลกรัม ทำให้แพทย์สั่ง para syr 2 cc PRN',2,18,3,NULL,NULL,1,'',1,'','null','ysy9qXqW_8c2ZIVEklVJ3n'),(929,1,'5407082','นาย','ยอน ','สีหาลา',2,2,2,'2016-05-20 10:35:00','2016-05-22 14:35:00','ผู้ป่วยAF RVR ( Unstable AF) Alternation of conscious แพทย์ต้องการทำSynconized Cardioversion แต่เครื่อง Defrib (เครื่องจาก Ambu) ไม่สามารถcharge ได้ หลังปรับโหมด Synconized จึงได้ไปยืมเครื่องมาจาก IPD ปรากฎว่า Low Battery ส่วนเครื่องER อีกเครื่อง แบตเตอรี่เสื่อม ต้องเสียบไฟตลอด ไม่สามารถ Defribได้',5,52,3,5,9,2,'1.ได้แจ้งในที่ประชุมพยาบาล/คนงาน ให้ตรวจสอบเครื่องทุกเวร ,บันทึกในสมุด (โดยพยาบาล)\r\n2.เสียบชาร์ทไฟทุกครั้งหลังการใช้งาน  นาน 8 ชม./ครั้ง\r\n3.ทดสอบเครื่องทุกวันจันทร์ พร้อมพริ้นซ์กระดาษ EKG ติดในสมุดบันทึก\r\n4.ได้บันทึกเสนอเปลี่ยนแบตเตอรี่ใหม่ 1 ตัว เพื่อให้พร้อมใช้งาน และมีสำรอง 2 เครื่อง',2,'1.สุชาดา  2. สุชารัตน์  3. กรรณิการ์  4. อันติมา  5. ปัทมาภรณ์  6. ศิริประภา   5. พจนีย์   6. คมกริช   7. กาญจนา  8. ศิริญญา','null','z2PuusxdkoL0fdGZm-rc9X'),(935,1,'5608287','นาง','นางดวงตา','อินทะปัญญา',9,1,2,'2016-05-25 08:30:00','2016-05-25 15:00:00','มารดา G3P2A0L0 GA 40 wks มาฝากครรภ์ตามนัด แรกรับ BP 167/100 UA albumin 2+ ขาบวม 2 ข้าง กดบุ๋ม 3+ ไม่มีปวดศีรษะ รอ notify แพทย์หลังจากแพทย์ U/S เสร็จ ( รายงานแพทย์ล่าช้า เนื่องจากเป็นผู้ป่วยที่เสี่ยงต่อภาวะชัก )',1,1,4,NULL,NULL,1,'',1,'','null','JNFN5sT95SPYyYvA4hjaaG'),(936,1,'','','','',3,3,7,'2016-04-25 12:30:00','2016-05-25 15:30:00','ผู้ป่วยบ่นรอยานาน และไม่ได้รัยบาตามคิว มีเจ้าหน้าที่ออกพื้นที่ 1 คน ยอดผุ้ป่วยช่วงเช้า 260 คน',8,68,3,NULL,NULL,1,'',1,'','null','FMKVAH7BYgchNXDS4TZ4ug'),(937,1,'','นาง','','',2,10,10,'2016-05-22 21:50:00','2016-05-25 15:25:00','มารดา G4P0A3L0 GA 38+4 wks by U/S 21.50 มาด้วย เจ็บครรภ์คลอด ไม่มีมูกเลือด ไม่มีนำ้เดิน ก่อนมา 13 ชม. ประวัติเป็น case preveous C/S G1-G2 เป็น DFIU คลอดเอง  G3 เป็น DFIU  C/S เนื่องจากเป็น transvers line PE: FHS 136/m PV cx os close I=5\' D= 10\'\' นำส่งโดย รถพยาบาล ไม่มีพยาบาลนำส่ง ก่อน refer ผู้ป่วย MR แต่ไม่ได้รับการประเมินซ้ำ ทารกคลอดบนรถ Ambulance หน้าห้องฉุกเฉิน รพ.เลย',4,76,4,1,9,2,'- มีแนวทางปฏิบัติที่ชัดเจนและครอบคลุมในการส่งต่อผู้รับบริการห้องคลอดโดยใช้พยาบาลนำส่ง\r\n-ทบทวนแนวทางการปฏิบัติการดูแลผู้ป่วยรอคลอด',1,'','null','ED4CtdooQ-pG7YxdLGLtv1'),(938,1,'','','','',1,3,8,'2016-05-24 15:00:00','2016-05-25 16:00:00','ผู้ป่วย TB ไม่ได้รับการตรวจ LFT เมื่อเริ่มยาได้ 2 สัปดาห์',1,87,3,NULL,NULL,1,'',1,'','null','6KIqKT0dRDhPoghHrKCm6C'),(939,1,'7656','นาย','บุญทัน','ขุนวัน',11,3,8,'2016-05-24 16:00:00','2016-05-25 16:00:00','ผู้ป่วย admit ชื่อบุญทัน ขุนวัน  HN 7656 ได้ OPD card นส.รัศมี วางอภัย HN 7653 เข้าไป admit',2,16,3,NULL,NULL,1,'',2,'','null','MqKf44zSvgHhfC2RnZxQGD'),(940,1,'0062627','น.ส.','บรรจบ','อินอ่อน',23,3,7,'2016-05-26 12:25:00','2016-05-26 12:25:00','ผู้ป่วย HT admit on Amlo(5) 1x1 Simvas(10) 1x1 จาก รพสต. Admit แพทย์ปรับ   Amlo(5) 2x1 Simvas(10) 1x1 มีการปรับเปลี่ยนขนาดยา ไม่มี case manager เข้าร่วมประเมิน และทำ D/C plan',1,87,1,NULL,NULL,1,'',1,'','null','ogMgdqTwwXqF95eqju9LE8'),(941,3,'','','','',2,2,2,'2016-05-25 14:20:00','2016-05-31 17:20:00','เวลา 14.15 น. มีผู้ป่วย บอกว่าชักเกร็งมา พยาบาลคัดกรองนำส่งER พยาบาลได้ประเมินและรายงานแพทย์ เจาะDTX  123  แพทย์ได้ตรวจผู้ป่วย และได้พูดกับลูกชายของผู้ป่วยอธิบายให้ลูกฟัง และจะให้กลับบ้าน ขณะนั้น ในห้องER มีคนไข้ที่ความดันต่ำ และมีคนไข้ที่ต้องสังเกตอาการ 3 คน และมีคนไข้ที่ต้องทำแผลขนาดใหญ่ อีก 2 ราย จึงได้ย้ายผู้ป่วยรายนี้มาไว้นอกER ต่อมาลูกชายได้พูดคุยกับคนไข้ๆ กลับมามีอาการหายใจเร็ว บอกแน่นหน้าอก ลูกชาย ญาติผู้ป่วยคนนี้  พูดเสียงดัง \" ถ้าพวกมึง ไม่ให้แม่กูนอนโรงบาล กูจะกลับบ้านเอาปืน มายิงทิ้งให้หมด \" สร้างความหวาดกลัวให้พยาบาลคัดกรอง ER (น้องคนงาน ได้ยิน จึงมาแจ้งให้พยาบาลแพทย์ทราบ) ได้ระมัดระวังตัว แพทย์ได้สั่งทำ EKG และตรวจซ้ำ ให้ฉีดยาDZP 5 mg IV นอนพักได้ และพูดคุยกับญาติผู้หญิงและลูกชาย ครั้งที่ 2 ลุูกชายไม่ฟังคำอธิบายและได้บันทึกVDO ถ่ายภาพในห้องฉุกเฉิน  และได้ส่งไปFace Book กล่าวถึงโรงพยาบาล ว่า ให้แอมโมเนียดม และใช้ถุงคลอบหน้า แต่ไม่ได้พูดถึงสิ่งที่ตัวเองได้ขู่จนท.โรงพยาบาล ส่วนญาติผู้หญิงเข้าใจและแพทย์ให้นอนโรงพยาบาล',8,69,2,8,11,2,'จากการประชุมกรรมการRM ได้สรุปแนวทางปฏิบัติ เมื่อถูกข่มขู่',2,'พญ.ระพีพรรณ , ภญ.ศิริพร , สุชาดา , กรรณิการ์ อุนา ......','null','G0EjuLmr81so7lUEXScE5A'),(942,1,'0027311','นาย','นัณฐกร','สอนพรม',11,12,19,'2016-05-31 15:35:00','2016-06-01 12:55:00','คนไข้ นายนัณฐกร  สอนพรม  HN 0027311 สิทธิติดตัวคือ wel รพ.ต่างจังหวัด  มารักษาด้วยอาการ ล้มใส่ใบเลื่อย    ห้องบัตรเปิด Visit คนไข้ใหม่ HN 5902251 นายนัฐกร  สอนพรม  และส่งสิทธิเป็นต่างด้าวไม่ขึ้นทะเบียน',2,16,3,NULL,NULL,1,'',2,'','null','2zlmrZdJETWEIGylqCzueE'),(943,3,'','','','',4,7,7,'2016-06-01 15:00:00','2016-06-02 11:15:00','วันที่1 มิ.ย 59 15.00 น. OPD ส่งผู้ป่วยไปตรวจเลือด AST ,ALT , CBC  2 ราย  15.30 น. เช็คผล Lab ไม่ออก 15.40 น. ญาติไปถามห้อง Lab บอกว่าอีก 5 นาที 15.45 น. ดูผลในคอม. ไม่ออก  15.50 น. ดูผลในคอม. อีกครั้ง ผลไม่ออก  ญาติจึงไปถามที่ห้อง Lab บอกว่า คอม.เสีย ส่งผลไม่ได้้ ห้อง Lab  ปลิ้นใบ Lab ให้ญาติถือมา   ส่งผลให้ผู้ป่วยได้รับการตรวจรักษาล่าช้า   ทางห้องLab ไม่โทรไม่แจ้งมา OPD ว่า คอม.เสีย  OPD โทรสอบถาม จนท.ห้องLab บอกว่าไม่ได้อยู่หน้าคอม. ไม่รู้ว่าคอมเสีย ',1,3,3,5,2,2,'เครื่อง sever ของแล็บขัดข้องทำให้ระบบ LIS ไม่ Link ไป HOS xP จึงทำการ Restart เครื่องคอมพิวเตอร์ และPrint ผลให้คนไข้ ต่อไปเมื่อมีข้อผิดพลาดของระบบคอมพิวเตอร์ การเชื่อมต่อข้อมูล LIS และ HOS xP ให้แจ้งหน่วยงานที่เกี่ยวข้องทราบ ',1,'เจ้าหน้าที่ห้องปฏิบัติการ','null','JUYXZelLyj2oFoztjnufMk'),(944,1,'5409773','','','',1,2,2,'2016-06-04 22:00:00','2016-06-06 08:30:00','4 มิ.ย.59 เวลา 22.00 น. ผู้ป่วยเพศหญิงมาตรวจที่ห้องฉุกเฉินด้วย วิงเวียนศีรษะ ปากคอแห้ง คลื่นไส้ไม่อาเจียน ประมาณ 1 ชม.ก่อนมา รพ. BP 180/97 mmHg นอนพักและวัดความดันโลหิตซ้ำ BP 204/101 mmHg ฉีดยา Dimen 50 mg im ประเมินซ้ำ BP 193/97 mmHg เปิดดูประวัติพบว่าเมื่อวันที่ 6 ก.พ.58 ผู้ป่วยมาตรวจรักษาที่ รพ.เชียงคาน ด้วยอาการท้องผูก BP 173/100 mmHg วัดซ้ำ BP 169/93 mmHg แพทย์วินิิจฉัย HT with constipation แต่ไม่มียาความดันโลหิตสูงและไม่นัด F/U\r\nการแก้ไขเบื้องต้นโดย - ฉีดยานอนพักประเมินความดันโลหิตซ้ำ  - ตรวจดูประวัติเดิม\r\nข้อเสนอแนะ ผู้ป่วยความดันโลหิตสูงควรนัด F/U',1,75,1,4,8,1,'',1,'','null','Q2ItQyMLWY3iC-Bsa8W7EG'),(945,1,'5802155','นาย','สังคม','เจริญกุล',11,12,11,'2016-06-07 15:30:00','2016-06-07 15:40:00','ผู้ป่วยมีสิทธิ ประกันสังคม รพ.อื่น แต่ส่งสิทธิมาเป็นสิทธิ UC.ในเขต ซึ่งไม่มีการตรวจสอบสิทธิก่อนส่งตรวจ',2,17,3,NULL,NULL,1,'',1,'','null','S8pA_Y-zAPwtlr1P5whIdw'),(946,3,'','','','',36,1,36,'2016-06-06 09:45:00','2016-06-06 11:45:00','รถผู้ป่วยจอดไม่เป็นที่ขวางทางเข้าออก  ทำให้การจราจรในรพ.ติดขัด  และอาจทำให้เสี่ยงเกิดอุบัติเหตุ',7,66,1,4,9,1,'',2,'','null','8f1P0m8veqddD3pT3zP3UE'),(947,1,'0031497','นาย','พยน ','กำวัน',19,12,19,'2016-06-08 14:00:00','2016-06-09 14:05:00','ผู้ป่วยมีสิทธิผู้สูงอายุ (ในเขต) แต่ส่งสิทธิมาเป็น UC.ในเขต ซึ่งตอนบ่ายไม่มีเจ้าหน้าที่เช็คสิทธิก่อนส่งตรวจ',2,17,3,NULL,NULL,1,'',1,'','null','XU5MJlptE7epZHc0qNa5Ap'),(948,1,'5902337','นาง','กฤษณา','เรืองบุตร',19,12,19,'2016-06-09 14:25:00','2016-06-09 14:25:00','ผู้ป่วยมีสิทธิ wel.ต่างจังหวัด แต่เจ้าหน้าที่ส่งสิทธิมาเป็น อสม.ในเขต ซึ่งตอนบ่ายไม่มีเจ้าหน้าที่เช็คสิทธิก่อนส่งตรวจ จึงทำให้มีการส่งสิทธิการรักษาผิดพลาด',2,17,3,2,NULL,1,'',1,'','null','7wbm1QPldsytjCPuBdWTcr'),(949,1,'0040425','นาย','ยุทธภูมิ','แบขุนทด',11,12,11,'2016-06-09 18:20:00','2016-06-09 18:20:00','ผู้ป่วยมีสิทธิ UC.ในเขต แต่ส่งสิทธิจ่ายตรงกรมบัญชีกลาง(ตนเอง) ซึ่งไม่มีการเช็คสิทธิก่อนส่งตรวจ',2,17,3,2,NULL,1,'',1,'','null','oACAqrfsfposrYsHA5CL06'),(950,3,'','นาย','จักรกริช','ทุมสวัสดิ์',2,2,2,'2016-05-29 11:00:00','2016-06-13 08:30:00','29 พ.ค.59 เวลาประมาณ 11.00 น.มีผู้ป่วยมาด้วยอาการเหนื่อย เพลีย อยากนอนโรงพยาบาล แพทย์ให้เจาะเลือดตรวจ เจ้าหน้าที่พยาบาลห้องฉุกเฉินทำการเจาะเลือดเสร็จแล้วได้ให้พนักงานเวรเปลชายห้องฉุกเฉิน ช่วยนำเลือดผู้ป่วยใส่ลงในtubeเลือด พนักงานเวรเปลชายห้องฉุกเฉินทำการถอดปลอกเข็มออกขณะสวมปลอกเข็มกลับเข้าเข็มจึงทิ่มตำนิ้วชี้มือข้างซ้าย จากนั้นทำการล้างมือ ส่งพบแพทย์เวรห้องฉุกเฉิก เจาะเลือดตรวจ และเริ่มให้รับประทานยาแอนตี้ไวรัส\r\nข้อเสนอแนะ เจ้าหน้าที่ที่ทำการเจาะเลือดเมื่อเจาะเลือดเสร็จแล้วต้องนำเลือดใส่ลงในtube ตรวจสอบชื่อ-สกุลให้ถูกต้อง แล้วใส่กล่องให้เรียบร้อย จากนั้นจึงให้พนักงานเวรเปลชายห้องฉุกเฉิน ไปส่งที่ห้องlab',7,61,4,4,8,2,'ประชุมพยาบาล ผู้ช่วยเหลือคนไข้ พนักงานบริการ ER  สรุปดังนี้\r\n1. หลังทำหัตถการที่เสี่ยงต่างๆ เช่น การเจาะเลือด การฉีดยา การเย็บแผล ให้พยาบาลที่ทำหัตถการ ดูแลและเก็บของใช้ให้เรียบร้อย\r\n2. เก็บแยกขยะให้ถูกที่\r\n3.ทบทวนความรู้การแยกขยะให้กับพยาบาล จพง.เวชกิจ ผู้ช่วยเหลือคนไข้และพนักงานบริการและติดตามนิเทศงาน\r\n4. ถ้าพยาบาลทำของมีคม ร่วงหล่น ให้แจ้งพนักงานบริการทันที เพื่อจัดเก็บ\r\n5.ถ้าพบของมีคมร่วงหล่น ให้แจ้งหัวหน้างานเพื่อเขียนใบความเสี่ยงและทบทวน\r\n6.ทบทวนความรู้เรื่อง แนวทางปฏิบัติเมื่อมีเข็มทิ่มตำ\r\n7.ผู้ที่ได้รับอุบัติเหตุเข็มทิ่มตำ ให้แจ้งพยาบาลหัวหน้าเวรทันที และรายงาน และปฏิบัติตามแนวทางที่วางไว้\r\n8.ให้คำแนะนำ เพื่อดูแลสภาพจิตใจ และส่งตรวจเลือด',1,'สุชาดา อติมา กรรณิการ์ เนตรนภา อุไรวรรณ  สุชารัตน์ จักริช  พจนีย์ ','null','Y0ifOIOLylFD8wLKtH1R52'),(951,5,'','','','',17,2,2,'2016-06-10 12:30:00','2016-06-13 08:30:00','set พ่นยาติดสติกเกอร์  set พ่นยาผู้ใหญ่ เมื่อเปิดออกพบว่าเป็นmaskเด็ก\r\nแก้ไขเบื้องต้น เปลี่ยนsetใหม่มาพ่นยา\r\nข้อเสนอแนะ ควรตรวจสอบให้สติกเกอร์ตรงกับset พ่นยาผู้ใหญ่หรือเด็ก',5,52,1,4,8,1,'',2,'','null','jVF9nBWECNTcOXoXLgvWlO'),(952,1,'0001220','นาย','สุภกิณห์','พิลากุล',11,12,11,'2016-06-11 09:10:00','2016-06-11 09:10:00','ผู้ป่วยมีสิทธิ UC.ต่างอำเภอ แต่เจ้าหน้าที่ส่งสิทธิเป็น UC.ในเขต ซึ่งไม่มีการเช็คสิทธิก่อนส่งตรวจ',2,17,3,2,NULL,1,'',1,'','null','dBDgyPbmXUMajVFfVeZoYz'),(953,1,'5902402','','จุฑามาศ','ชารีนาง',11,12,11,'2016-06-11 18:50:00','2016-06-12 09:50:00','ผู้ป่วยมีสิทธิเบิกได้หน่วยงานราชการ แต่ส่งสิทธิมาเป็น ไม่มีสิทธิ (ชำระเงิน) ซึ่งไม่มีการเช็คสิทธิก่อนส่งตรวจ',2,17,3,NULL,NULL,1,'',2,'','null','tsDTuhV5wLPQdGw0KOwQD1'),(954,5,'','','','',36,2,2,'2016-06-13 14:30:00','2016-06-15 08:30:00','ห้องฉุกเฉินได้รับแจ้งจากหัวหน้าฝ่ายการออกหน่วยปฐมพยาบาลฟุตบอลเยาวชนชิงชนะเลิศแห่งประเทศไทยที่สนามกีฬาเทศบาลและโรงเรียนวิจิตรระหว่างวันที่ 13-17 มิ.ย. 59 หนังสือเข้า 10 มิ.ย.59 เมื่อไปถึงเจ้าหน้าที่สนามบอกว่า\"ได้ประชุมตกลงเรื่องคน,อุปกรณ์และค่าตอบแทนที่จะให้ แต่ทางโรงพยาบาลไม่ทำตามข้อตกลง และไม่มีรถฉุกเฉินจำนวนสนามละ 1 คัน\"\r\nแก้ไขเบื้องต้นโดย - จัดเจ้าหน้าที่ EMT-B และ EMT-I  สนามละ 1 ทีม ส่วนรถฉุกเฉินสามารถให้ได้ 1 คัน - สอบถามคนไปประชุมบอกไม่ได้พูดเรื่องระบบงานและค่าตอบแทน พูดแต่เรื่องรถและที่ไม่แจ้งห้องฉุกเฉินเนื่องจากรอหนังสือเข้า\r\nข้อเสนอแนะ เรื่องการออกหน่วยทั้งหมดควรให้เจ้าหน้าที่ห้องฉุกเฉินไปประชุมหรือพูดคุยเรื่องข้อตกลง หรือหากไปประชุมแล้วควรแจ้งให้ห้องฉุกเฉินทราบก่อนเนื่องจากหนังสือเข้าช้า ',8,68,1,4,8,1,'',2,'','null','jjf3FM6HSl61pDkFp6Ekn5'),(955,1,'5502823','','มังกร','เพ็งบุตรดี',11,12,11,'2016-06-15 19:25:00','2016-06-15 19:25:00','ผู้ป่วยอายุ 4 ปี แต่ส่งสิทธิเป็น UC.12-59ปี(สิทธิ89) ซึ่งผู้ป่วยอายุยังไม่ถึง 12 ปี',2,17,3,2,NULL,1,'',2,'','null','jiCg0TncH77SBWSV1vjl3G'),(956,5,'','','','',16,10,10,'2016-06-16 08:35:00','2016-06-16 11:35:00','ผ้าปูเตียงอัลตร้าซาวน์ ผืนใหม่ ซักไม่สะอาด มีคราบเลือด ขนาดใหญ่เส้นผ่าศูนย์กลางประมาณ 5  ซม. เห็นชัดเจน',8,68,1,4,8,1,'',2,'','null','WOiAwySmVOPdLPjdgl_NQ-'),(957,1,'0019288','นาย','สมพาน','กินเสน',11,12,11,'2016-06-17 19:15:00','2016-06-17 19:15:00','ผู้ป่วยมีสิทธิ ประกันสังคม รพ.เอกชน แต่เจ้าหน้าที่ส่งสิทธิมาเป็น UC.ในเขต ซึ่งไม่มีการเช็คสิทธิก่อนส่งตรวจ',2,17,3,2,NULL,1,'',2,'','null','XcGVIsa9hC3g2RyWxoEOqp'),(958,3,'','','','',7,2,2,'2016-06-20 12:50:00','2016-06-20 13:10:00','แพทย์ส่งตัวผู้ป่วยไปรักษาต่อที่ รพ.เลย แพทย์วินิจฉัย MI  ต้องมีพยาบาลพร้อมคนงานไปกับรถrefer เนื่องจากเวลา 12.00น.-13.00น.มีคนงานบริการชายปฏิบัติงานอยู่เพียง 1 คน ทำให้ช่วงเวลาดังกล่าวไม่มีพนักงานเข็ญเปลส่งผู้ป่วยจากห้องฉุกเฉินไปยังจุดต่างๆ\r\nข้อเสนอแนะ ควรมีพนักงานบริการชายอยู่ช่วงเวลา 12.00น.-13.00น. อย่างน้อย 2 คน',8,68,1,4,8,1,'',2,'','null','KrR60j_X5WZICRRkrLQMKz'),(959,3,'','','','',7,2,2,'2016-05-11 12:30:00','2016-06-20 13:20:00','11 พ.ค.59 เวลา 12.30 น. ผู้ป่วยส่งตัวจาก รพ.ปากชม ไปรักษาต่อที่ รพ.เลย ผู้ป่วยหยุดหายใจก่อนถึง รพ.เลย จึงแวะมาทำการ CPR ที่ รพ.เชียงคาน ช่วงเวลาดังกล่าวมีพนักงานบริการชายอยู่ปฏิบัติหน้าที่ 1 คน ทำให้ไม่มีบุคลากรเปลี่ยน CPR \r\nการแก้ไขเบื้องต้น โทรศัพท์ตามเจ้าหน้าที่หอผู้ป่วยในมาช่วย CPR\r\nข้อเสนอแนะ ช่วงเวลา 12.00 น. -13.00 น.ควรมีพนักงานบริการชายอยู่ปฎิบัติหน้าที่อย่างน้อย 2 คน',8,68,1,4,8,1,'',2,'','null','4HeLWcrcRpLoVmz0b9_oRs'),(960,3,'','','','',13,2,2,'2016-06-20 20:00:00','2016-06-21 08:30:00','20 มิ.ย.59 เวลาประมาณ 20.00 น.แพทย์ส่งผู้ป่วยไปรักษาต่อที่ รพ.เลย พร้อมพยาบาลประจำรถ refer เมื่อส่งผู้ป่วยเสร็จ พยาบาลไปหน้าด้านหน้าคู่คนขับพบว่ามีกลิ่นสุราจึงสอบถามพนักงานขับรถยอมรับว่า\'กินเหล้ามานิดหน่อย\' \r\nข้อเสนอแนะ พนักงานขับรถต้องไม่ดื่มสุราก่อนหรือขณะปฏิบัติหน้าที่ เนื่องจากอาจเกิดอันตรายต่อชีวิตและทรัพย์สินของผู้ร่วมทาง รวมถึงผิดกฏหมาย',8,68,2,2,6,1,'',2,'','null','PaiZ54v6qnp3JJJC33ic6F'),(961,3,'','','','',1,2,2,'2016-06-21 04:30:00','2016-06-21 08:30:00','21 มิ.ย.59 เวลา 04.30 น.ผู้ป่วยมาด้วยอาการ 15 นาทีก่อนมา รพ. ผู้ป่วยให้ประวัติว่านอนหลับและตื่นขึ้นมามีอาการเมื่อย เหนื่อยเพลีย ไม่ค่อยมีแรง ยังไม่ได้รักษาที่ใด วัดสัญญาณชีพ T 36.5 องศา  P 40 ครั้ง/นาที R 18 ครั้ง/นาที BP 127/76  mmHg DTX 93 mg% Sat RA 97-98 % ตรวจ EKG รายงานแพทย์เวร แต่ไม่สามารถติดต่อได้ทั้งโทรศัพท์มือถือ โทรศัพท์บ้านพัก และพนักงานชายไปเคาะประตูบ้านเรียกแพทย์เวร\r\nการแก้ไขเบื้องต้น โทรศัพท์รายงานผู้อำนวยการโรงพยาบาลเชียงคาน เพื่อขอคำสั่งในการรักษาผู้ป่วยรายนี้',8,68,1,2,6,1,'',2,'','null','hQbXno_tNBECbrQfyiYnCb'),(962,1,'5703148','น.ส.','ฐิติมา','บุตรสงฆ์',35,10,10,'2016-06-15 09:45:00','2016-06-21 09:05:00','มารดา G1P0A0L0 มาด้วย เจ็บครรภ์คลอดก่อนมา 8 ชม. GA 32+3 by U/S  ประวัติ LMP 1 พย.2558  EDC 8 สค.2559 (ตาม LMP ) ฝากครรภ์ที่ รพสต. correct EDC ตาม LMP ได้วันที่ 8 กค. 2559 ( รพสต. correct EDC ผิดพลาดไป 1 เดือน ตาม LMP) รพ.เชียงคาน นัดมา U/S ขณะ GA 25+4 จึง correct EDC ใหม่ เป็นวันที่  2 สิงหาคม 2559  ตามที่เครื่อง U/S แจ้ง  ซึ่งถ้านับตามที่เครื่องแจ้งมี 2 ค่า ตาม อายุครรภ์ ณ วันที่ อัลตร้าซาว EDC 8 สิงหาคม 2559 ตามการรักษาเคสนี้ จึงยึด EDC วันที่ 8 สิงหาคม 2559 GA 32+3 แรกรับ PV cx dilate 4 cm eff 70% st -2 I = 6\' D= 30\'\'  U/S  EBW 2,019 consult สูติแพทย์ รพ.เลย ให้  Brycanyl 4 amp+ 5%dw IV drip rate 10 titrate dexa 6 mg IM refer รพ.เลย  by ambulance cnurse หลังการส่งต่อ โทรติดตามเคส มารดาคลอดปกติ วันที่ 18 มิถุนายน 2559 ทารก นน. 2,100 กรัม admit NICU ไม่ได้ on et-tube\r\n',4,76,3,4,10,1,'',1,'','null','V8uznTaY1myvAVb-WODNjE'),(963,1,'2442','น.ส.','จุรีภรณ์ ','สีหาลา',9,10,10,'2016-06-20 09:40:00','2016-06-20 15:00:00','มารดาG2P0A1L0 GA 36+5 wks by U/S ตามสมุดฝากครรภ์ EDC วันที่ 13 กค. 59 by U/S มารดาจำประจำเดือนไม่ได้ ( ถ้าคำนวณตาม GA ที่ U/S จะ correct EDC ได้วันที่  25 กรกฏาคม 2559 แต่ไม่มีใบปริ้นอัลตร้าซาวน์ยืนยัน แพทย์จึงยึดเอาตาม GA ณ วันที่ U/S ได้ 35 wks)  ,มารดามาด้วย มีน้ำเดินก่อนมารพ. 18 ชม.ร่วมกับมีอาการเจ็บครรภ์ I > 10\' D= 15 \'\' FHS 141/m  HF = 30 cm fern test -ve , Nitrazine test -ve  PV cx os  close  consult สูติแพทย์ รพ.เลย ให้ Admit ฉีด ATB , Observe leakage ของน้ำคร่ำ ที่ IPD D/C 22 มิ.ย 59 Dx Premature contraction',4,76,1,NULL,NULL,1,'',1,'','null','3FfEjEbfZW3piCKw7PSj37'),(964,1,'34090','นาย','สุนทร','สอนแก้ว',8,3,24,'2016-05-20 11:20:00','2016-05-20 14:55:00','คนไข้ TB ชื่อ นายสุนทร สอนแก้ว D/C และออกมารับยาด้วยตนเอง แต่ไม่ใส่ mask ปิดปากและจมูกก่อนออกจากวอร์ดมารับยา \r\nการแก้ไขเบื้องต้น * ห้องยาเอาmaskให้ใส่ระหว่างรอรับยา\r\nข้อเสนอแนะ * ทบทวนระบบการรับยา D/C เพราะพบpt. TBหลายเคสที่ออกมารับยาด้วยต้นเองโดยไม่สวม mask',7,61,1,NULL,NULL,1,'',1,'','null','MEAuc2rj3O5i_LY6tOmu2Z'),(965,1,'5902110','','','',8,3,8,'2016-05-22 10:30:00','2016-05-22 14:35:00','ผู้ป่วย D/C และมียาฉีดที่ต้องไปฉีดต่อที่ รพ.สต. พยาบาลเขียนชื่อผู้ป่วยในใบส่งต่อไปฉีดยา ไม่ตรงกับชื่อผู้ป่วยใน OPD card \r\nข้อเสนอแนะ *  พยาบาลควรตรวจสอบให้ดี เพิ่มความรอบคอบ ก่อนส่งมอบให้ผู้ป่วย',2,16,3,NULL,NULL,1,'',1,'','null','dFCIoXhXGcvncNatSFpmn8'),(966,1,'6390','นาย','สมหมาย','',8,3,3,'2016-06-03 13:50:00','2016-06-08 10:40:00','ผู้ป่วยใน 2 ราย (สมหมาย HN6390 และ พลากร HN5902280 )  admit พร้อมกัน  D/Cต่างวันกัน แต่พบว่าแฟ้มOPD card คนไข้สลับกันจนถึงวัน D/C',2,16,3,NULL,NULL,1,'',1,'','null','DcQaSrHKFotlkUv8FmqIxr'),(967,1,'5600758','','','',1,3,7,'2016-06-14 10:50:00','2016-06-14 12:25:00','ผู้ป่วยนอก QN 301 แต่แพทย์คีย์เรียกตรวจ QN 31 ซึ่งเป็นการตรวจผิดคน เมื่อคนไข้นำแฟ้มมายื่นรับยาและนั่งรอนานมาก จึงเดินมาสอบถาม พบปัญหาการตรวจและสั่งยาผิดคน\r\nทางห้องยาเดินกลับไปconsultแพทย์เจ้าของไข้ ให้แก้ไขใบตรวจโรคให้ถูกคน',1,2,3,NULL,NULL,1,'',1,'','null','-3jbcsM3bHOF38S5yp3PGi'),(968,1,'0046128','น.ส.','วิจิตรตา','ทุมทอง',11,15,11,'2016-06-22 11:20:00','2016-06-22 11:20:00','นำเลขบัตรประชาชนผู้ที่เสียชีวิตแล้วมาใส่',2,16,1,NULL,NULL,1,'',2,'','null','V78A9WfmDbAwvslpBE_SfS'),(969,1,'5902637','','เนย','วันดีลา',8,2,8,'2016-06-21 13:50:00','2016-06-24 10:30:00','ผู้ป่วยมานอนโรงพยาบาลแล้วถูกส่งต่อไปรพท.เลย Dx Acute Viral Hepatitis ต่อมาพยาบาลรพท.เลย โทรมาถามผลLab ขณะAdmit  จนท.ผู้ป่วยในไม่ได้ส่งผลไปรพท.เลยพร้อมใบ refer',1,3,3,2,6,1,'',1,'','null','J_hXDgiWbvcyQq1nRBFBc0'),(970,3,'0005696','นาย','สุทธิพงศ์ ','คำศรี',8,12,3,'2016-06-25 12:55:00','2016-06-25 12:55:00','คนไข้สิทธิ ม.ต้น นอนห้องพิเศษ 4 คืน  แต่ ward ไม่ปั๊มนอนห้องพิเศษมา  จึงไม่ได้เก็บเงินกับคนไข้ค่ะ',8,69,3,NULL,NULL,1,'',2,'','null','kADG_HTPhX8AzfzLm05CL4'),(971,1,'','','','',4,4,4,'2016-04-01 12:50:00','2016-06-15 12:50:00','สรุปสถิติการรายงานผลผิดพลาด เดือน เมษายน 2559 จำนวน  10  ครั้ง /4,717 ราย  คิดเป็น 0.21 %\r\nงานโลหิตวิทยา 4  ครั้ง (plt,rbc redcell,INR)  งานเคมีคลินิก 1 ครั้ง(LDL ) งานธนาคารเลือด 3 ครั้ง งานmicribiology  1 ครั้ง งานภูมิคุ้มกัน 1  ครั้ง',1,3,3,NULL,NULL,1,'',1,'','null','zMuNh5Z3GWLfvBM_mlNx8O'),(972,1,'','','','',4,4,4,'2016-05-03 13:50:00','2016-06-15 13:50:00','สรุปอุบัติการณ์รายงานผลผิดพลาด เดือน พฤษภาคม 2559   11 ครั้ง/4,614  ตัวอย่าง คิดเป็น 0.23 %\r\nงานโลิหิตวิทยา 1 ครั้ง งานเคมีคลินิก 1  ครั้ง งานธนาคารเลือด 8  (ANC  รายงานผล Bl.group ,RH group) งานภูมิคุ้มกันวิทยา 1 ราย',1,3,3,NULL,NULL,1,'',1,'','null','qxyx2C2KKrk2HZzQAVo18v'),(973,1,'','','','',2,4,4,'2016-04-21 18:30:00','2016-06-08 14:05:00','สรุปอุบัติการณ์  ปฏิเสธตัวอย่าง งานอุบัติเหตุและฉุกเฉิน จำนวน 1 ครั้ง  \r\nรายละเอียด ส่งตรวจ Electrolyte ผู้ป่วยเด็กไม่พอ 1  รายการ',8,69,3,4,5,2,'แจ้งในที่ประชุมER ให้เก็บสิ่งส่งตรวจให้ได้ตามมาตรฐาน\r\n',1,'สุชาดา, สุชารัตน์, วินิจ, จิราภรณ์ , ปาริชาติ, อติมา','null','83A9h24p0HGCmmzpiXCMaq'),(974,1,'','','','',8,4,4,'2016-04-20 17:10:00','2016-06-14 09:45:00','สรุปอุบัติการณ์ปฏิเสธตัวอย่างเดือน เมษายน 2559  ตึกผู้ป่วยใน จำนวน 6 ครั้ง\r\nสั่งตรวจ T.B culture ไม่ถูกต้อง สั่งเป็น Sputum culture จำนวน 2 ครั้ง\r\nตัวอย่างเลือดน้อยไม่พอตรวจ จำนวน  4  ครั้ง',8,69,3,NULL,NULL,1,'',1,'','null','WEt6ZD5A8e-liikO7LqD5L'),(975,1,'','','','',4,4,2,'2016-05-11 13:30:00','2016-06-08 09:30:00','สรุปอุบัติการปฏิบัติการณ์ปฏิเสธตัวงาน งานอุบัติเหตุและฉุกเฉิน เดือน พฤษภาคม 2559 จำนวน 2 ครั้ง\r\nสั่งตรวจไม่ถูกต้อง 1 ครั้ง  ตัวอย่าง น้ำเจาะท้อง สั่งเป็น CSF\r\nตัวอย่าง CBC เสีื่อมสภาพ Clot  1  ราย\r\n',8,69,3,NULL,NULL,1,'',1,'','null','kjEKFMC9Ogn4SXMMFPaWXP'),(976,1,'','','','',4,4,8,'2016-05-11 15:05:00','2016-06-15 15:05:00','สรุปอุบัติการณ์ปฏิเสธตัวอย่าง ตึกผู้ป่วยใน เดือน พฤษภาคม 2559 จำนวน 6 ครั้ง\r\nตัวอย่างเสื่อมสภาพ CBC  Clotted จำนวน  3  ครั้ง  เลือด Hemolysis จำนวน 3 ครั้ง',8,69,3,NULL,NULL,1,'',1,'','null','V4Z-mTRSag4flsInm5t6EX'),(977,1,'23154,46118','','','',4,4,8,'2016-06-04 09:45:00','2016-06-15 15:10:00','จนท.ห้อง LAB ไม่ได้บันทึกรายงานผลการตรวจ AFB  ของ ward  ที่ส่งตรวจในวันที่ 3 มิถุนายน 2559 ',1,3,3,2,8,2,'-ให้ผู้รับผิดชอบงานในแต่ละวัน ตรวจสอบความครบถ้วนในการบันทึกข้อมูลให้ครบถ้วน\r\n- ในหน้าจอคอมพิวเตอร์ LIS  หน้ารายงานผลให้เลือกทุกรายการทดสอบ เช่น งานเคมี,งานโลหิตวิทยา,งานภูมิคุ้มกันวิทยา,งานธนาคารเลือด,งานจุลทรรศน์,งานจุลชีววิทยา เพื่อป้องกันไม่ให้มีการทดสอบ รายการใดไม่ได้รายงานผล\r\n- เฝ้าระวังความเสีียงไม่ให้เกิดซ้ำ',1,'เจ้าหน้าที่','null','aHQvHdGE1Oh2pZniqOKP0C'),(978,1,'5902434','นาง','ฉิมพลี','อุบลชัย',7,7,23,'2016-06-27 09:00:00','2016-06-27 14:00:00','แพทย์ Dx. DF  วันนี้ นัดมาตรวจCBC , LFT แต่ใบนัด ลง Lab ล่วงหน้าเป็น FBS , LFT  พยาบาลซักประวัติ ถามผู้ป่วยว่า งดน้ำ อาหารมารึเปล่า ผู้ป่วยบอก ไม่ได้งด พยาบาลไม่แนะนำ พยาบาลถามว่า เป็นเบาหวานรึเปล่า ผู้ป่วยบอกว่าไม่เป็น พยาบาลจึงเปิดดูประวัติ ใน Hosxp พบว่า ผู้ป่วยเป็น DF มาตามนัด ตรวจ CBC , LFT จึงยกเลิกคำสั่งเจาะ FBS แก้ไขคำสั่งตรวจ Lab ให้ใหม่',1,75,3,2,6,1,'',1,'','null','O1h-3oq0H5zax6O5Xe98hv'),(979,3,'','น.ส.','ศรันญา','ลุนาหา',2,2,2,'2016-06-22 08:30:00','2016-06-29 08:30:00','ขณะเดินมาทำงานเวรเช้าลื่นล้มบริเวณห้องฉีดยาเนื่องจากพื้นเปียก เพราะคนงานถูพื้นทำความสะอาด ทำให้ได้รับบาดเจ็บฟกช้ำ ปวด บวม บริเวณขาและสะโพก\r\nข้อเสนอแนะ ควรมีป้ายเตือนขณะทำความสะอาดพื้น/พื้นเปียกน้ำ/ระวังพื้นลื่น จะทำให้ผู้ที่ผ่านพื้นที่ดังกล่าวระมัดระวังเพิ่มมากขึ้น',7,60,3,6,8,2,'แจ้งในที่ประชุมพนักงานทั่วไป มีแนวทางดังนี้\r\n1. ป้ายเตือน \"ระวังลื่น  กำลังทำความสะอาด\" วางไว้หน้าบริเวณที่ถูพื้น \r\n2. การถูพื้น ไม่เทน้ำยามากเกินไป ต้องเช็ดถูให้แห้ง\r\n3. เก็บอุปกรณ์ทำความสะอาด ไม้กวาด ไม้ถูพื้น ผ้าถูพื้น ไว้จุดเก็บอุปกรณ์ หลังห้องLab\r\n4. น้ำยาถูพื้น (พนักงานทำความสะอาด ชุดแดง จะเบิกและผสมน้ำยาเตรียมไว้ให้พร้อมใช้)',2,'สุชาดา วินิจ สุชารัตน์ ฐิตติยา  พจนีย์ จักรกริช ณัฐวุฒิ ณัฐวัฒน์ สุรเกียรติ์ ปาริชาติ','null','i0zh5Aw5gPdiuaAcPIntWI'),(980,1,'0049754','น.ส.','รัตนาภรณ์','สีตื้อ',4,2,2,'2016-07-01 07:40:00','2016-07-01 08:30:00','1 มิ.ย.59 เวลา 07.40 น.มีผู้ป่วยเดินมาบอกว่า \"เจาะเลือดให้หน่อยค่ะห้องแลปบอกว่าเจาะไม่ได้\" สอบถามtubeเลือดพร้อมชื่อ  ผู้ป่วยบอกว่า \"เจ้าหน้าที่บอกว่าหลอดเจาะเลือดห้องฉุกเฉินก็มี\"\r\nการแก้ไขเบื้องต้น ให้ผู้ป่วยเดินกลับไปรับหลอดเจาะเลือดพร้อมติดชื่อให้เรียบร้อยจากห้องแลป\r\nข้อเสนอแนะ เมื่อมีผู้ป่วยมาแจะเลือดที่ห้องแลปและห้องแลปไม่สามารถเจาะได้จำเป็นต้องส่งผู้ป่วยมาเจาะเลือดที่ห้องฉุกเฉิน เจ้าหน้าที่ห้องแลปควรเตรียมหลอดเจาะเลือดพร้อมติดชื่อให้เรียบร้อยก่อนส่งผู้ป่วยมาเจาะเลือดที่ห้องฉุกเฉิน เพื่อป้องกันหลอดเจาะเลือดที่ไม่ติดชื่อสลับกับผู้ป่วยรายอื่น',8,68,1,4,5,2,'-ในกรณีมีคนไข้มาขอเจาะเลือดให้ตรวจสอบคำสั่งและรายการตรวจให้ถูกต้องก่อนเจาะเลือด\r\n-ถ้าไม่มีคำสั้่งให้แนะนำคนไข้ให้ถูกต้อง\r\n-ในกรณีส่งคนไข้ไปเจาะที่ ER ให้เตรียมหลอดและติดสติคเกอร์ก่อนส่งไปทุกครั้ง',2,'เจ้าหน้าที่ห้องLAB','null','jevuSfp1dww6NfosIe3NRg'),(981,3,'','','','',13,2,2,'2016-06-27 23:00:00','2016-07-04 08:30:00','ขณะออกEMS รับผู้ป่วยพบเกย์ออกซิเจนและสายต่อออกซิเจนที่ใช้แล้ว วางไว้กับพื้นรถRefer มีกระดาษสีชมพูพิมพ์หมายเลข 5 ไว้ สอบถามพนักงานขับรถบอกว่า \"คนไข้บ้านตาดซ้อฝากมาคืน\"ไม่รู้ผู้ป่วยชื่ออะไร ไม่รู้ว่าต้องคืนแผนกไหน\r\nแก้ไข้เบื้องต้น เก็บลงมาไว้ที่ต้องฉุกเฉิน ตรวจสอบภายในเวรว่าเป็นของใคร\r\nข้อเสนอแนะ เมื่อพนักงานขับรถรับของส่งคืนจากผู้ป่วยหรือญาติหรือจากแผนกอื่น ควรสอบถามรายละเอียดต่างๆให้เรียบร้อยเพื่อจะได้ส่งคืนถูกแผนก',8,68,1,NULL,NULL,1,'',2,'','null','7QYNaRyEgVwM7R-AFBbRr9'),(982,1,'5902361','นาย','เบ','ดวงมาลา',2,12,2,'2016-06-08 14:15:00','2016-07-04 09:35:00','ผู้ป่วยเป็นคนลาวต้องชำระเงินเอง แต่มีการคีย์ค่าฉีดซ้ำจำนวน 4 ครั้ง หลังจากที่เก็บเงินและคิดค่าฉีดยาเรียบร้อยแล้ว',8,68,3,2,NULL,1,'',1,'','null','0quhowdd-zj4VTpGPNOGUe'),(983,3,'','','','',4,4,7,'2016-07-05 11:30:00','2016-07-05 11:30:00','ผู้ป่วยมารับบริการส่งตรวจ CBC ช่วง 10.00 น. ผลตรวจไม่ออก 11.30 น. ซักถามห้อง Lab บอก น้ำยาหมด ทางห้อง Lab ไม่แจ้ง จนท. OPD ขาดการประสานงาน  ส่งผลเสียต่อผู้รับบริการ เกิดการตรวจรักษาล่าช้า เสี่ยงต่อการร้องเรียนขอผู้มารับบริการ   ข้อเสนอแนะ ทางห้อง Lab ถ้าหากเกิดปํญหาขัดข้อง ที่ส่งผลต่อการทำ Lab ควรแจ้ง จนท. OPD ด้วยทุกครั้ง เพื่อจะได้แจ้งให้ผู้มารับบริการรับทราบระยะรอคอยการตรวจเลือด',1,3,3,4,5,2,'-น้ำยา CBC หมดบางรายการทดสอบด้วยวิธีmanual \r\n-โทรศัพท์พังทั้งระบบ ไม่สามารถโทรแจ้งได\r\n-ได้ประสานงาน แจ้งผ่านระบบ ข้อความ แจ้งหน่วยงานที่เกี่ยวข้องได้รับทราบแล้ว',1,'เจ้าหน้าที่ห้องปฏิบัติการชันสูตร','null','3wXSO-_Gr04NY6--qM9pLS'),(984,5,'','','','',14,2,2,'2016-06-28 08:30:00','2016-07-12 08:30:00','แอร์ปรับอากาศห้องอุบัติเหตุ-ฉุกเฉิน ชำรุด ขณะเปิดเครื่องและปิดเครื่อง จะมีน้ำไหลออกมาตลอดเวลา ทำให้น้ำไปถูกอุปกรณ์เครื่องมือแพทย์ได้รับความเสียหาย เสี่ยงต่อไฟฟ้าช็อคเจ้าหน้าที่ หรือผู้มารับบริการที่ห้องอุบัติเหตุ-ฉุกเฉิน \r\nการแก้ไขเบื้องต้น 1.โทรศัพท์ตามเจ้าหน้าที่ฝ่ายช่างซ่อมบำรุงของโรงพยาบาลเชียงคานแล้วแต่ยังไม่ได้มาตรวจสอบหรือซ่อม 2.โทรศัพท์ตามร้านที่รับติดตั้งและซ่อมแอร์กับโรงพยาบาลเชียงคานเป็นประจำ บอกว่า \"ยังมีงานข้างนอกอยู่ไม่สะดวกมาทำให้\" 3.ปิดแอร์เครื่องที่ชำรุด ส่งผลให้ห้องอุบัติเหตุ-ฉุกเฉิน ร้อน อับชื้น อากาศไม่ถ่ายเท เจ้าหน้าที่และผู้ป่วยและญาติที่มารับบริการไม่สุขสบาย\r\nข้อเสนอแนะ 1 ฝ่ายซ่อมบำรุงควรมาตรวจดูงานทุกครั้งเมื่อมีแผนกต่างๆแจ้งเรื่องซ่อม เพื่อประเมินว่าจะสามารถซ่อมได้หรือไม่ หรือต้องส่งซ่อมภายนอกโรงพยาบาล รวมถึงติดตามผลหลังจากการซ่อมบำรุงแล้วว่าสามารถใช้งานได้ตามปกติหรือไม่ เพื่อเพิ่มประสิทธิภาพ ศักยภาพ และพัฒนาคุณภาพฝ่ายซ่อมบำรุงของโรงพยาบาลเชียงคาน\r\nหมายเหตุ ผ่านมาประมาณ 2 สัปดาห์ ยังไม่มีช่างจากที่ใดมาซ่อมแอร์ปรับอากาศที่ห้องอุบัติิเหตุ-ฉุกเฉิน',5,54,1,NULL,NULL,1,'',2,'','null','CwuPr5a_NPHP9AMLNEJBtY'),(985,1,'5405667','น.ส.','แป๋ม','',10,10,10,'2016-07-22 13:00:00','2016-07-22 16:00:00','1.มารดา G1P0A0L0 GA 41+1 wks ANC ที่ รพ. ภูเรือ/รพสต. สานตม มาด้วยเจ็บครรภ์คลอดก่อนมารพ. 5 ชม. ตรวจร่างกายแรกรับ FHS 136/m ROA I=4\'\' D=30\' PV cx 4 cm eff 40% st -2 vertex MI ผลเลือด ANC  ครั้งที่1 Hct34% ครั้งที่2 Hct 35%  จึงเจาะ CBC stat ผลเกร็ดเลือด 96,000 repeat  97,000 ( ANC ไม่ได้เจาะ cbc ผู้ป่วย จึงไม่ทราบผลเกร็ดเลือด )รายงานแทย์ consult สูติแพทย์ refer รพ.เลย เวลา 17.00 น.',4,76,4,4,8,1,'',1,'','null','aeW2VKH39Tn97VHQd3603b'),(986,1,'5405667','น.ส.','แป๋ม','กันโพคำ',1,10,10,'2016-07-21 09:40:00','2016-07-21 15:00:00','มารดา G1P0A0L0 GA 41+1 wks ANC ที่ รพ. ภูเรือ/รพสต. สานตมมา รพ.ตามนัด ด้วย Case nearly posterm  ตรวจร่างกายแรกรับ FHS 136/m ROA  PV notdilate  ไม่มีเจ็บครรภ์ ทำ NST มี Contraction ห่างๆ I>10 นาที D=15 วินาที  รายงานแพทย์ ตรวจเยี่ยมอาการ นัด F/U GA 41+4 Wks Plan refer',4,76,4,NULL,NULL,1,'',1,'','null','ENETmPyu_r2N0hHVMXdtlC');
/*!40000 ALTER TABLE `risk` ENABLE KEYS */;
UNLOCK TABLES;

--
-- Table structure for table `risk_has_review`
--

DROP TABLE IF EXISTS `risk_has_review`;
/*!40101 SET @saved_cs_client     = @@character_set_client */;
/*!40101 SET character_set_client = utf8 */;
CREATE TABLE `risk_has_review` (
  `risk` int(11) NOT NULL,
  `review` int(11) NOT NULL,
  `risk_has_reviewcol` varchar(45) COLLATE utf8_unicode_ci DEFAULT NULL,
  PRIMARY KEY (`risk`,`review`),
  KEY `fk_risk_has_review_risk1_idx` (`risk`),
  CONSTRAINT `fk_risk_has_review_risk1` FOREIGN KEY (`risk`) REFERENCES `risk` (`id`) ON DELETE NO ACTION ON UPDATE NO ACTION
) ENGINE=InnoDB DEFAULT CHARSET=utf8 COLLATE=utf8_unicode_ci;
/*!40101 SET character_set_client = @saved_cs_client */;

--
-- Dumping data for table `risk_has_review`
--

LOCK TABLES `risk_has_review` WRITE;
/*!40000 ALTER TABLE `risk_has_review` DISABLE KEYS */;
/*!40000 ALTER TABLE `risk_has_review` ENABLE KEYS */;
UNLOCK TABLES;

--
-- Table structure for table `risk_has_review1`
--

DROP TABLE IF EXISTS `risk_has_review1`;
/*!40101 SET @saved_cs_client     = @@character_set_client */;
/*!40101 SET character_set_client = utf8 */;
CREATE TABLE `risk_has_review1` (
  `risk_id` int(11) NOT NULL,
  `review_ID` int(11) NOT NULL,
  PRIMARY KEY (`risk_id`,`review_ID`),
  KEY `fk_risk_has_review1_risk1_idx` (`risk_id`),
  CONSTRAINT `fk_risk_has_review1_risk1` FOREIGN KEY (`risk_id`) REFERENCES `risk` (`id`) ON DELETE NO ACTION ON UPDATE NO ACTION
) ENGINE=InnoDB DEFAULT CHARSET=utf8 COLLATE=utf8_unicode_ci;
/*!40101 SET character_set_client = @saved_cs_client */;

--
-- Dumping data for table `risk_has_review1`
--

LOCK TABLES `risk_has_review1` WRITE;
/*!40000 ALTER TABLE `risk_has_review1` DISABLE KEYS */;
/*!40000 ALTER TABLE `risk_has_review1` ENABLE KEYS */;
UNLOCK TABLES;

--
-- Table structure for table `risk_med`
--

DROP TABLE IF EXISTS `risk_med`;
/*!40101 SET @saved_cs_client     = @@character_set_client */;
/*!40101 SET character_set_client = utf8 */;
CREATE TABLE `risk_med` (
  `id` int(11) NOT NULL AUTO_INCREMENT,
  `person_id` int(11) NOT NULL COMMENT 'เนเธซเธเธธเธเธฒเธฃเธเนเนเธเธดเธเธเธฑเธ',
  `hn` varchar(45) COLLATE utf8_unicode_ci DEFAULT NULL COMMENT 'HN',
  `pname` enum('เธเธฒเธข','เธเธฒเธ','เธ.เธช.') COLLATE utf8_unicode_ci DEFAULT NULL COMMENT 'เธเธณเธเธณเธซเธเนเธฒ',
  `fname` varchar(100) COLLATE utf8_unicode_ci DEFAULT NULL COMMENT 'เธเธทเนเธญ',
  `lname` varchar(100) COLLATE utf8_unicode_ci DEFAULT NULL COMMENT 'เธเธฒเธกเธชเธเธธเธฅ',
  `location_riks_id` int(11) NOT NULL COMMENT 'เธชเธเธฒเธเธเธตเนเนเธเธดเธเนเธซเธเธธ',
  `location_report_id` int(11) NOT NULL COMMENT 'เธซเธเนเธงเธขเธเธฒเธเธเธตเนเธฃเธฒเธขเธเธฒเธ',
  `location_connection_id` int(11) NOT NULL COMMENT 'เธซเธเนเธงเธขเธเธฒเธเธเธตเนเนเธเธตเนเธขเธงเธเนเธญเธ',
  `risk_date` datetime NOT NULL COMMENT 'เธงเธฑเธเธเธตเนเนเธเธดเธเนเธซเธเธธ',
  `risk_report` datetime NOT NULL COMMENT 'เธงเธฑเธเธเธตเนเธฃเธฒเธขเธเธฒเธ',
  `risk_summary` text COLLATE utf8_unicode_ci NOT NULL COMMENT 'เธชเธฃเธธเธเนเธซเธเธธเธเธฒเธฃเธเน',
  `type_med_id` int(11) NOT NULL COMMENT 'เธเธฃเธฐเนเธเธเธเธงเธฒเธกเนเธชเธตเนเธขเธ',
  `sub_med_type_id` int(11) NOT NULL COMMENT 'เธเธฃเธฐเนเธเธเธเธงเธฒเธกเนเธชเธตเนเธขเธเธขเนเธญเธข',
  `level_id` int(11) NOT NULL COMMENT 'เธฃเธฐเธเธฑเธเธเธงเธฒเธกเธฃเธธเธเนเธฃเธ',
  `clear_id` int(11) DEFAULT NULL COMMENT 'เธชเธฒเนเธซเธเธธเธเธตเนเธเธฑเธเนเธเนเธ',
  `system_id` int(11) DEFAULT NULL COMMENT 'เธชเธฒเนเธซเธเธธเนเธเธดเธเธฃเธฐเธเธ',
  `status_id` int(11) NOT NULL COMMENT 'เธเธดเธเธเธฒเธก / เธเธเธเธงเธ',
  `risk_review` text COLLATE utf8_unicode_ci,
  `type_clinic_id` int(11) NOT NULL,
  `join_status` text COLLATE utf8_unicode_ci,
  `docs` text COLLATE utf8_unicode_ci,
  `ref` varchar(50) COLLATE utf8_unicode_ci DEFAULT NULL,
  PRIMARY KEY (`id`),
  KEY `fk_risk_location_riks1_idx` (`location_riks_id`) USING BTREE,
  KEY `fk_risk_location_report1_idx` (`location_report_id`) USING BTREE,
  KEY `fk_risk_location_connection1_idx` (`location_connection_id`) USING BTREE,
  KEY `fk_risk_person1_idx` (`person_id`) USING BTREE,
  KEY `fk_risk_level1_idx` (`level_id`) USING BTREE,
  KEY `fk_risk_clear1_idx` (`clear_id`) USING BTREE,
  KEY `fk_risk_system1_idx` (`system_id`) USING BTREE,
  KEY `fk_risk_type1_idx` (`type_med_id`) USING BTREE,
  KEY `fk_risk_status1_idx` (`status_id`) USING BTREE,
  KEY `fk_risk_sub_type1_idx` (`sub_med_type_id`) USING BTREE,
  KEY `fk_risk_type_clinic1_idx` (`type_clinic_id`) USING BTREE,
  CONSTRAINT `risk_med_ibfk_1` FOREIGN KEY (`clear_id`) REFERENCES `clear` (`id`) ON DELETE NO ACTION ON UPDATE NO ACTION,
  CONSTRAINT `risk_med_ibfk_10` FOREIGN KEY (`type_med_id`) REFERENCES `type` (`id`) ON DELETE NO ACTION ON UPDATE NO ACTION,
  CONSTRAINT `risk_med_ibfk_2` FOREIGN KEY (`level_id`) REFERENCES `level` (`id`) ON DELETE NO ACTION ON UPDATE NO ACTION,
  CONSTRAINT `risk_med_ibfk_3` FOREIGN KEY (`location_connection_id`) REFERENCES `location_connection` (`id`) ON DELETE NO ACTION ON UPDATE NO ACTION,
  CONSTRAINT `risk_med_ibfk_4` FOREIGN KEY (`location_report_id`) REFERENCES `location_report` (`id`) ON DELETE NO ACTION ON UPDATE NO ACTION,
  CONSTRAINT `risk_med_ibfk_5` FOREIGN KEY (`location_riks_id`) REFERENCES `location_riks` (`id`) ON DELETE NO ACTION ON UPDATE NO ACTION,
  CONSTRAINT `risk_med_ibfk_6` FOREIGN KEY (`person_id`) REFERENCES `person` (`id`) ON DELETE NO ACTION ON UPDATE NO ACTION,
  CONSTRAINT `risk_med_ibfk_7` FOREIGN KEY (`status_id`) REFERENCES `status` (`id`) ON DELETE NO ACTION ON UPDATE NO ACTION,
  CONSTRAINT `risk_med_ibfk_8` FOREIGN KEY (`sub_med_type_id`) REFERENCES `sub_type` (`id`) ON DELETE NO ACTION ON UPDATE NO ACTION,
  CONSTRAINT `risk_med_ibfk_9` FOREIGN KEY (`system_id`) REFERENCES `system` (`id`) ON DELETE NO ACTION ON UPDATE NO ACTION
) ENGINE=InnoDB AUTO_INCREMENT=1128 DEFAULT CHARSET=utf8 COLLATE=utf8_unicode_ci ROW_FORMAT=COMPACT;
/*!40101 SET character_set_client = @saved_cs_client */;

--
-- Dumping data for table `risk_med`
--

LOCK TABLES `risk_med` WRITE;
/*!40000 ALTER TABLE `risk_med` DISABLE KEYS */;
INSERT INTO `risk_med` VALUES (857,1,'','','','',3,3,3,'2015-11-24 09:25:00','2016-04-07 09:25:00','ชื่อผู้ป่วยอยู่แถวแรก โดนแถบหัวสติกเกอร์ทับ ทำให้อ่านได้ไม่ชัด ',4,35,1,NULL,NULL,2,'ประสาน IT สลับเอาชื่อไว้ด้านล่างแทน',2,'','null','kdEG3fasqeCW29oGMPfuYz'),(858,1,'0008167','นาย','แสง ','วางอภัย',8,3,8,'2016-03-31 12:35:00','2016-03-31 13:15:00','มียามื้อก่อนอาหารเที่ยง และหลังอาหารเที่ยง ติดคืนมาในลิ้นชักยาผู้ป่วย (Dom tab, Muco,Air-X,MTV) มีคำสั่งให้ยาตั้งแต่ 23/3/59 ไม่มีคำสั่ง off ยา',1,1,3,NULL,NULL,1,'',1,'','null','USn6dHE5PJaTbSffyjzlHJ'),(859,1,'0004388','นาย','สร้อย','ศรีคำ',1,3,1,'2016-03-28 11:30:00','2016-03-28 14:30:00','pt CKD stage 3 GFR 47.57 Order Fortum 2gmV Q8hr (ควรปรับ dose เป็น 2 gm IV Q12hr)',3,27,2,NULL,NULL,1,'',1,'','null','DF83aH1cK5RPu090KiR8oQ'),(860,1,'5901285','','ข้าวปลาย  ','เพ็งแก้วพิลา',6,3,6,'2016-03-28 11:20:00','2016-03-28 14:30:00','pt BW 21 kg order Amoxy syr 1x3 pc(ควรให้ 2x3)',3,20,2,NULL,NULL,1,'',1,'','null','UnXctFeu4m-xKQJ19XAp0g'),(861,1,'0040453','นาง','เอ็มภรณ์','กลิ่นหอม',1,3,1,'2016-03-28 09:35:00','2016-03-28 14:20:00','ISDN 10 mg Order PC(ควรให้ AC เพื่อเพิ่มการดูดซึม)',3,27,3,NULL,NULL,1,'',1,'','null','kxDdsmTKM5lZzLfvtAdjzl'),(862,1,'5804502','','ยุภาวดี','บุดดา',2,3,2,'2016-03-27 16:30:00','2016-03-28 14:25:00','คีย์วิธีใช้ยาไม่ถูกต้อง คีย์ \"ใช้ตามแพทย์สั่ง\" แล้วฉลากออกเป็น 4 cc bid pc ',3,26,2,NULL,NULL,1,'',1,'','null','rJQBNlzempr0Vw2LYI9Ygz'),(863,1,'5802024','','นภัสกร','สอนพล',3,2,3,'2016-03-25 10:20:00','2016-03-25 11:20:00','แพทย์สั่งฉีดยา Dexa 4 mg IM  ห้องยาจ่ายยามา 2amp ให้ER ๆ จึงนำยาไปคืนและแจ้งเหตุ',2,13,2,NULL,NULL,2,'ให้ใช้ซองใสขนาด 8*12 จัดยา เพื่อไม่ให้ฉลากยาปิด amp ยา จะได้ตรวจสอบง่ายขึ้น',2,'','null','OQhd_AsU1mxqA3H6rrGPIB'),(864,1,'5601185','นาย','บุญทัย','สอนกอง',8,3,8,'2016-03-24 12:45:00','2016-04-24 13:45:00','มีซองยา Drataverine มื้อเที่ยงเหลือมาในลิ้นชักยา (Order ตั้งแต่ 22/3/59)',1,1,3,NULL,NULL,1,'',1,'','null','pWx3XUBxeKLvw7PjgoHF_l'),(865,1,'5410495','นาย','สมศักดิ์','บุดดา',8,3,8,'2016-03-24 12:45:00','2016-03-24 13:45:00','มียา Domperidone tab มื้อเที่ยงเหลือมาในลิ้นชักยา (Order ตั้งแต่ 22/3/59)',1,1,3,NULL,NULL,1,'',1,'','null','XgQ0UJjqI18-K_t9QxADLw'),(866,1,'5802674','','สุดารัตน์','ไชยคีนี',8,3,8,'2016-03-24 11:30:00','2016-03-24 11:35:00','ผู้ป่วยมี Tamiflu syr D/C IPD ไม่คืนยาให้ผู้ป่วย ต้องส่งคืนไปรัยยา',2,17,3,NULL,NULL,1,'',1,'','null','r7yLD4iFAaYQkiS1lAxmIb'),(867,1,'5603011','','กัณพัฒน์','วงษ์คำจันทร์',6,3,6,'2016-03-23 12:50:00','2016-03-23 13:50:00','ผู้ป่วยน้ำหนัก 15 kg order Para syr 1 ช้อนชา (ควรให้ 1.5 ช้อนชา)',3,20,2,NULL,NULL,1,'',1,'','null','kG2wfMMpX75JE_CyAc4h5b'),(868,5,'','','','',3,2,3,'2016-03-19 13:05:00','2016-03-23 14:05:00','ER มีCase STEMI ใช้ยา และทำเอกสารให้ญาติไปยื่นที่ห้องยา เมือเวลา 15.00 น. เช็ดยาแล้วไม่พบยาที่ใช้คืนมา',4,29,2,NULL,NULL,1,'',2,'','null','emkmAaGP8-CXtKOc7yH7vO'),(869,1,'0024527','นาง','บัวนำ','คำยอด',8,3,8,'2016-03-19 10:55:00','2016-03-20 14:55:00','ยามื้อเที่ยงเหลือติดมาในซองยา (MTV, FF,Cyprohep) Admit ตั้งแต่ 17 มีค.',1,1,3,NULL,NULL,1,'',1,'','null','KghMCzPByAgukt_4BFg-Ze'),(870,1,'00022170','นาย','ลิน','ดวงศรี',27,3,27,'2016-03-16 10:35:00','2016-03-16 10:55:00','ผู้ป่วยสูงอายุ ได้ยา HT 5 item และวิธีกินแตกต่างกัน ทำให้ผู้ป่วยไม่สามารถใช้ยาได้ตามแผนการรักษา เบื้องต้น consult แพทย์ปรับวิธีกินยาให้ง่ายขี้น',3,27,4,NULL,NULL,1,'',1,'','null','pB1Mf1ZpYYtVeGxtlxsaJV'),(871,1,'5601145','นาย','วิทย์','ตันแพง',3,2,3,'2016-03-14 17:15:00','2016-03-15 06:00:00','แพทย์สั่ง diclofenac 75  mg im,dexa 8 mg iv ห้องยาจ่าย dexa 4 mg มาจำนวน 3 amp ไม่มี diclofenac inj\r\nการแก้ไขเบื้องต้น นำไปเปลี่ยนยาให้ตรงตามแพทย์สั่ง\r\nข้อเสนอแนะ ควรตรวจเช็คยาทุกครั้งก่อนส่งยาคืนห้องฉุกเฉิน',4,29,1,NULL,NULL,2,'ให้ใช้ซองใสขนาด 8*12 จัดยา เพื่อไม่ให้ฉลากยาปิด amp ยา จะได้ตรวจสอบง่ายขึ้น',1,'','null','c7-dFDn5R6tTFfi7hnqVEW'),(872,1,'5503801','','ศุภิสรา','บุดดา',1,2,1,'2016-03-14 09:25:00','2016-03-15 06:15:00','แพทย์มีคำสั่งให้พ่นยา salbu 1 dose แต่แพทย์ไม่ได้ใส่ขนาดของยา\r\nห้องยาพิมพ์สติกเกอร์ Sal.NB คิดเงินเป็น 0.5% ซีซี # 1 พ่น NB salbu.......cc + NSS....... เวลาหอบ พ่นยาห้องฉุกเฉิน(เบอร์6)\r\nแก้ไข้เบื้องต้น ให้คนงานนำประวัติผู้ป่วยกลับไปให้แพทย์เพิ่มขนาดยาพ่น',4,29,2,NULL,NULL,1,'',1,'','null','H4rALnV4ftwZoB6frRu7EW'),(873,1,'','','','',3,3,3,'2016-03-12 13:30:00','2016-03-14 15:30:00','Domperidine tab  IPD ติดสติกเกอร์ หลังอาหาร',2,16,2,NULL,NULL,2,'เนื่องจากสติกเกอร์ก่อนและหลังอาหารไม่แตกต่างกัน ทบทวนให้ปรับดังนี้ \r\n1. ให้พิมพ์หลังอาหารไว้ด้านล่าง\r\n2. เสนอให้สั่งสติกเกอร์ก่อนอาหารเป็นสีอื่น',1,'ฝ่ายเภสัชกรรม 17 มีต 2559','null','FwJXFrW6lV3toj4rhzs7Eo'),(874,1,'0023580','','','',3,3,3,'2016-03-10 18:45:00','2016-03-11 08:45:00','ผู้ป่วยได้ยาผิดคน จึงนำกลับมาเปลี่ยน ทบทวน พบมีคนเปลี่ยนวันที่ใน HOSxP พอมีการเรียกคิวเพิ่มพิมพ์ฉลากยาจึงเป็นชื่ออีกคน และจัดจ่ายยาคนเดียวเนื่องจากเป็นเวรบ่าย ',2,12,3,NULL,NULL,2,'ตกลงแนวทางดังนี้\r\n1.ให้คนที่เปลี่ยนวันที่ในคอมเพื่อเรียกรายงาน เปลี่ยนวันที่กลับทุกครั้ง\r\n2. ให้คนคีย์ตรวจสอบวันที่ก่อนทุกครั้ง',1,'เจ้าหน้าที่ฝ่ายเภสัชกรรม','null','Oh8q1YpHhCxGtns9IpKMYM'),(875,1,'5901029','','ปัญจมาพร','บุตรมาตย์',3,2,3,'2016-03-10 16:50:00','2016-03-12 07:45:00','10 มีนาคม 2559 เวลา 16.50น. แพทย์สั่งยา Paracet syr แต่ห้องยาจ่าย Para inj มาให้ฉีดที่ห้องฉุกเฉิน\r\nแก้ไข้เบื้องต้น โทรศัพท์แจ้งห้องยาให้รับทราบและส่งผู้ป่วยกลับไปที่ห้องยา เพื่อเปลี่ยนยาให้ถูกต้อง ตามคำสั่งแพทย์\r\nข้อเสนอแนะ เภสัชกรควรมีการตรวจ ทวน ซ้ำ คำสั่งแพทย์กับยาอีกครั้ง ก่อนที่จะส่งยาให้กับผู้ป่วย',4,34,2,NULL,NULL,1,'',1,'','null','PozksuoypCgYQ97n2bvQ92'),(876,1,'5805116','นาย','หก','มิสา',27,3,27,'2016-03-04 12:45:00','2016-03-04 14:45:00','ผู้ป่วย DM on Mixtard ASA Simvas มีนัดเดิม 19 มีนาคม 2559 ครั้งนี้ D/C แพทย์นัด 1 wk พยาบาลนัดผู้ป่วย 11 มีนาคม 2559 ซึ่งผู้ป่วยน่าจะเหลือยาเดิมอยู่ ทำให้มีการจ่ายยาซ้ำซ้อน เสียค่าใช้จ่าย',4,37,3,NULL,NULL,1,'',2,'','null','PwzjRDOxudcjz18yXipv8y'),(877,1,'0030719','นาย','คำภา','ไชยสงค์',1,3,1,'2016-03-04 11:25:00','2016-03-04 14:25:00','Pt admit เมื่อ D/C แพทย์สั่งยาเดิม รพ.เลย สอบถามผู้ป่วยแจ้งว่าไม่มียาเดิม โทรสอบถาม รพ.เลย พบประวัติล่าสุด คือปี 56 จึงแจ้งแพทย์ สั่งให้เฉพาะยาเชียงคาน ',4,37,2,NULL,NULL,1,'',1,'','null','396Yi5o3bIRS5qF26ZvvpF'),(878,1,'0018700','นาย','เคน','เคนท้าว',27,3,27,'2016-03-04 11:00:00','2016-03-04 15:00:00','ผู้ป่วยมีอาการบวม Dx CHF สั่งยา Pioglitazone ซึ่งมี ADR ทำให้บวม และระวังการใช้ในผู้ป่วยโรคหัวใจ',3,27,3,NULL,NULL,1,'',1,'','null','84LzoXyJnkQqRpMAcVed-Q'),(879,1,'','','','',3,2,3,'2016-03-03 10:10:00','2016-03-03 11:10:00','แพทย์สั่งฉีดยา DCF  1 amp IM และTramol 50 mgIV ห้องยาให้ยามาเฉพาะ  DCF  ไม่ได้จ่ายยาTramol ด้วย จึงให้เดินกลับไปรับยามาใหม่',2,13,2,NULL,NULL,2,'ให้ตรวจสอบซ้ำ 2 ครั้งก่อนจ่ายยาให้ผู้ป่วย',2,'ฝ่ายเภสัชกรรม','null','-WAVjifWCHxn2P63WejnjF'),(880,5,'','','','',3,2,3,'2016-03-19 10:30:00','2016-03-03 11:35:00','ตรวจนับยาที่รถยาER พบยาเม็ด Dextro จัดรวมกับยาDZP 2 หนีบไว้เรียบร้อย   ส่วนช่องยาDextro ซองยาไม่ครบ',4,33,1,NULL,NULL,2,'1.ให้ใช้ซอง 8*12 จัดยาคืน ER\r\n2.ให้ตรวจสอบยาก่อนคืนยาทุกครั้ง',2,'ฝ่ายเภสัชกรรม','null','R2peHsoGMK_Tlb7HkVJaJK'),(881,1,'5607316','นาง','แวง','คำใส',27,3,27,'2016-02-17 11:00:00','2016-02-17 11:00:00','มี order Fortum 2 gm IV Q8hr ครบ 7 วัน Off ให้ตั้งแต่ 10 /2/59 วันที่ 19/2/58 ยังพบมีการให้ยา ห้องยาจึง off Fortum ควรจัดทำแนวทางให้ชัดเจน เพื่อป้องกันความคลาดเคลื่อนทางยา',4,29,3,NULL,NULL,1,'',1,'','null','GYSkLYeKQq-0fEueFeK9Ln'),(882,1,'5600921','นาง','ทองคำ','ศรีอรรคพรหม',3,2,3,'2016-02-14 16:30:00','2016-02-14 08:30:00','ผู้ป่วย DTX 19 mg/dl เบิก MD NO 20 จำนวน 2 อัน 50%glucose 50 ml จำนวน 2 vial เขียนในใบจำนวนถูกต้องตามจำนวนที่เบิก แต่จ่าย MD NO 20 มาจำนวน 1 อัน 50%glucose 50 ml มาจำนวน 1 vial\r\nการแก้ไขเบื้องต้น ตรวจเช็คกับคำสั่งที่คีย์ในคอมฯ\r\nข้อเสนอแนะ เจ้าหน้าที่ ที่ทำการจัดยาให้จัดยาตามที่คีย์และที่เภสัชเขียนในใบจ่ายยาเวชภัณฑ์(ใบสีขาวเล็กๆ)',4,29,1,NULL,NULL,1,'',1,'','null','8YS9iw_eOM2h8eWwcv0PqV'),(883,1,'5900617','','นันทิยา  ','ทำมะวง',8,3,8,'2016-02-12 12:30:00','2016-02-12 13:30:00','D/C แพทย์สั่ง tamiflu syr ไปกินต่อให้ครบ IPD ไม่เอายามาให้ผู้ป่วย เลยต้องให้เดินกลับไปเอาที่ IPD',2,17,3,NULL,NULL,1,'',1,'','null','8usxXlIq7IfP2gQtgB3eiO'),(884,1,'5607627','','ปิยะวัฒน์','ช่วยงาน',8,3,8,'2016-02-11 11:15:00','2016-02-11 11:15:00','ผู้ป่วย D/C แพทย์สั่ง Tamiflu syr กินต่อ 2 วัน IPD ไม่เอายาให้ผู้ป่วย ทำให้ต้องเดินกลับไปรับยาที่ IPD เพิ่ม',2,17,3,NULL,NULL,1,'',1,'','null','YaIGghVDU9VRq7YWOMPxA-'),(885,5,'','','','',3,2,3,'2016-02-11 10:20:00','2016-04-12 06:55:00','ห้องยาไม่ได้จัด flanil มาให้ มีใน stock ในรถยาห้องฉุกเฉินแค่ 8 หลอด\r\nการแก้ไขเบื้องต้น เบิกเพิ่ม 2 หลอด\r\nข้อเสนอแนะ ควรตรวจเช็คจำนวนยาให้ถูกต้องก่อนส่งรถยาคืนห้องฉุกเฉิน',4,29,1,NULL,NULL,2,'ให้ตรวจสอบข้อมูลทุกครั้งก่อนคืนยา',2,'ฝ่ายเภสัชกรรม 17 มีค.2559','null','9L46yytxodJ1Y7E-TmD4Xu'),(886,5,'','','','',3,2,3,'2016-02-11 10:20:00','2016-02-12 07:05:00','รับรถยาคืนจากห้องยา 11 ก.พ.58 เวลา 10.20 น.  เช็คพบยา Exp\r\n1.Phenobarb(60) Exp 17พ.ย.58 1 ซอง,3 ธ.ค.57 1 ซอง\r\n2.Furosemide(40) Exp 6 ม.ค.59 1 ซอง\r\nการแก้ไข้เบื้องต้น ตรวจเช็คสงคืนห้องยา\r\nข้อเสนอแนะ  การเช็คยาควรตรวจเช็ควัน Exp ด้วย',4,30,1,NULL,NULL,2,'1. กำหนดให้จัดเรียงยาตาม FI FO\r\n2. ให้เจ้าหน้าที่แต่ละหน่วยงานตรวจสอบอายุยา \r\n3. จนท.ฝ่ายเภสัช ออกไปตรวจสอบอายุยาทุก 3 เดิอน',2,'','null','hqsb-z8T5DZe2PgqiOcKez'),(887,1,'','','','',3,2,3,'2016-02-10 10:30:00','2016-02-11 06:35:00','จัดยาคืนไม่ครบ ยากินไม่หนีบมาให้ ทำให้ไม่สามารถทราบว่าจัดมาให้หรือเปล่า pred 5 ขาด 1 ซอง terbutaline  ขาด 1:ซอง  mydocalm ขาด 5 ซอง  drotavarine ขาด 3 :ซอง\r\nการแก้ไข้เบื้องต้น ตรวจเช็คยาตามจำนวน เขียนเบิกยาเพิ่ม\r\nข้อเสนอแนะ - นับยา+จัดยาเสร็จ ควรหนีบไว้ตามแนวทางที่ตกลง',4,29,1,NULL,NULL,2,'ทบทวนแล้วพบว่า ยาบางชนิดขนาดซองไม่เท่ากัน ทำให้บางครั้งหนีบได้ บางครั้งหนีบไม่ได้ จึงทำข้อตกลงจากห้องยาโดย\r\n1.ให้ตรวจสอบยาทุกช่อง\r\n2.กรณีจัดยาคืนครบให้หนีบ หรือมัดให้เรียบร้อย\r\n3.จัดยากรณียาเม็ด ใช้ซอง 7*10 ยาแผงใช้ 8*12',2,'','null','ycIavC6_m6ApdDifF-3LID'),(888,1,'0025445','นาย','บัวลี','สอนวะดี',3,8,3,'2016-02-07 11:25:00','2016-02-08 16:25:00','แพทย์สั่ง Chorazepate 5 mg จ่าย Clonazepam 0.5',1,1,3,NULL,NULL,2,'ห้องยาคีย์ไม่ถูกต้อง พยาบาลที่อยู่เวรไม่ได้ตรวจสอบกับ Order ซ้ำ ทำให้ผู้ป่วยได้รับยาไม่ถูกต้องตาม Order แพทย์',1,'','null','jaxBwNNH_uhmcSxkWUnL-o'),(889,1,'0010932','นาย','ฝน','อินทะปัญญา',3,8,3,'2016-02-07 11:10:00','2016-02-08 16:25:00','แพทย์สั่ง E20 จ่าย E5',1,1,3,NULL,NULL,2,'ห้องยาคีย์ไม่ถูกต้อง พยาบาลที่อยู่เวรไม่ได้ตรวจสอบกับ Order ซ้ำ ทำให้ผู้ป่วยได้รับยาไม่ถูกต้องตาม Order แพทย์',1,'','null','ylhg-VX50JDU_5y_61dG8l'),(890,1,'27869','นาง','หนูลี','ศรีวิชา',27,2,27,'2016-01-23 08:25:00','2016-02-23 09:00:00','ผู้ป่วยDM HT มานอนรพ.12-15ก.ค.58 ด้วยHypoglycemia แพทย์ให้off ยาเบาหวาน แต่ให้ยาHT DLD เหมือนเดิม แต่ผู้ป่วยบอกไม่ได้ยา DM HT DLD , ไม่ได้ทานยาเดิม แล้วหลังจากนั้นแพทย์นัด 29/7/58\r\nดูอาการ แพทย์เขียนในใบเรื้อรัง DM off ยา ,คุมอาหาร ส่วนช่องHT DLD แพทย์เขียน RM แต่ไม่ได้สั่งยาในOPD Card  ผู้ป่วยไม่ได้ยาHT DLD และต่อมามีนัดที่คลินิกDM  และก็ไม่ได้ยาDM HT DLD อีกเลย  จนมาวันที่ 23/01/59 มาด้วยอาการลิ้นแข็ง พูดไม่ชัด แพทย์ส่งต่อรพท.เลย ด้วย Stroke ( ติดตามCase นอนรพ.เลย)',2,17,5,NULL,NULL,1,'',1,'','null','mJ-SX5cwD8_6InSYcupAMH'),(891,1,'','','','',3,2,3,'2016-01-22 09:00:00','2016-01-25 08:00:00','เจ้าหน้าที่ห้องยาจัดยา sulbutamol susp ขวดยาชื่อ  sulbutamol susp แต่ติดสติกเกอร์ชื่อยาเป็น simethicone susp\r\nแก้ไข้เบื้องต้นโดย  นำไปให้ห้องยาติดสติกเกอร์ใหม่\r\nข้อเสนอแนะ  ก่อนติดสติกเกอร์ยาควรอ่านชื่อยาด้วยทุกครั้ง',4,33,1,NULL,NULL,2,'กำชับให้ จพ.เภสัชกรรม ตรวจสอบให้ถูกต้องก่อนส่งยาทุกครั้ง',2,'','null','xX1rYL_D7yfMKha4r8dlyd'),(892,3,'','','','',3,2,3,'2016-01-19 20:00:00','2016-01-25 08:00:00','การคืนยา เวชภัณท์ มีcase admit ตั้งแต่ 11.00 น.ในช่วงเวรเช้า แต่เจ้าหน้าที่ห้องยาจัดยาคืน ER เวลา 20.00 น.ซึ่งเป็นเวรบ่าย\r\nแก้ไขเบื้องต้นโดย ตรวจยา เวชภัณท์ที่ห้องยาคืนให้ตรงกับใบเบิก\r\nข้อเสนอแนะ ควรมีการจัดยา เวชภัณท์คืนในแต่ละเวร เพื่อจะได้ตรวจการคืนยาได้ถูกต้องและจะได้เบิกยาหรือเวชภัณท์ที่ไม่ครบได้ หากส่งในช่วงห้องยาปิดจะทำให้ไม่สามารถเบิกของส่วนที่ขาดคืนได้ ทำให้ของเวรบ่าย-ดึกไม่พอใช้',4,29,2,NULL,NULL,2,'ได้ประชุมกำกับให้จัดคืนยาฉีดก่อน ส่วนยาอื่น ๆ ส่งคืนภายใน 15.00 น.',2,'','null','SAZIdeHZqF7faz1vr5iuAc'),(893,1,'5601230','นาง','เวียง','มาผิว',27,2,27,'2016-01-18 10:00:00','2016-01-18 16:00:00','ผู้ป่วย DM, HT,DLD นอนโรงพยาบาลด้วย Hypoglycemia เมื่อออกรพ. วันที่ 19/11/2558 แพทย์ให้ off ยา DM นอกนั้นทานยาเดิม แต่ห้องยาได้ off ยา DM และ ยา HT, DLD ด้วย หลังจากนั้น วันที่ 30/11/2558 ผู้ป่วยมีนัดคลีนิกเบาหวาน ก็ยังไม่ได้สั่งยาให้ใหม่ แต่เนื่องจากผู้ป่วยยังคงทานยาเดิมที่เหลืออยู่ BP จึงไม่สูง วันนี้มาด้วยยาหมด มาขอรับยาเดิม BP 201/110 mmHg แพทย์ได้ให้ captopril 2 tab oral นอนพักที่ ER ',2,17,5,NULL,NULL,2,'พบคำสั่ง D/C ไม่ชัดเจน ทำให้ฝ่ายเภสัชกรรมเข้าใจคลาดเคลื่อน ทบทวนแล้วให้ปรับระบบ Med reconcil ในฝ่ายเภสัชกรรม โดย\r\n1.เมื่อ Admit หากมียาเดิมให้ลอกยาเดิมไว้ในใบเขียว เพื่อให้แพทย์ทบทวนยาเดิมก่อน D/C\r\n2.กรณีผู้ป่วยนำยาเดิมมาทีหลังให้เภสัชกรที่เข้าไป Addchart ที่ IPD นำยาเดิมมาเขียนไว้ทั้งหมด\r\n3.หากพบ Order ไม่ชัดเจนให้ Consult แพทย์ทุกครั้ง',1,'','null','NwkKGi9SjvH_kztFth_gCX'),(894,1,'51488','นาง','แปลง','พลหอม',1,3,1,'2016-01-18 09:45:00','2016-03-18 15:45:00','นัด 70 วัน สั่งยาเรื้อรังอื่น  70 วัน แต่สั่ง warfarin 60 วัน pt ขาดยา 10 วัน  inr 1 ',3,23,4,NULL,NULL,1,'',1,'','null','3H8GnhaLPoAPiWJUxC7UgY'),(895,1,'25289','นาย','อุทิตย์','พลหอม',1,2,1,'2016-01-04 09:35:00','2016-04-01 20:35:00','4 ม.ค.59 ผู้ป่วยมาตรวจตามนัดเบาหวาน แพทย์สั่งยาใน HoxXP ฉีด NPH 30 U เช้า 10 U เย็น แต่เขียนในใบโรคเรื้อรังเป็น ฉีด NPH 20 U เช้า 10 U เย็น ผู้ป่วยรับทราบฉีดว่า  ฉีด NPH 30 U เช้า 10 U เย็น พยาบาลฉีด  ฉีด NPH 30 U เช้า 10 U เย็น 31 มี.ค.59 พบว่าคำสั่งไม่ตรงกัน เป็นเวลา 1 เดือน ไม่พบอาการผิดปกติ DTX 130 mg% สอบถามแพทย์ให้ฉีด  ฉีด NPH 30 U เช้า 10 U เย็น \r\nการแก้ไข้เบื้องต้นโดย แจ้งเจ้าหน้าที่ห้องฉุกเฉินให้รับทราบ และรายงานแพทย์ให้ปรับคำสั่งให้ตรงกันทั้งใน HoxXPและใบโรคเรื้อรัง',3,23,1,NULL,NULL,1,'',1,'','null','TitET05_erwBNgitKCCRHo'),(896,3,'','','','',3,2,3,'2016-01-03 16:30:00','2016-01-04 06:35:00','ขณะเก็บยาเข้าตู้เก็บยาห้องฉุกเฉินพบขวดยา Guaifenesin 100 mg แต่ห้องยาติดฉลากยาว่า พาราเซตามอล 120มก/5มล SYR.60ML \r\nการแก้ไข้เบื้องต้น แยกขวดยาออก รอส่งคืนห้องยา\r\nข้อเสนอแนะ ควรมีการ Double check เป็นอย่างดี',4,33,2,NULL,NULL,2,'ให้ จพ.ตรวจสอบยาก่อนส่งมอบยาให้ ER',1,'','null','N4tW7RnLfurQkbQjZNxbvV'),(897,1,'0007698','นาง','เติม','อุตส่าห์',3,8,3,'2016-01-02 10:10:00','2016-01-02 10:10:00','แพทย์ตรวจเยี่ยมอาการตอนเช้าสั่งให้ omeprazole 1x2 ,motilium 1x3,air-x 1x3 จึงให้ญาตินำแฟ้มไปรับยาที่ห้องยา แต่ห้องยาจัดยามาให้ไม่ครบ ลืมจ่าย omeprazole dose stat มาให้',2,13,2,NULL,NULL,2,'กำชับให้จัดยา stat dose ทุกครั้งเมื่อมี order ยาใหม่ ',1,'','null','W1idni5Cp8HBTHBG804Sjj'),(898,1,'11392','','','',3,2,3,'2015-12-28 14:00:00','2015-12-30 07:45:00','ผู้ป่วยหญิง แพทย์order ventolin 0.5 ; 3 NR x 2 dose ส่งไปรับยาที่ห้องยา sticker ยาให้มาพ่น ventolin 1;3 x 2 dose ซึ่งไม่ตรงกับ order แพทย์\r\nการแก้ไขเบื้องต้น ควรมีการตรวจสอบให้ดีก่อน\r\nข้อเสนอแนะ ตรวจสอบอีกรอบก่อนให้ผู้ป่วยมาพ่นยา',2,12,2,NULL,NULL,2,'1. ให้ผู้พิมพ์พิมพ์วิธีใช้ให้ถูกต้องตามแพทย์สั่ง\r\n2. ให้ผู้เช็คตรวจสอบวิธีใช้ให้ถูกต้องตามแพทย์สั่ง',1,'','null','b4AyplKUb05Up6pTW0pM1g'),(899,1,'0024132','นาย','เทา','ด้วงอ่อน',3,8,3,'2015-12-24 15:55:00','2015-12-24 15:55:00','ห้องยาลืมจ่าย Lasix (40) 1/2 tb x 1  dose stat และ dose pc เช้ามาให้ผู้ป่วยรับใหม่ ',2,13,2,NULL,NULL,2,'กำหนดข้อตกลงร่วมกัน กรณี admit ใหม่ order OD ให้จัด stat ทุกครั้ง',1,'','null','85slIHJEz-3FDetfGSuKCJ'),(900,1,'','','','',3,2,3,'2015-12-23 21:00:00','2015-12-30 07:55:00','ซองยา simethicone 80 mg tab แต่ด้านในซองบรรจุ ranidine 150 mg tab \r\nแก้ไขเบื้องต้นโดย แยกออกส่งคืนห้องยา\r\nข้อเสนอแนะ ควรตรวจสอบซ้ำอีกรอบหลังจัดบรรจุยาใสลงในซองแล้ว',4,33,2,NULL,NULL,2,'ให้ใช้ซอง 8*12 จัดยาคืน ER เพื่อให้เห็นแผงยา',1,'ฝ่าบเภสัชกรรม 17 มีค.2559','null','22gwoyyxZnkiLRgEsNv8P4'),(901,5,'','','','',3,8,3,'2015-12-18 15:45:00','2016-01-18 15:45:00','Blood set ไม่ได้คุณภาพ ขณะให้เลือดทำให้เลือดเกิด clot บริเวณถุงกรองในกระเปราะส่วนบน และเกิดฟองอากาศจำนวนมากขึ้นใน set ทุกครั้ง ทำให้ต้องเปลี่ยน set ใหม่ และต้องปล่อยเลือดทิ้งไปจำนวนหนึ่ง ซึ่งเคยแจ้งแล้วแต่ยังไม่ได้รับการแก้ไข',4,30,3,NULL,NULL,1,'',2,'','null','Ds8LWTOVEyoLFe5hzdhUjP'),(902,5,'','','','',3,8,3,'2015-12-18 15:40:00','2016-01-18 15:40:00','ส่งกล่อง emergency เบิก diazepam ห้องยาจ่าย Furosemide ที่ติดสติ๊กเกอร์ยานี้ควรใช้อย่างระมัดระวังมาให้ ',4,29,2,NULL,NULL,2,'1. กำชับให้ดำเนินการตามแนวทาง HAD โดยเซ็นชื่อกำกับ 2 คน\r\n2. ให้ติดสติกเกอร์ ยานี้ควรใช้อย่างระวัง ในยา HAD ให้ครบถ้วน',2,'','null','8ljH1KJXoRYAhXOw9Bxmi3'),(903,1,'5500418','','','',3,8,3,'2015-12-16 10:05:00','2015-12-16 10:05:00','ผู้ป่วยน้ำหนัก 26 กิโลกรัม เภสัชกร key dose ยาผิด CPM syr. 1 ccx3, GG syr. 1ccx3, Para syr. 2.5 cc prn, sulbutamol syr. 1ccx3 ซึ่งไม่ตรงกับ Order แพทย์',2,12,2,NULL,NULL,2,'1. ให้เภสัชกรที่เข้าไป Addchart ทบทวน order กับการคีย์ยาย้อนหลังทุกวัน\r\n2. จัดให้เภสัชกรเข้าไปสุ่มเช็คยากับ order แพทย์ เป็นการ double check',1,'','null','O9Jc35HHEyE2fLu2vIi7G4'),(904,1,'5804951','','','',27,3,27,'2015-12-13 10:05:00','2015-12-10 14:15:00','ห้องคลอดส่งผู้ป่วย D/C ให้มารับยาเพิ่มก่อนกลับบ้าน ห้องยาไม่เห็นมีการเขียนสั่งยาเพิ่มเติม จึงโทรสอบถามห้องคลอด จึงทราบว่า ห้องคลอดส่งให้มารับยา Fer-in-sol 0.6ml OD ตามใบ standard orderที่ห้องคลอดจัดทำขึ้น แต่ดูไม่เป็นที่สังเกตเห็นorderยา\r\n*** เกิดเหตุการณ์ลักษณะนี้2ครั้งแล้ว\r\n\r\n*** ข้อเสนอะแนะ : ให้ห้องคลอดพิจารณาปรับเปลี่ยนแบบฟอร์มเวชระเบียนให้สังเกตุเห็นรายการยาได้ชัดเจนขึ้น',3,26,2,NULL,NULL,2,'ปรับแบบฟอร์ม Standing  Order ให้มีขนาดใหญ่และเห็นชัดเจนขึ้น',1,'กรรณิการ์ อุนา , ณัชชา จันทรัตน์ , ภัทราภรณ์ ผะดาวัลย์','null','4_4EXDWksZmlj6-LkKD_Kb'),(905,1,'5804977','','','',2,3,2,'2015-12-12 10:20:00','2015-12-12 12:00:00','ใบบันทึกการตรวจรักษาโรคใน OPD card มีรายการ การทำแผล ล้างแผล ไม่การสั่งยา แต่พบว่ามีการสั่งยาสั่งปริ้นท์ฉลากยาจกาERส่งมาที่ห้องยา4รายการ คือ AM, Ranitidine, Air-X,Domperidone  เมื่อโทรไปสอบถาม พบว่า เจ้าหน้าที่ ERคีย์สั่งยาในผู้ป่วยผิดคน\r\n\r\n** ทบทวนรายการสั่งจ่ายยา ให้ตรงกับโรค และผู้ป่วย ก่อนส่งมารับยาที่ห้องยา',3,21,2,NULL,NULL,2,'แจ้งในที่ประชุมER ให้ทบทวนการสั่งยาให้ถูกต้อง ก่อนส่งมารับยา',1,'จนท.ER','null','Lt5mWweYuWNSqUKIpkZ_9N'),(906,1,'0044588','นาง','ลอง','อุปนัน',3,8,3,'2015-12-07 11:30:00','2015-12-07 11:30:00','ส่ง chart ผู้ป่วย ชื่อนางลอง อุปนัน ไปรับยาที่ห้องยา แต่ห้องยาจัดมาให้ผิด และติดสติ๊กเกอร์ยาของนายเขื่อน คุณศรี ปนมากับยาของผู้ป่วย',2,12,2,NULL,NULL,2,'ให้ตรวจสอบเทียบกับ order ให้ครบถ้วน',1,'','null','Rl7uM_9BW2VadTW5SolIPk'),(907,1,'0025445','นาย','บัวลี','สอนวะดี',8,3,8,'2016-04-08 12:00:00','2016-04-12 13:55:00','มียามื้อเที่ยง เหลือมาในลิ้นชักยา (Muco, Tramaol) โดยไม่พบคำสั่ง off ยา\r\n',1,1,3,NULL,NULL,1,'',1,'','null','v_je-CUJTxgyw7RAAjSQb9'),(908,1,'0019572','นาง','ดอกจันทร์ ','ประสงค์',1,3,1,'2016-04-12 11:00:00','2016-04-12 14:00:00','นัด 35 วัน สั่งยา Atenolol 1x1 #20 tab ยาอื่น ๆ สั่ง 35 วัน',3,23,2,NULL,NULL,1,'',1,'','null','vXY5NibHa81AUA3QfKvy44'),(909,1,'','','','',1,3,1,'2016-04-12 10:00:00','2016-04-12 14:00:00','สั่ง Methyldopa 1x2 ในใบชมพู แต่ไม่คีย์สั่งในใบเรื้อรัง consult แพทย์ ให้ Off',3,26,2,NULL,NULL,1,'',1,'','null','RwW3g92aZexlwahIeC9KuO'),(910,1,'5405817','นาย','วิเนตร  ','บุญดี',8,3,8,'2016-04-16 11:35:00','2016-04-16 15:35:00','มียามื้อเที่ยงเหลือมาในลิ้นชัก (Ibuprofen 200 mg 2 tab) Order ตั้งแต่ 10/4/59)',1,1,3,NULL,NULL,1,'',1,'','null','JTRxz2FvmcCCGfasQCsSpm'),(911,1,'5803072','','สุนิสา','บุดดาคำ',2,3,2,'2016-04-16 08:45:00','2016-04-16 15:40:00','พยาบาลสั่งยาโดยใช้คำสั่ง ***ใช้ตามแพทย์สั่ง แล้วพิมพ์ฉลากเป็น 2cc tid pc',3,26,2,NULL,NULL,1,'',1,'','null','0M8W69Vd4ti01mHWjHPDzk'),(912,1,'0022196','','ธนกฤต','ดอนสามารถ',8,3,8,'2016-04-16 12:40:00','2016-04-16 15:40:00','ผู้ป่วย D/C แพทย์สั่งให้ Tamiflu syr กินต่อให้ครบ 5 วัน แต่ IPD ไม่คืนยาให้ผู้ป่วย ต้องให้ญาติกลับไปเอาที่ IPD',2,17,3,NULL,NULL,1,'',1,'','null','nC4E-OOHEIY5m_7dM9Iopw'),(913,1,'0034113','นาง','บัวทอง','ดวงปา',8,3,8,'2016-04-19 11:50:00','2016-04-19 13:50:00','มียาก่อนอาหารเที่ยงวันที่ 19 เมย 59 เหลือมา 1 ซอง (Domperidone 1 tab)',1,1,3,NULL,NULL,1,'',1,'','null','sPrA7OU1eUuE4q_6sObxQT'),(914,1,'44588','','','',3,2,3,'2015-12-05 15:45:00','2015-12-09 00:20:00','ผู้ป่วย K สูง 5.58 mmd/l แพทย์สั่ง kalimate ห้องยาแจ้งว่ายาหมด stock\r\nการแก้ไขเบื้องต้น  - แจ้งแพทย์และห้องยารับทราบ - Consult IPD บอกว่ามียาเหลือ 2 dose อีก 1 dose ไม่ได้\r\nข้อเสนอแนะ  ยาที่มีความจำเป็นในการแก้ปัญหาที่มีผลต่อชีวิตของผู้ป่วย ควรจัดระบบยาไม่ไห้ขาด stock',4,29,3,NULL,NULL,2,'ปรับโปรแกรมบริหารคลังยาให้แจ้งเตือนเมื่อยาหมด',1,'','null','HF3hjWV4WxoS6nxPs36hn4'),(915,1,'0040224','นาย','พงษ์ศักดิ์','อาจทอง',8,3,8,'2015-12-04 14:20:00','2015-12-04 14:20:00','แพทย์ D/C สั่งยาเดิม IPD ไม่คืนยาเดิมให้ผู้ป่วย พบมียาเดิมติดอยู่ในลิ้นชักรถยา(Bactrim 2*2 #120tab +folic 1*1#30t)',2,17,4,NULL,NULL,1,'',1,'','null','sVrb3PliyU3S4fRLKYkeo0'),(916,1,'0012140','นาง','สมเพศ','ทำทิพย์',3,8,3,'2015-12-03 10:20:00','2015-12-03 10:20:00','แพทย์สั่งให้ Amitrip (10) 1x2 ห้องยาจ่าย Amlodipine 1x2 มาให้ และพยาบาล ipd จ่ายยาให้ผู้ป่วยตามที่ห้องยาจัดมาให้',2,14,4,NULL,NULL,1,'',1,'','null','qbeu6TSmu0CLEzs9lKA4bB'),(917,1,'','','','',3,2,3,'2015-12-02 01:00:00','2015-12-02 08:00:00','พบ Ranidine tab ในซองยา stok ยาห้องฉุกเฉินไม่ครบจำนวน 10 tab ในซองยามีอยู่แค่ 4 tab\r\nการแก้ไข้เบื้องต้น  แยกออกและส่งคืนห้องยา\r\nข้อเสนอแนะ  ควรตรวจก่อนจัดเก็บเข้ารถยา',4,32,1,NULL,NULL,2,'1.ให้นำยาที่ ER จ่ายผู้ป่วยไปแล้วแยกต่างหาก\r\n2. ให้ใช้ซอง 8*12 จัดยาให้ ER เพื่อให้เห็นเม้ดยา+แผงยาได้ง่ายขึ้น',1,'ฝ่ายเภสัชกรรม 30 มี.ค.2559','null','F8srOhgcP59eDPQWK3X6MN'),(918,1,'46879','','','',3,2,3,'2015-11-30 11:20:00','2015-12-01 08:55:00','ห้องยาจ่าย dexa 4 mg iv ผู้ป่วยถือยามาฉีดที่ห้องฉุกเฉินตรวจพบปลาย Amp แตก ไม่พบน้ำยาอยู่ภายใน\r\nแก้ไข้เบื้ยงต้นโดย ส่งกลับไปรับยาใหม่ที่ห้องยา\r\nข้อเสนอแนะ ควรตรวจสอบ amp ยาก่อนส่งให้ผู้ป่วย',4,30,2,NULL,NULL,2,'ให้ตรวจสอบซ้ำ ทั้งคนเช็คและคนจ่าย ก่อนจ่ายยาทุกครั้ง',1,'ฝ่ายเภสัชกรรม 17 มีค.2559','null','J1-BmkQlDoM8dVC16f_qS_'),(919,1,'5411271','น.ส.','วารี','แสงขาว',3,2,3,'2015-11-11 11:55:00','2015-12-01 08:30:00','ผู้ป่วยมาด้วยอาการวิงเวียนศีรษะ แพทย์สั่งฉีด dimen 1 amp im แต่ซองยาที่ผู้ป่วยถือมาฉีดมีสติกเกอร์ติดมาใน 1 ซอง มี 2 ชื่อ และชื่อไม่ตรงกัน ',2,35,2,NULL,NULL,2,'1.ให้เภสัชกรตรวจสอบยากับ Order ให้ถูกต้องก่อนจ่ายยา \r\n2. ให้ผู้จ่ายยาตรวจสอบยากับคำสั่งให้ถูกต้องก่อนจ่ายยา\r\n3. ให้มีการเซ็นชื่อผู้เช็ค ผู้จ่ายในใบสั่งยาทุกราย',1,'ฝ่ายเภสัชกรรม 30 มีค.2559','null','GbD2EDoRp2-cg7YTsPja91'),(920,1,'5700014','','อัญญา','อธิสุมงคล',3,8,3,'2015-11-23 10:15:00','2015-11-23 10:15:00','แพทย์สั่งให้ Para syr. 1 ช้อนชา prn ทุก4-6 ชั่วโมง  แต่ห้องยาพิมพ์ใบยาเป็น Para(500) 1 เม็ด prn ทุก 4-6 ชั่วโมง',4,34,2,NULL,NULL,2,'1. ให้เภสัชกรที่เข้าไป addchart ทวนการคีย์ยาย้อนหลังให้ถูกต้อง\r\n2.ให้เภสัชกรเข้าไปสุ่มตรวจสอบระหว่าง order : ยาที่จัดให้ IPD เพื่อทวนความถูกต้องอีกครั้ง',1,'','null','CZ5NVPyegbXO7vkxdWMXFc'),(921,1,'18394','','','',3,2,3,'2015-11-22 16:00:00','2015-11-25 07:45:00','ผู้ป่วยฉีด para 300 mg ที่ห้องฉุกเฉิน , คีย์ para 300 mg im , ห้องยาเขียนจ่าย para 300 mg แต่จ่ายยา ranidine 50 mg \r\nแก้ไข้เบี้องต้น แจ้งห้องยารับทราบ เปลี่ยนเป็นยา para 300 mg',2,14,2,NULL,NULL,2,'เนื่องจาก amp ยาคล้ายกันให้ทำตามแนวทางดังนี้\r\n1.ให้ติดสติกเกอร์ Para เพื่อแยกให้ง่ายขึ้น\r\n2.ให้ใช้ซองขนาด 8*12 เพื่อให้เห็น amp ยา \r\n3.ให้ติดสตกเกอร์ยาชิดขอบบนของซอง เพือไม่ให้บัง amp ยา',2,'ฝ่ายเภสัชกรรมทบทวนประจำเช้าวันพฤหัส 17 มีค2559','null','dGN8zCRDZV2cJKI1w8q9k3'),(922,1,'0032642','นาย','เสกสรรค์','ภาหวัน',8,3,8,'2015-11-17 12:05:00','2015-12-04 16:05:00','ผู้ป่วย D/C 17/11/58 ไม่คืนยาเดิมให้ผู้ป่วย (Phenytoin 50 mg 2tQ8hr/48,)',2,17,3,NULL,NULL,1,'',1,'','null','S_l_eiMj6Dpoim08wq8I-o'),(923,1,'0038616','นาง','สวิตา','ดาบิ้ง',1,3,27,'2016-04-20 09:00:00','2016-04-20 14:40:00','ผู้ป่วยตั้งครรภ์ ได้รับยา Simvastatin ซึ่งเป็น cat X มา 2 ครั้ง หลังทราบว่าตั้งครรภ์\r\n',3,27,4,NULL,NULL,2,'ให้ฝ่ายเวชฯ เช็คตรงสถานะ \"กำลังตั้งครรภ์\" ให้เภสัชกรรมใส่ข้อมูล cat ต่าง ๆ ไว้ในข้อมูลยา เพื่อแจ้งเตือนแพทย์เมื่อสั่งยา',1,'','null','iX29LkswG4yOHvQVgmqxgw'),(924,1,'0031305','นาง','เล็ก','โพธิ์ศรี',3,3,3,'2016-04-20 11:45:00','2016-04-20 14:45:00','แพทย์สั่ง FF+Folic และให้กินยา DM HT เดิม ห้องยานำยาเดิมมาปรับให้ครบตามนัด แต่ลืมจ่ายยาใหม่ที่แพทย์สั่งเพิ่มไป',2,17,3,NULL,NULL,2,'1. กำชับให้ตรวจสอบข้อมูลก่อนจ่ายยาทุกครั้ง\r\n2. กรณีคนไข้ D/C ให้เภสัชกรเป็นคนจ่ายยา',1,'','null','wBCdD6pL2-vafm0IrERBYB'),(925,1,'0043183','นาย','เอกสัน','ละตา',2,3,2,'2016-04-22 13:15:00','2016-04-22 16:15:00',' order admit Omeprazole 80 mg IV แต่คีย์ยา 1 vial 40 mg IV',3,23,3,2,7,2,'แจ้งในการรับส่งเวร ให้ตรวจสอบข้อมูลให้ถูกต้อง หลังลงในHosXp',1,'สุชาดา อันติมา ปัทมาภรณ์  กรรณิการ์ เนตรนภา','null','0cyYI84ZdAyxDRAsAhEuC2'),(926,5,'','','','',3,3,3,'2016-04-16 09:15:00','2016-04-22 16:15:00','ตู้เย็นเสีย 16 เมย. ตรวจพบวันที่ 18 เมย ทำให้วัคซีนไข้หวัดใหญ่เสื่อมสภาพ 500 dose',4,30,3,NULL,NULL,2,'เกิดเหตุวันหยุด ทำให้ไม่ได้ตรวจสอบอุณหภูมิตู้เย็น ทบทวนในฝ่ายแล้วให้ดำเนินการดังนี้\r\n1. กำหนดให้มีเภสัช+ จพ ดูแลตู้เย็น คู่ละ 1 ตู้ ทั้งหมด 4 ตู้ และให้บันทึกอุณหภูมิวันละ 2 ครั้ง 08.30 และ 16.30\r\n2. กรณีวันหยุดให้คนที่อยู่เวรบันทึกอุณหภูมิวันละ 2 ครั้ง ทุกตู้\r\n3. ให้เภสัชกรรังสรรค์จัดทำแนวทางการจัดการติดหน้าตู้เย็น\r\n4. ให้จัดซื้อเครื่องวัดอุณหภูมิที่สามารถส่งข้อมูลแจ้งเตือนกรณีอุณหภูมิไม่อยู่ในเป้าหมาย',2,'ฝ่ายเภสัชกรรม 22/4/2559','null','1LDQoHMCnzPh4wM2pFklsR'),(927,1,'21598','นาย','จันทร์','ไมตรีสวัสดิ์',1,3,27,'2016-04-28 11:20:00','2016-04-28 12:20:00','ผู้ป่วย on NPH inj Gem admit ขณะ admit แพทย์ off NPH เมื่อ D/C แพทย์สั่ง \"ยาเดิมpt\" ห้องยาไม่แน่ใจว่าจะให้ยาเดิมทั้งหมด หรือให้งด NPH ไปก่อน จึง consult แพทย์ แททย์ off NPH',3,26,2,NULL,NULL,1,'',1,'','null','rHcRLW8DypJyE29DWBBPgI'),(928,1,'0070803','','รัชชานนท์','สุทธิสา',2,3,2,'2015-11-14 18:30:00','2015-12-15 14:55:00','ผู้ป่วย HN 0070803 ด.ช.รัชชานนท์ สุทธิสา ญาตินำกระดาษโน้ตที่พยาบาลเขียนว่า \"ให้ไปซื้อยาOseltamivir จากรร้านยา\" ทราบจากญาติว่า พยาบาลเป็นผู้แจ้ง โดยที่พยาบาลไม่ได้ทำการสสอบถามห้องยาก่อนว่ามียาหรือไม่ทั้งๆที่ยาดังกล่าวมีจำนวนเพัยงพอพร้อมให้บริการคนไข้\r\nการแก้ไขเบื้องต้น : แจ้งญาติให้กลับมารับยาที่ห้องยา\r\nข้อเสนอแนะ : ในกรณีที่ERไม่แน่ใจ ให้สอบถามจากห้องยาก่อนที่จะแจ้งผู้ป่วยให้ไปซื้อยานอก รพ. ซึ่งจะกระทบต่อผู้ป่วยโดยตรง\r\n*** ควรมีการทบทวนระบบการสื่อสารเกี่ยวกับการให้บริการร่วมกัน',2,17,3,NULL,NULL,2,'แจ้งในที่ประชุมER ถ้าสงสัยว่า ไม่มียาที่แพทย์สั่งในโรงพยาบาล ให้ประสานงานกับเภสัชกรก่อน ว่ารพ.มียาหรือไม่ ถ้าไม่มียา ให้แจ้งแพทย์ที่สั่งทราบ เพื่อดำเนินการต่อไป',1,'จนท.ER','null','8pXaB4XrXA6gUuE4m7PnFZ'),(929,1,'5503795','','สุริยา','พุทธะมาศ',3,8,3,'2015-11-14 17:30:00','2015-11-14 17:45:00','Case Epilepsy Admit เวลา 11.30 น.แพทย์สั่งให้Dilantin 1000mg. IV stat in 30 min then 100 mg IV ทุก 8 ชั่วโมง ถ้าผู้ป่วยชักมากกว่าหรือเท่ากับ 2ครั้ง แต่ห้องยาลืมจ่ายยามาให้ ซึ่งเวลา14.05น.ผู้ป่วยมีชักเกร็ง 1 ครั้ง เวลา17.15น. จึงโทรตามเจ้าหน้าที่ห้องยานำยามาให้ 2 vial (500mg) และโทรยืมที่ER มียา 1 vial ',2,17,2,NULL,NULL,2,'ให้มีการตรวจสอบข้อมูลก่อนจ่ายยาทุกครั้ง',1,'ฝ่ายเภสัชกรรม 17 มีค2559','null','jOzIcjG2G-NXjG07_GM0zB'),(930,1,'0046234','นาย','กระเช้า','พรมมาอ้วน',8,3,8,'2015-11-14 15:10:00','2015-12-04 15:10:00','ผู้ป่วย Refer 14/11/58 ไม่คืนยาเดิมให้ผู้ป่วย (ASA81mg 1x1/15, Clopidogrel 75 mg 1x1/20, Simvastatin10mg 1xhs/30, E5 0.5x1/10, Atenolol 50 mg 0.5x1/10, Doxazosin 2 mg 1xhs/20, Senokot 2xhs/40)',2,17,3,NULL,NULL,1,'',1,'','null','pJPJGKWEi7C41cA4o29gaS'),(931,1,'5601100','นาง','ยิ่ง','ศรีมงคล',3,3,7,'2015-11-12 09:05:00','2015-11-12 09:05:00','ผู้ป่วย arv ได้รับยาไม่ถึงนัด มาขอรับยาก่อนนัด จึงจัดเติมยาให้ครบถึงนัด',2,13,3,NULL,NULL,2,'สอบถามผู้ป่วยได้รับยา 2 ถุง นัด 3 เดือน ควรได้ยา 3 ถุง จึงกำชับให้มีการตรวจสอบก่อนจ่ายยาทุกครั้ง',1,'','null','LGEpU940NEjOXut7FMwZrw'),(932,1,'5412056','นาย','บุญเรียน ',' มูลงาม',8,3,8,'2015-11-09 12:50:00','2015-11-12 08:50:00','ผู้ป่วย Admit ตั้งแต่ 7 พย.58 ไม่พบการ ให้ยา Phenyltoin 100 mg tab 1*3 ตาม Order จนถึงวันที่ 9 พย.58',1,1,4,NULL,NULL,2,'ทบทวนวันที่ 12 พย 2558 ร่วมกับทีม RM แล้ว  พบว่าผป.รายนี้มา Admit ในเวรบ่ายแล้วไม่ได้เอา chart ไปให้ห้องยาในวันรุ่งขึ้น เอาแต่เอกสารใบ copy order ในวันปัจจุบันออกไปให้ห้องยา  ทำให้ห้องยาไม่เห็นคำสั่งแพทย์เดิมจึงไม่ได้จ่ายยามาให้  ผป.จึงไม่ได้รับยา  ทำความเข้าใจกับจนท แล้ว  ตามข้อตกลงให้เอา chart ไปให้ห้องยาด้วยถ้าผป. Admit นอกเวลาในเวรบ่ายดึก  เพื่อให้เภสัชได้ตรวจสอบจากคำสั่งแพทย์โดยตรง',1,'','null','BkUQGgbf-vR0hk3D7rx2Xk'),(933,1,'5409993','','พระสมจิตร','ทำมา',8,3,8,'2015-11-07 14:45:00','2015-12-04 14:45:00','D/C 14/11/58 ไม่คืนยาเดิมให้ผู้ป่วย (Amlo 5 mg 1x1/50,Atenolol50mg 0.5x2/70,ASA 81mg 1x1/110,Lasix40mg 1x1/120) ',2,17,3,NULL,NULL,1,'',1,'','null','aTzNC2BqBxaD5pv8Wxtl6t'),(934,1,'5412472','นาย','ตระกูล','บุตรโยจันโท',2,3,2,'2015-11-05 11:00:00','2015-11-06 11:00:00','คีย์สั่งยา Tramol inj. 0 amp. ทำให้ไม่เกิดค่ายา',3,23,3,NULL,NULL,2,'แจ้ง จนท.รับทราบ ลงข้อมูลให้ครบ ตรวจเช็ค ความถูกต้องทุกครั้งก่อนบันทึกข้อมูล',1,'','null','ZO6YYkHlRgYQvB-C9SnSTd'),(935,1,'5601237','นาย','เด็ด','กรมทอง',8,3,8,'2015-11-04 10:05:00','2015-11-05 12:05:00','มียา Glipizide 1 tab dose ก่อนอาหารเช้า ติดคืนมาในลิ้นชัก 111',1,1,3,NULL,NULL,2,'แจ้งพยาบาลทุกคนทราบแล้ว ให้ตรวจสอบความถูกต้องตามหลัก 6 R  และอยู่ระหว่างการปรับเปลี่ยนการดูแลเป็นแบบ Total case  ยังจำสับสนในผู้ป่วยที่รับผิดชอบ',1,'','null','2hfWwMckFMdb843Y4lRBLo'),(936,1,'0000314','นาง','ลครี','สารีสิงห์',8,3,8,'2015-11-04 12:05:00','2015-11-05 12:05:00','มียา CPM 1 tab dose หลังอาหารเที่ยง ติดคืนมาในลิ้นชัก 207',1,1,3,NULL,NULL,2,'เน้นให้ใช้หลัก 6 R อย่างเคร่งครัด  ในการให้ยาแก่ผู้ป่วย',1,'','null','iLegUgm6iMHER2FAUoX_rQ'),(937,1,'0002578','นาย','พิสิทธิเดช','ไชยะเดชะ',8,3,8,'2015-11-04 11:05:00','2015-11-05 12:05:00','มียา Muco Atarax GG dose หลังอาหารเที่ยง ติดคืนมาในลิ้นชัก VIP 104',1,1,3,NULL,NULL,2,'เน้นให้ใช้หลัก 6 R อย่างเคร่งครัด  ในการให้ยาแก่ผู้ป่วย',1,'','null','rMjGboQfXhKxjAZVPwz0d6'),(938,1,'0030090','นาย','ประดิษฐ์','โสภาพร',8,3,8,'2015-11-04 10:10:00','2015-11-05 12:10:00','มียา Diclox 1 tab dose ก่อนอาหารเที่ยง ติดคืนมาในลิ้นชัก 101',1,1,3,NULL,NULL,2,'เน้นให้ใช้หลัก 6 R อย่างเคร่งครัด  ในการให้ยาแก่ผู้ป่วย',1,'','null','yRm2SKTW8b86U1WTHb7YA0'),(939,1,'','นาย','สุรพงษ์','',8,3,8,'2015-11-04 12:10:00','2015-11-05 12:10:00','มียา Tolperisone 1 tab dose หลังาหารเที่ยง ติดคืนมาในลิ้นชัก VIP201',1,1,3,NULL,NULL,2,'เน้นให้ใช้หลัก 6 R อย่างเคร่งครัด  ในการให้ยาแก่ผู้ป่วย',1,'','null','qqu6fzzx0ETl_scKBJDRxq'),(940,1,'0045939','นาง','ถุ่น','หงษา',8,3,8,'2015-11-04 11:15:00','2015-11-05 16:15:00','มียา Tramadol 1 tab Tolperisone 1 tab FF 1 tab dose หลังอาหารเที่ยง ติดคืนมาในลิ้นชัก 120',1,1,3,NULL,NULL,2,'เน้นให้ใช้หลัก 6 R อย่างเคร่งครัด  ในการให้ยาแก่ผู้ป่วย',1,'','null','r34Zmyzif9hNdunLOHzj5A'),(941,1,'0001842','นาย','สมาน','โสภักดี',8,3,8,'2015-11-04 11:15:00','2015-11-05 16:15:00','มี Simethicone 1 tab dose หลังอาหารเที่ยง เหลือมาในลิ้นชัก 116',1,1,3,NULL,NULL,2,'เน้นให้ใช้หลัก 6 R อย่างเคร่งครัด  ในการให้ยาแก่ผู้ป่วย',1,'','null','SLSHjdPf80GKFIRwFMaJs0'),(942,1,'17279','นาง','ผ่าน','ยาที',3,2,2,'2015-11-03 13:40:00','2015-11-03 14:20:00','แพทย์สั่งฉีด Ranitidine 50 mg IV ซองยาเขียน  Ranitidine  แต่ยาในซองเป็น Diclofenac',2,14,3,NULL,NULL,2,'ให้ใช้ซองยาขนาด 8*12 และติดฉลากที่ขอบบน เพื่อให้เห็น amp.ยาทุกครั้ง',1,'','null','iG1oon67mQsA4xDaSogx5D'),(943,1,'5803429','','วาสนา','โคตรเพชร',1,3,7,'2015-11-03 10:25:00','2015-11-03 13:25:00','ผู้ป่วย 4.5 กิโลกรัม แพทย์สั่ง Para syr 4 cc PRN (96 mg) เกินขนาด Max dose ควรได้ <67 mg/dose',3,20,2,NULL,NULL,2,'แจ้งแพทย์ให้เพิ่มความระมัดระวังในการสั่งยา ',1,'','null','KHibrRs7NQY83E2UCZZS-U'),(944,1,'5804301','นาง','บำเพ็ญ','วังเหมือย',3,8,8,'2015-10-31 15:45:00','2015-10-31 15:45:00','แพทย์สั่งให้cefazolin 1 fm IV ทุก 6 ชั่วโมง ห้องยาจ่าย ceftazidine 2 fm IV ทุก 8 ชั่วโมง มาให้',2,14,2,NULL,NULL,2,'1. กรณีอยู่เวรนอกเวลา 2 คน ให้ช่วยกันตรวจเช็คยาและเซ็นชื่อกำกับก่อนจ่ายยา\r\n2. กรณีต้องมีการเปลี่ยนวิธีใช้ยาที่ตั้งไว้เป็นมาตรฐานให้ดู Order ซ้ำอีกครั้ง',2,'','null','nbCn6699rRG93heBoG6qUW'),(945,1,'5602346','น.ส.','นิตยา','สุเรียมมา',1,3,8,'2015-10-31 11:30:00','2015-10-31 16:30:00','แพทย์สั่ง Oflox 1x2 ไม่ระบุความแรง',3,26,2,NULL,NULL,1,'',1,'','null','ekQRAYHbDk17DFgBDYfNOc'),(946,1,'0030090','','','',3,8,8,'2015-10-30 15:55:00','2015-10-30 15:55:00','แพทย์ไม่ได้สั่งLasix 40 mg IV ทุก 6ชั่วโมง แต่ห้องยาจัดยาและพิมพ์ใบบันทึกการให้ยามาให้',2,14,2,NULL,NULL,2,'1.ให้ตรวจสอบชื่อผู้ป่วยก่อนพิมพ์ยาทุกครั้ง\r\n2. ให้ผู้ Addchart ตรวจสอบกับ Order ก่อนทุกครั้ง',2,'','null','OXhDJCSyOi6fOjTeJgQCW8'),(947,1,'5601012','นาย','สวน','ผิววัน',1,3,7,'2015-10-29 12:00:00','2015-10-29 16:40:00','แพทย์เขียนเพิ่มยา ASA 81 mg 1x1 ในใบเรื้อรัง แต่ไม่คีย์สั่งในใบสั่งยา',3,26,2,NULL,NULL,1,'',1,'','null','YYBWzBJggeKsbraLTrRZgD'),(948,1,'0022615','นาย','ปุ่น','แก้วสุฟอง',1,3,7,'2015-10-29 11:45:00','2015-10-29 16:45:00','แพทย์เปลี่ยนยา Gemfibrozil เป็น Simvastatin เขียนแต่ในใบเรื้อรัง แต่ไม่เขียนในใบสั่งยา',3,26,2,NULL,NULL,1,'',1,'','null','nzreEuQEaVW92_71OV50zG'),(949,1,'5804616','นาย','แหลม','สดด้วง',8,3,8,'2015-10-28 11:05:00','2015-12-04 15:05:00','ผู้ป่วย D/C 28/11/58 ไม่ได้คืนยาเดิม รพ.เลย ให้ผู้ป่วย (Spironolactone1x3/40, Morphine SR 10 mg 1tQ8hr/40,Morphine IR 10 mg 0.5 tabQ2hr/22, Senokot 2xhs/30)',2,17,3,NULL,NULL,1,'',1,'','null','cVDQ_yDg8L5WNsVJkbGE3j'),(950,3,'','','','',2,3,2,'2015-10-28 09:35:00','2015-10-28 09:40:00','ER มาเบิกยาคืนในเคสที่Admitเวรบ่ายและเวรดึก บอกว่าห้องยาไม่ได้คืนยา แต่ห้องยามีหลักฐานชัดเจนว่าจัดยาคืนแล้วตามใบสีชมพู(ก๊อปปี้)และเอกสารที่ปริ้นท์กำกับที่ส่งมากับหลังรถยา เมื่อพิจารณาดูพบว่า ER ติดสติกเกอร์foot noteชื่อผู้ป่วยผิดคน โดยติดสติกเกอร์ผู้ป่วยชื่อเดียวกันในใบชมพู2ใบ(ของผู้ป่วยคนละเคสกัน) เมื่อส่งมาเบิกยาคืน จึงทำให้ERได้ยาคืนไปเพียงเคสเดียว อีกเคสไม่ได้ยาไป\r\n\r\nข้อเสนอแนะ : ให้ERตรวจสอบ ชื่อ-สกุล ของคนไข้ในเอกสารแต่ละใบให้ถูกคน ก่อนนำมาเบิกยาคืน',4,29,2,NULL,NULL,2,'แจ้งในที่ประชุม เรื่องติดสติกเกอร์ชื่อเดียว ใน 2 แฟ้ม ทำให้ไม่ได้ยา \r\nในตรวจสอบการติดสติกเกอร์ในแฟ้มให้ถูกต้องก่อนส่งห้องยา เบิกยาคืน ER',1,'จนท.ER','null','b9YPzAhDlBk96HHjP05G7R'),(951,1,'5803373','นาง','คำฟอง','เวชกามา',1,3,7,'2015-10-28 10:50:00','2015-10-28 14:50:00','ผู้ป่วยชื่อคำฟอง เวชกามา แพทย์พิมพ์ใบสั่งยานางกมลรัตน์ ยะมงคล นางคำฟองมารอหน้าห้องยานานจึงสอบถามห้องยาและยืนยันว่ายื่นใบสั่งยาแล้ว แต่ค้นไม่พบ จึงพิมพ์ใบใหม่เพื่อจัดเก็บเงินก่อน',3,21,3,NULL,NULL,1,'',1,'','null','EDwskXWvkKHtzsKEA06rH9'),(952,1,'5504497','','ชโรธร','กันแม้น',1,3,7,'2015-10-27 10:30:00','2015-10-27 16:55:00','สั่งยาน้ำ วิธีใช้ทั้งแบบช้อนชา และแบบซีซี อาจเกิดความสับสนเวลาให้ยา',3,27,3,NULL,NULL,1,'',1,'','null','tItC0RYFj7gYGFHrM8EnRX'),(953,1,'0022041','นาย','สวัสดิ์','ผุยมาตร',1,3,8,'2015-10-27 11:55:00','2015-10-27 16:55:00','pt DM HT CKD Admit ด้วย Infection ไม่สั่งยาเดิมว่าจะให้กินต่อหรือ off ยา',3,26,3,NULL,NULL,1,'',1,'','null','rizs8mPueHIwpNJaUdU9bu'),(954,1,'0004503','นาย','ธีระชัย','พรมพิมพ์',1,3,8,'2015-10-26 11:45:00','2015-10-27 16:55:00','ขณะ Admit pt ได้ยา Enalapril 5 mg 1*1 NPH 40-0-10 เมื่อ D/C แพทย์ไม่ได้สั่งยาให้ผู้ป่วย',3,26,3,NULL,NULL,1,'',1,'','null','kKRhmfJMfMD-y93hDNtqDB'),(955,3,'','','','',3,2,2,'2015-10-25 11:00:00','2015-10-25 17:00:00','Amoxy (500) tab ไม่มีฉลากยาติด บรรจุอยู่ในซองเปล่า พบจำนวน 2 ซอง\r\nการแก้ไขเบื้องต้น เก็บยาแยกออกไว้เตรียมส่งคืนห้องยา\r\nข้อเสนอแนะ ควรตรวจเช็คสติ๊กเกอร์ยาให้ตรงกับยาก่อนบรรจุทุกครั้ง',4,29,2,NULL,NULL,2,'กำชับให้เจ้าพนักงานเภสัชกรรมตรวจสอบก่อนส่งยาให้ ER ทุกครั้ง',1,'','null','J8X2YT_jxtVJskoWZBjMEj'),(956,1,'966','','','',3,2,8,'2015-10-21 11:00:00','2015-10-21 17:00:00','ห้องยาให้ผู้ป่วยมาฉีด Cef -3 แต่ไม่มี ใบ Order แพทย์ มากับผู้ป่วย จีงให้ผู้ป่วยกลับไปเอาแฟ้มที่ห้องยา ห้องยา บอกว่าไม่มี ผู้ป่วยกลับมาบอกพยาบาล ER ให้ จนท.ไปค้นที่ห้องบัตร \r\nข้อเสนอแนะ ห้องยาควรเอา แฟ้ม Order แพทย์ ให้ ผู้ป่วยมายื่นฉีดยาที่ห้องยาทุกครั้ง เพื่อเป็นการตรวจทาน Order ว่ามีฉีดยาถูกต้องตาม Order แพทย์ ',2,13,3,NULL,NULL,2,'กำชับให้เจ้าหน้าที่แนบยากับ Order ทุกครั้ง',1,'','null','ynn_4ElpeaaUItjCtNUOpG'),(957,1,'5703499','นาง','มาย','มีมูล',8,3,8,'2015-10-20 11:10:00','2015-12-04 17:10:00','ผู้ป่วย D/C 20/10/58 ไม่คืนยาเดิมให้ผู้ป่วย (Theodur 200 mg 0.5xhs/40, Bromhexin 8 mg 1x3/270, cetirizine 10 mg 1x1/90, Salbu inh./2)',2,17,3,NULL,NULL,1,'',1,'','null','i7p4QxPYhSCKqHNhtYigdk'),(958,1,'25216','น.ส.','สุนิสา','สังฆะวงค์',3,2,7,'2015-10-20 10:10:00','2015-10-20 17:10:00','ผู้ป่วยนัดมาฟังผล Thyroid ครั้งต่อไปมีนัดเจาะ TFT ผู้ป่วยไปยื่นรับยาห้องยา ห้องยาปริ้นสติ๊กเกอร์ให้ มาฉีด TAT human 250 u ที่ ER พยาบาล ER อ่าน order ดู CC.ที่มาวันนี้ แปลกใจว่าผู้ป่วยทำไมต้องได้ฉีด TAT จึงโทรถามห้องยา เภสัชกร ไป consult แพทย์ พบว่าไม่มีการฉีด เป็น Order นัดมาเจาะ TFT ครั้งต่อไป\r\n ข้อ เสนอแนะ ห้องยาควรตรวจสอบ Order แพทย์ ให้ชัดเจน ก่อนส่งมาฉีดยา',2,14,3,NULL,NULL,2,'ลายมือแพทย์ไม่ชัดเจน ขอความร่วมมือให้เขียนให้ชัดเจน อ่านง่าย',1,'','null','B-vrWyv4U28nW_xlA1JuLK'),(959,1,'','น.ส.','คำพลอย','ไชยคีนี',8,3,8,'2015-09-01 10:30:00','2015-09-01 17:30:00','ผู้ป่วย refer รพ.เลย ไม่คืนยาเดิมให้ผู้ป่วย (ยาศูนย์หัวใจสิริกิตติ์ ASA81mg,Metoprolol,Orfarin,Lorsartan,Furosemide40mg,Senokort,Digoxin)',2,17,4,NULL,NULL,2,'ติดป้ายยาเดิมไว้ที่หน้า chart และล็อกยาผู้ป่วย  ตรวจสอบซ้ำก่อนจำหน่ายกลับบ้าน / refer',1,'','null','51OejUXzM_gTtF5OWlPh1W'),(960,1,'37364','นาง','สุมาลี','สั้นจันดา',3,2,2,'2015-10-20 11:35:00','2015-10-20 17:35:00','ผู้ป่วยมาตรวจ และฉีดยาที่ ER มีการติ๊กว่าฉีดยาที่ ER แล้ว แต่ห้องยา ให้ยาผู้ป่วยกลับ มาฉีดอีก เนื่องจากสอบถามญาติแล้วญาติแจ้งว่ายังไม่ได้ฉีด จึงส่งกลับไป\r\nแก้ไขโดยเก็บยาไว้ แจ้งผู้ป่วยและญาติว่าฉีดแล้ว',2,13,2,NULL,NULL,2,' ทบทวนให้ยึดจาก order เท่านั้น',1,'','null','WEcYYyHNjY7V4H1Y4aGx50'),(961,5,'','','','',3,2,2,'2015-10-15 11:35:00','2015-10-15 17:35:00','ยาชาหยอดตาหมด รพ. โทรสอบถาม เภสัชกร บอกว่าหมด  แจ้งแพทย์เวรรับทราบ',4,29,3,NULL,NULL,2,'ยืมยาจากโรงพยาบาลอื่นมาสำรองไว้',1,'','null','ioQt9SKpEUh9GRi9u9yCFq'),(962,3,'','','','',3,2,2,'2015-10-15 11:40:00','2015-10-15 17:40:00','พบยา GG tab อยู่ ในล็อคยา D2  จำนวน 1 ซอง\r\nแก้ไขโดย จัดเก็บใหม่ ให้ตรงกับ ล๊อค ยา\r\nข้อเสนอแนะ ควรเช็คยาก่อนเก็บทุกครั้ง',4,33,1,NULL,NULL,2,'ทบทวนพบยาหล่นจากลิ้นชักบนลงลิ้นชักล่าง แจ้งให้ใช้คลิปหนีบ หรือใช้ยางมัดไว้',1,'','null','fYvRN0Y7vasGvRlefgMQX3'),(963,3,'','','','',3,2,2,'2015-10-14 10:40:00','2015-10-14 17:40:00','มีผู้ป่วย Anaphylacsis  ใช้  Adrenaline 0.5 ml   เป็นยา ที่อยู่ใน Emergency  box  \r\nER ส่ง  Emergency  box  ไปเบิก แต่ห้องยา จ่าย Adrenaline 1 amp  มาให้ พร้อมยาเบิก ER\r\nแก้ไขโดยส่ง คืนห้องยา ',4,29,1,NULL,NULL,2,'ทบทวนพบมีความสับสนในการสำรองยาของห้องฉุกเฉิน เนื่องจากยาบางรายการมีการสำรองทั้งในกล่อง Emer บางรายการอยู่นอกกล่อง จึงให้นำเข้า PTC เพื่อทบทวนการสำรองยาต่อไป',1,'','null','VA4OZuU6NxemsvtMyLxwg9'),(964,1,'','นาง','คร','อินทะปัญญา',9,3,9,'2015-10-14 10:45:00','2015-10-27 17:45:00','ผู้ป่วยฝากครรภ์ รับยาจากฝ่ายเวชฯ จำนวนที่สั่งจ่ายตามฉลากเป็น 60 เม็ด แต่ผู้ป่วยไเ้รับยาเพียง 37 เม็ด เนื่องจากซองยาที่จ่ายให้ผู้ป่วยเป็นซองยาเศษที่จำนวนไม่ครบพรีแพ็ค ผู้ป้่วยรายนี้เป็นสิทธิ์ชำระเงินเองด้วย ทางห้องยาจึงจัดยาให้จนครบเต็มจำนวน\r\nข้อเสนอแนะ : ควรมีการตรวจสอบจำ',2,13,3,NULL,NULL,1,'',1,'','null','YNzHReJ5kqDsjo8qeBMorc'),(965,1,'5606373','','','',3,8,8,'2015-10-13 11:45:00','2015-10-13 17:45:00','แพทย์สั่งให้Amlodipine(5) 2x1 ห้องยาจัดยามาให้เป็นAmlodipine(5)1x2',2,16,2,NULL,NULL,2,'1. ให้เภสัชกรที่เข้าไป addchart ทวนการคีย์ยาย้อนหลังให้ถูกต้อง\r\n2.ให้เภสัชกรเข้าไปสุ่มตรวจสอบระหว่าง order : ยาที่จัดให้ IPD เพื่อทวนความถูกต้องอีกครั้ง',1,'ฝ่ายเภสัชกรรมทบทวนประจำเช้าวันพฤหัส 10 มีค2559','null','O0BhRYnwOp5Br12S-0UIlo'),(966,1,'0045622','','','',3,8,8,'2015-10-13 09:45:00','2015-10-13 17:45:00','แพทย์สั่งให้ AM 30ml x 3 หลังอาหาร คู่กับ Norflox (200) 2 tabx2  หลังอาหาร ควรมีแนวทางการจ่ายยาที่เป็นdrug interaction กันให้ชัดเจน หรือเภสัชกรควรพิจารณาวิธีการบริหารยาก่อนจ่ายยาให้ตึกผู้ป่วยใน',2,16,3,NULL,NULL,2,'1.กรณีพบคำสั่งยาที่เกิด Drug interaction .ให้ฝ่ายเภสัชกรรม เปลี่ยนแปลงวิธีใช้เพื่อหลีกเลี่ยง Drug interaction กรณีไม่สามารถแก้ไขได้ ให้ Consult แพทย์เพื่อพิจารณาต่อไป\r\n2.ให้ฝ่ายเภสัชกรรมกำหนดแจ้งเตือน Drug interaction ใน HOSxP เพื่อป้องกันการสั่งยา',1,'PTC','null','44bJK0jCW0AgCBZ6vK6lDT'),(967,1,'0014780','','','',3,8,8,'2015-10-12 15:05:00','2015-10-12 17:55:00','แพทย์สั่งให้ RND 50 mg IV ทุก 8 ชั่วโมง เภสัช off order แพทย์ และไม่ได้พิมพ์ใบบันทึกการให้ยามาให้ จึงทำให้ผู้ป่วยไม่ได้รับยาตามแพทย์สั่งในวันที่12/10/58 จำนวน 3 dose',2,17,3,NULL,NULL,2,'ให้คน Addchart ตรวจสอบ Order ให้ครบถ้วนทุกครั้ง',1,'ฝ่ายเภสัชกรรมทบทวนประจำเช้าวันพฤหัส 10 มีค2559','null','7yVbXPqtPmlb_O9nl8hyDK'),(968,1,'5603873','นาง','นิภาพร','บุญเทียม',8,10,8,'2015-10-12 12:00:00','2015-10-13 17:55:00','ผู้ป่วยหลังคลอด เวลา 21.00น. วัันที่ 11 ต.ค.58 มี tear Cx แพทย์ให้ Drip synto 20 U IV 120 cc/hr 24 ช.ม หลังคลอดย้ายเข้า IPD และนำยา LR ไปใช้ต่อที่ IPD วันต่อมา ผู้ป่วยไม่ได้ไปรับยาที่ห้องยา และไม่ได้รับประทานยา LR ไม่ได้รับยาคืน หลังทบทวนมีแนวทางแก้ไข ในเวลาราชการ ให้นำชาตมาให้ LR ตรวจเช๕ก่อนทุกครั้ง เพื่อนำยาคืน LR และเพื่อผู้ป่วยจะได้รับยาที่ห้องยาทุกราย',1,1,3,NULL,NULL,2,'ผู้ป่วยหลังคลอด เวลา 21.00น. วัันที่ 11 ต.ค.58 มี tear Cx แพทย์ให้ Drip synto 20 U IV 120 cc/hr 24 ช.ม หลังคลอดย้ายเข้า IPD และนำยา LR ไปใช้ต่อที่ IPD วันต่อมา ผู้ป่วยไม่ได้ไปรับยาที่ห้องยา และไม่ได้รับประทานยา LR ไม่ได้รับยาคืน หลังทบทวนมีแนวทางแก้ไข ในเวลาราชการ ให้นำ chart มาให้ LR ตรวจเช๕ก่อนทุกครั้ง เพื่อนำยาคืน LR และเพื่อผู้ป่วยจะได้รับยาที่ห้องยาทุกราย',1,'RM','null','9xQvxhVpgj0UI1NZtWvygX'),(969,1,'','','','',10,3,10,'2015-10-12 10:00:00','2015-10-27 18:00:00','มีการขอเบิกยาคืน stock โดยไม่มีแฟ้ม เนื่องจากยาขาด stock ',4,29,2,NULL,NULL,2,'ผู้ป่วยหลังคลอด เวลา 21.00น. วัันที่ 11 ต.ค.58 มี tear Cx แพทย์ให้ Drip synto 20 U IV 120 cc/hr 24 ช.ม หลังคลอดย้ายเข้า IPD และนำยา LR ไปใช้ต่อที่ IPD วันต่อมา ผู้ป่วยไม่ได้ไปรับยาที่ห้องยา และไม่ได้รับประทานยา LR ไม่ได้รับยาคืน หลังทบทวนมีแนวทางแก้ไข ในเวลาราชการ ให้ LR โทรประสาน IPD ให้นำชาตส่งที่ LRตรวจเชคก่อนทุกครั้ง เพื่อนำยาคืน LR และเพื่อให้ผู้ป่วยไปรับยาที่ห้องยาทุกราย',1,'','null','G2jcn9aGR0PAF_7v0iEpW-'),(970,1,'','','','',8,3,8,'2015-10-11 10:45:00','2015-10-11 15:45:00','IPDทำยา Tamiflu syrup ของผู้ป่วยหาย ซึ่งยานี้เป็นยาที่ห้องยาเตรียมให้รายเคส และตรวจสอบorderแพทย์แล้ว พบว่าห้องยาผสมยาและจ่ายไปตั่งแต่9/10/58ที่แพทย์สั่งยา\r\nจึงแก้ไขโดยการผสมยาให้ใหม่\r\n\r\nข้อเสนอแนะ : ให้ IPDมีการวางระบบการจัดเก็บ และส่งมอบยาคืนให้ผู้ป่วย ป้องกันยาสูญหาย',4,29,2,NULL,NULL,1,'',1,'','null','qMYYr-cTHVGfd5Khf_cDG3'),(971,3,'','','','',8,3,8,'2015-10-11 11:10:00','2015-10-27 18:10:00','ผู้ป่วยadmitเวรบ่ายเวรดึก แล้วตอนเช้า งานผู้ป่วยในส่งใบcopyมารับยาไม่ครบ (ไม่ส่งชาร์ตเหล็กมา) ทำให้ได้ยาไม่ครบตามorderแพทย์\r\nทั้งหมด 3 case\r\nข้อเสนอแนะ : เตคยตกลงระบบกันแล้ว ให้ยึดปฏิบัติตามข้อตกลง คือ ให้ส่งชาร์ตเหล็กออกมากรณีรับยาของผู้ป่วยแรกadmitในเวรบ่ายดึก',4,29,3,NULL,NULL,2,'สอบถามแล้วแจ้งว่าลืมเนื่องจากเป็นช่วงที่กำลังทำ Admit และ D /C พอดี  เน้นย้ำจนท.IPD แล้ว  ถ้าผู้ป่วยมา admitเวรบ่ายเวรดึก ให้ส่งชาร์ตเหล็กออกมารับยาด้วยในเวรเช้าวันต่อมา  เพื่อให้เภสัชฯ ได้ตรวจสอบคำสั่งการรักษาของแพทย์โดยตรง',1,'','null','GsMec74I0Zo4s_npOrTYyd'),(972,1,'25708','นาง','เลื่อม','คำพา',3,2,7,'2015-10-09 10:10:00','2015-10-15 18:10:00','9 ต.ค.58 ผู้ป่วยเป็นความดันโลหิตสูง และ เบาหวาน แพทย์สั่ง Glipizine 2-0-1 oral ac , Atenolol (50) 1/2  x 1 oral pc ห้องยาจ่าย Glipizine ใส่ซอง Atenolol ให้ผู้ป่วย กลับไปรับประทานที่บ้าน... วันที่ 15 ต.ค.58 เวลา 14.00 น.ผู้ป่วยมาด้วยอาการ วิงเวียนศีรษะ มึนงง ง่วง นอนตลอด ประมาณ 3 วันก่อนมา รพ. สัญญาณชีพแรกรับ T 36.6 C. P 72 /min R 18 /min BP 168/89 mmHg DTX 257 mg% \r\nการแก้ไข้เบื้องต้น  แจ้งห้องเภสัชรับทราบ ส่งเภสัชมาดูผู้ป่วย แพทย์ ฉีดยา Dimen 50 mg im stat สั่งยาให้ผู้ป่วยกลับประทานที่บ้าน นัด F/U 29 ต.ค.58 ',2,14,5,NULL,NULL,2,'ทบทวนแล้วพบอาจเกิดความคลาดเคลื่อนในช่วงเวลาเร่งด่วน ให้มีการ Double check ก่อนจ่ายยาทุกครั้ง',1,'','null','0rCfMaE0P0H2mUtJqpfaS7'),(973,1,'5302614','','ณฐพล','จันนาวรรณ',6,3,6,'2015-10-08 10:10:00','2015-10-08 18:10:00','สั่งยาน้อยเกินไป ผู้ป่วยเด็ก 16 กิโล สั่ง Amoxy syr 1 ชช*3(ควรให้ 2ชช*3) ',3,20,2,NULL,NULL,2,'แจ้งให้หมอทุกคนทราบ และคำนวณเรื่องการใช้ยา ',1,'','null','11p4i3EqqYGvRRSx_aPQAs'),(974,3,'','','','',3,2,7,'2015-10-10 11:15:00','2015-10-08 18:15:00','แพทย์ admit สั่งฉีด Dexa 8 mg IV stat พยาบาล key เบิกยาไป 2  amp  แต่ห้องยา จ่ายยา มา 1  amp',2,13,2,NULL,NULL,2,'เป็นความคลาดเคลื่อนจากบุคคล ให้มีการตรวจสอบซ้ำให้ครบถ้วน',1,'','null','OZLfsI2jRUHO-0J4JR7xZV'),(975,3,'','','','',2,3,2,'2015-10-07 10:20:00','2015-10-08 18:20:00','ERมาเบิกยาเพิ่มเวลา 16.15น. ซึ่งเลยเวลาที่ทำข้อตกลงกันไว้ คือ 15.30 น. ทำให้ห้องยาไม่มีเวลาจัดยาคืนให้\r\n\r\nข้อเสนอแนะ : ให้ERทำตามกฎกฏิตารที่ตกลงร่วมกัน เพื่อการทำงานอย่างเป็นระบบ',4,29,2,NULL,NULL,2,'แจ้งในที่ประชุม ให้จนท.ER ส่งเบิกยาER ก่อน 15.30 น.',1,'จนท.ER+Rx','null','vMMH3Ax1lOh4bd3dNxAris'),(976,1,'5601415','','','',3,2,2,'2015-10-06 10:25:00','2015-10-06 18:25:00','แพทย์สั่งให้ DZP 3mg IV prn แต่ห้องยาจัดgentamicin 80 mg มาให้ 1 amp',2,12,2,NULL,NULL,2,'กำกับ ให้ทำตามแนวทาง HAD โดยเซ็นชื่อ 2 คนก่อนจ่ายออกไป',1,'ฝ่ายเภสัชกรรม 30 มีค 2559','null','d1BiEOAZGwZ6zyoQ2GCJ4G'),(977,3,'','','','',3,2,2,'2015-10-05 10:25:00','2015-10-05 18:25:00','Amoxy syr. ติดสติกเกอร์ เป็น Para Syr.\r\nแก้ไข้ ส่งยาคืนห้องยา',4,33,2,NULL,NULL,2,'เนื่องจากไม่มีการตรวจสอบก่อนส่งรถยา จึงกำหนดให้ จพ.ตรวจเช็คยาก่อนส่ง ER',1,'','null','AK05aYBBQtJjS6GKm-vFVg'),(978,1,'0025561','นาง','จันหอม','ฟ้าสะเดื่อง',8,3,8,'2015-10-04 12:00:00','2015-10-04 15:00:00','ผู้ป่วย D/C 4/10/58 ไม่ได้คืนยาเดิมให้ผู้ป่วย(Glipizide5mg 2x2/280, Metformin500mg 2x3/420,Digoxin 0.25mg 0.5x1/30,Atenolol 50mg 2x1/120, ASA81mg 1x1/70, CaCO3 1x1/70, Amlodipine 5 mg 1x1/40,Omeprazole20mg 1x1/20)',2,17,3,NULL,NULL,1,'',1,'','null','pF8Ryrn9AMGyocbDJ6Wse3'),(979,1,'0042647','นาย','ต๋อง','ครองตรี',1,3,7,'2015-10-03 11:30:00','2015-10-27 18:30:00','แพทย์สั่ง Vit K 3 mg IV แต่คีย์คิดเงิน 1 amp',3,23,2,NULL,NULL,1,'',1,'','null','7LgmdIBrPy16wYbr-3oK1A'),(980,1,'5803902','นาง','ลาน','สีสมบัตร',1,3,2,'2015-10-03 11:35:00','2015-10-27 18:35:00','แพทย์ order Vit K 30 mg IV แต่คีย์ Vit K1mg/ml 1amp',3,23,2,NULL,NULL,1,'',1,'','null','45x8CTjYtvd8xGIH99kofb'),(981,1,'0004503','','','',3,8,8,'2015-09-29 16:30:00','2015-09-29 17:00:00','Case DM ll แพทย์สั่งให้ NPH 52-0-15 u แต่ห้องยาพิมพ์ใบบันทึกการให้ยามาเป็น 52-0-25 u พยาบาลIPD ฉีดยาตามใบบันทึกการให้ยา ทำให้ผู้ป่วยระดับน้ำตาลในเลือดต่ำ',2,13,4,NULL,NULL,2,'ให้ตรวจสอบให้ถูกต้องก่อนจ่ายยา',1,'ฝ่ายเภสัชกรรมทบทวนประจำเช้าวันพฤหัส 10 มีค2559','null','D26lxTyyXw2AMd8oPj0lUI'),(982,1,'0054493','นาย','จันทัน','คำแสน',1,3,7,'2015-09-29 10:35:00','2015-09-29 18:35:00','ผู้ป่วย D/C ได้ Amlo 1*2 Hydralazine 1*3 วันนี้มา F/U แพทย์ order เฉพาะ Amlo 1*1 (เป็นยาก่อน Admit)',3,20,2,NULL,NULL,1,'',1,'','null','4nCs3tpYccgapW3ZbSb-nU'),(983,1,'0039119','นาง','เคี่ยม','น้อยคำ',1,3,8,'2015-09-29 10:40:00','2015-09-29 18:40:00','ผู้ป่วย DM on ยา Glipizide1.5*1 + Metformin1*2 Admit ด้วย Hepatoma ขณะ Admit ไม่ได้ยา DM และไม่ได้ F/U FBS',3,18,3,NULL,NULL,1,'',1,'','null','uf0gGY7NIA7S5OyQyJ-Wj9'),(984,5,'','','','',3,2,2,'2015-09-22 10:45:00','2015-09-22 18:45:00','วัคซีน pcec  หมด รพ.  ห้องยาบอกยาจะมา ช่วงเย็น 16.30 น.\r\nแก้ไขโดย นัดผู้ป่วยให้กลับมาฉีดใหม่อีกครั้ง',4,29,3,NULL,NULL,2,'บริษัทของขาด เร่งให้มีการจัดส่งให้ทัน และเพิ่มข้อมูล minimum stock',1,'','null','8d1Lw5raZB1RptsfVJ3p1W'),(985,1,'5607695','น.ส.','แต้ง','สีประเสริฐ',8,3,8,'2015-09-21 11:45:00','2015-09-28 18:45:00','ผู้ป่วย Admit 17 กย 58 วันที่ 19 กย 58 มี Ibuprofen dose เที่ยงเหลือมา 1 dose',1,1,3,NULL,NULL,2,'ใช้การทำงานโดยยึดหลัก 6  R  และให้พยาบาลเจ้าของไข้ตรวจสอบซ้ำ',1,'','null','-wB49DEcP65041I6qGxdE3'),(986,1,'5601850 ','นาย','สกล','วงศ์ลา',3,8,8,'2015-09-18 10:45:00','2015-09-18 18:45:00','แพทย์ไม่ได้สั่งให้ Dexa 4 mg แต่ห้องยาจ่ายยามาให้ และพิมพ์ใบบันทึกการให้ยามาให้',2,14,2,NULL,NULL,2,'อาจเกิดจากการบันทึกข้อมูลผู้ป่วยผิดคน โดยไม่ได้ตรวจสอบ กำชับให้ตรวจสอบให้ละเอียดทุกครั้ง',1,'','null','HjZu7Q0iyeTrSk6wPIJZmt'),(987,1,'0013142','นาง','ทักษ์','บุญนาง',8,3,8,'2015-09-11 10:50:00','2015-09-11 18:50:00','ผู้ป่วย Admit 7/9/58 วันนี้(11/9/58) มียามื้อก่อนอาหารเย็นเหลือมา 1 ซอง',1,1,3,NULL,NULL,2,'ให้ใช้หลัก 6 R ทุกราย  มีการตรวจสอบซ้ำโดยพยาบาลเจ้าของไข้',1,'','null','Imfyq2aDLZd_N9ByyxHB0p'),(988,1,'43101','','','',3,8,8,'2015-09-10 10:50:00','2015-09-11 18:50:00','แพทย์สั่งให้ Cef-3 2 gm iv OD ห้องยาจ่ายยามาเป็น Cloxa 1 gm มาให้ 2 vial',2,14,2,NULL,NULL,2,'มีการวางยาไว้ใกล้กันและป้ายชื่อหลุดออก ให้แยกไว้ห่างกันและทำป้ายให้ชัดเจน',1,'','null','xfhsFnOqEhrByJIUdFoKKt'),(989,1,'56018500041609','นาย','พิบูลย์ ','ภูวิโคตร',8,3,8,'2015-09-03 11:55:00','2015-09-03 18:55:00','ผู้ป่วย Admit ตั้งแต่ 31/8/58 วันนี้ 3/9/58 มียา dose เที่ยง เหลือมาในรถยา AC 1 ซอง(Dom) PC 1 ซอง(Bco+Propanolol+Simethicone)',1,1,3,NULL,NULL,2,'ให้ใช้หลัก 6R ทุกราย ตรวจซ้ำโดยหน. เวร',1,'','null','k1XQMw4rQ0lolTdL1HFajt'),(990,1,'0043108','นาง','สิม  ','สุวรรณะ',8,3,8,'2015-09-03 11:55:00','2015-09-03 18:55:00','ผู้ป่วย Admit 2/9/58 วันนี้ 3/9/58 มียา dose เที่ยงคืนมาในลิ้นชักยา (FF+CaCO3)',1,1,3,NULL,NULL,2,'ให้ใช้หลัก 6 R ทุกราย  ให้ตรวจซ้ำโดยหน.เวร',1,'','null','cYPwlCsnV6NeaK5XrORX1f'),(991,1,'0003727','นาง','สุข ',' สีตื้อ',8,3,8,'2015-09-03 11:00:00','2015-09-03 19:00:00','ผู้ป่วย Admit 2/9/58  วันนี้ มียาติดคืนมาในลิ้นชัก 1 dose (GG+MUCO)',1,1,3,NULL,NULL,2,'ให้ใช้หลัก 6R ทุกราย  ให้ตรวจสอบซ้ำโดยหน.เวร',1,'','null','-Z5IBLiYqsjS4mra8WkCLF'),(992,1,'0011449','นาง','ลี  ','สิงห์สถิตย์',8,3,8,'2015-09-03 11:00:00','2015-09-03 19:00:00','ผู้ป่วย Admit 2/9/58 11.01 น.วันนี้ 3/9/58 เหลือยามาในลิ้นชัก 1 ซอง มื้อเที่ยง(Bicobon)',1,1,3,NULL,NULL,2,'ให้ใช้หลัก 6R ทุกราย  ตรวจซ้ำโดยพยาบาลเจ้าของไข้ / หน.เวร',1,'','null','UGV8uiOGht3rFeh3Om_zA_'),(993,1,'10402','นาย','สุกัน','วงศ์ลา',1,3,8,'2015-09-02 11:05:00','2015-09-02 19:05:00','สั่งยา Overdose ผู้ป่วย ClCr 25 ml/min สั่ง Fortum 2gmIVQ8hr (ควรให้ 2gmIV OD)',3,20,3,NULL,NULL,1,'',1,'','null','10r887HQ0oVJlM5gCQGyfo'),(994,1,'33214','','','',1,3,8,'2015-09-01 11:10:00','2015-10-01 19:10:00','ผู้ป่วยมียาเรื้อรัง D/C แพทย์ไม่สั่งว่าให้กินยาเดิมหรือ off',3,26,4,NULL,NULL,2,'ทบทวนระบบ Medreconcile ให้มีการเขียนยาเดิมผู้ป่วยในใบ Order และใบเขียวขณะ Admit',1,'','null','SUXgVlh9A9E5Uqk42G9J1x'),(995,1,'','นาย','ถื่น','มูลหล้า',8,3,8,'2015-09-01 11:10:00','2015-09-01 15:10:00','ผู้ป่วย Refer ไม่คืนยาเดิมผู้ป่วย(Glipizide,lorsartan,metformin,ASA81mg,Theodur,Simvas10mg,seretide inh,Ventolin inh.',2,17,4,NULL,NULL,2,'ติดป้ายยาเดิมไว้ที่ chart และ ล็อกยาผู้ป่วยเพื่อเตือนความจำ  ตรวจสอบซ้ำก่อนส่งมอบ',1,'','null','gP-QwNQ2N8iXNvP_hP2coy'),(996,1,'5803426','','ด.ช.บุตรนางสาวน้ำผึ้ง ','แสงสุริจัน',10,3,10,'2015-09-01 11:15:00','2015-09-01 15:15:00','ทารกคลอด แม่ ARV ให้ยาไม่ตรงตาม Guidline',1,1,4,NULL,NULL,2,'ทบทวนแล้ว พบแนวทางปฏิบัติไม่ชัดเจน \r\n1.ให้จัดทำแนวทางใหม่ให้เข้าใจง่ายขึ้น ติดไว้ที่ห้องคลอด\r\n2.ทำ Standing order ไว้\r\n3.กรณีมีเคสใกล้คลอดให้ OK ห้องคลอดทุกเคส',1,'','null','F2jnsXjOU_mmYkJGeLu1s2'),(997,1,'36312','','ชายแดน','ยามดี',3,8,8,'2015-08-31 11:15:00','2015-09-02 15:15:00','แพทย์ order Para syr 9 cc PRN ห้องยา key Para 500 mg ',2,15,2,NULL,NULL,2,'ให้เภสัชกรไปคีย์ยาในตึกเพื่อดู Order แพทย์ และนำใบชมพูมาเปรียบเทียบตอนจัดยา',1,'','null','eaZV_QCml6JLrEhhsOEqNa'),(998,1,'25960','นาย','สุริยา ','แสงจันทร์',2,3,2,'2015-08-27 11:20:00','2015-08-27 15:20:00','ผู้ป่วยมาตรวจรักษา แพทย์สั่งยาฉีด Diclofenac inj. 1Amp IM และ Cef3 2gm IV drip ติดต่อกัน 3 วัน ห้องยาจ่ายยาและให้ผู้ป่วยถือยาและแฟ้มไปฉีดที่ห้องฉุกเฉิน\r\nผู้ป่วยเดินกลับจากห้องฉุกเฉินมาสอบถามว่ายาที่เหลือในถุง (ยาฉีด Cef3 จำนวน3ชุด) เอาไปฉีดที่ไหนต่อ???\r\nห้องยาโทรติดต่อERและส่งผู้ป่วยกลับไปฉีดยาอีกครั้ง',1,1,3,NULL,NULL,2,'แจ้ง จนท. รับทราบ เน้นการตรวจเช็ค การเขียนใบนัด การอธิบายให้ผูป้วยรับทราบ',1,'','null','3rHRgvX0EFJhM4hsuJTg0O'),(999,1,'5601850','นาย','สกล','วงศ์ลา',3,8,8,'2015-08-18 11:30:00','2015-08-18 15:30:00','แพทย์ไม่ได้สั่งให้ Dexa แก่ผู้ป่วย แต่ห้องยาจ่ายยามาให้ และพิมพ์ใบบันทึกการให้ยามาให้',2,14,2,NULL,NULL,2,'Order dexa One day ห้องยาอาจตั้งเป็น Continue จึงทำให้มีข้อมูล Dexa เพิ่มมาตอน Addchart  ให้ตรวจสอบข้อมูลกับ Order แพทย์ทุกครั้ง',1,'','null','P9dtUFHq724J9tc6vogBFb'),(1000,1,'0023547','','','',3,8,8,'2015-08-18 11:30:00','2015-08-18 15:30:00','แพทย์สั่งให้ off cloxa แต่ห้องยายังจ่ายยามาให้ และพิมพ์ใบบันทึกการให้ยามาให้',2,14,2,NULL,NULL,2,'ให้เภสัชกรรับ Order จากชาร์ท และนำใบชมพูมาตรวจสอบก่อนจ่ายยา',1,'','null','90dRM-DtdIu3ygNnokue6y'),(1001,1,'5803252','นาย','ขาน','ศรีบุญเรือง',3,8,8,'2015-08-18 11:30:00','2015-08-18 15:30:00','แพทย์ให้ Bco 1x2 แต่ห้องยาจ่ายยาและพิมพ์ฉลากยามาให้ 1x3',2,13,2,NULL,NULL,2,'ให้เภสัชกรตรวจสอบข้อมูลให้ครบถ้วนก่อนจ่ายยา',1,'','null','213rarFAc5zoRojG6MVXsa'),(1002,1,'14850','','ศุภิสรา ','ถิ่นถาน',6,3,6,'2015-08-17 11:35:00','2015-08-17 15:35:00','ผู้ป่วยเด็กน้ำหนัก 19 กิโลกรัม สั่ง Amoxy syr 1 ช้อนชา*3 ',3,20,2,NULL,NULL,2,'รับทราบความผิดพลาด นำไปแจ้งในฝ่าย',1,'','null','Vh58WctuMqr64OmSoEFG7s'),(1003,1,'0025310','นาย','หนูพัน','มูลมิ่ง',8,3,8,'2015-08-16 11:35:00','2015-08-19 15:35:00','ผู้ป่วย D/C ไม่คืนยาเดิม รพ.เลยให้ผู้ป่วย (FF,Folic,Z-bec)',2,17,3,NULL,NULL,2,'ติดป้ายยาเดิมไว้ที่ chart และล็อกยาผู้ป่วย ตรวจสอบซ้ำก่อนจำหน่าย',1,'','null','Bf-nyBhiNAuEjHA1jQ76AE'),(1004,1,'','นาย','แกม','พาอ่อน',8,3,8,'2015-08-12 12:00:00','2015-08-19 16:00:00','ผู้ป่วยลาวขอกลับบ้าน ไม่คืนยาเดิมให้ผู้ป่วย (ยา รพ.เลย Hydralazine,sodamint,amlodipine,CaCO3)',2,17,4,NULL,NULL,2,'ให้ตรวจสอบความเรียบร้อยยาเดิมผู้ป่วย  ก่อนส่งมอบให้ผู้ป่วย',1,'','null','_8kgeKfbTELFYC9I5mIq_d'),(1005,1,'5600928','นาย','ทศ','ธรรมภา',3,8,8,'2015-08-11 13:10:00','2015-08-13 16:10:00','แพทย์ไม่ได้สั่งให้ยา Doxazosin 1xhs แต่ห้องยาจัดยามาให้ ',2,14,2,NULL,NULL,2,'ให้มีการตรวจสอบกับ chart ให้ครบถ้วน',1,'','null','OhhfGft59o3CZcRpTHNdh6'),(1006,1,'5803122','นาง','จันทา','',3,8,8,'2015-08-11 09:10:00','2015-08-11 16:10:00','แพทย์สั่งให้ clotrimazole อม 1x3 แต่ห้องยาพิมพ์ใบยา และจ่ายยามาให้ อมครั้งละ 1 เม็ด วันละ 5 ตรั้ง ห่างกันทุก 4 ชั่วโมง',2,13,2,NULL,NULL,2,'ให้ตรวจสอบข้อมูลก่อนจ่ายยาทุกครั้ง',1,'','null','iNCy1rB8aJH25cOPUpQUaJ'),(1007,1,'0027510','นาง','บุญยืน','เขียวทิพย์',3,8,8,'2015-08-07 09:45:00','2015-09-07 16:15:00','แพทย์สั่งให้ RND 50 mg iv ทุก 8 ชั่วโมง, Hydrocortisone 100 mg iv ทุก 8 ชั่วโมง เป็น Order one day ห้องยาไม่ได้พิมพ์ใบบันทึกการให้ยามาให้ IPD ',2,17,2,NULL,NULL,2,'ให้ตรวจสอบจาก Order แพทย์ก่อนทุกครั้ง',1,'','null','TXg_1T5f438AobzrX7-K3e'),(1008,1,'','นาย','ประศาสตร์','พะโยธร',8,3,8,'2015-08-07 13:15:00','2015-08-19 16:15:00','ผู้ป่วย D/C ไม่คืนยาเดิมให้ผู้ป่วย(ยาเดิม รพ.เลย I3R450Z2E2, Metformin,Glipizide,B6)',2,17,3,NULL,NULL,2,'  ติดป้ายยาเดิมไว้ที่ล็อกเกอร์ยาและหน้า chartเพื่อเตือนความจำ  ให้ตรวจสอบความเรียบร้อยและตรวจสอบยาเดิมที่เอามาจากบ้านก่อนส่งมอบ',1,'','null','xiO8RYyVP5yu71g7kYpdxb'),(1009,5,'','','','',3,2,2,'2015-08-07 09:15:00','2015-08-12 16:15:00','ห้องยาจ่าย set ฉีด cef-3  ไม่มี 0.9%NSS 100 ml แต่มี Alcohol 70% 60 ml มาอยู่ใน set\r\nแจ้งห้องยาทราบ ส่งไปเปลี่ยน ใหม่ที่ห้องยา',2,14,2,NULL,NULL,2,'ทบทวนพบมีว่าวันที่เกิดเหตุ ไม่ได้เตรียมยาชุด ceftri ไว้ จึงต้องเตรียมในช่วงเร่งด่วน ทำให้จัดยาผิดพลาด จึงให้มีผู้รับผิดชอบ เตรียมยาไว้ให้เพียงพอตามอัตราการใช้ยา',1,'','null','EecAcBLVWuOED6nP1SSe6P'),(1010,1,'5503256','','เชิดศักดิ์','ไชยพรม',3,8,8,'2015-08-04 09:25:00','2015-08-04 16:20:00','แพทย์สั่งให้ Motilium syr. 1 ช้อนชา tid ac ห้องยาจ่ายยา Motilium ชนิดเม็ดมาให้',2,15,2,NULL,NULL,2,'กำชับบุคลากรให้ตรวจสอบให้ถูกต้อง',1,'','null','lvNu1G0XDzO9ZxzMoaqUvy'),(1011,1,'5600928','นาย','ทศ','ธรรมภา',3,8,8,'2015-08-03 10:50:00','2015-08-03 13:50:00','แพทย์สั่งให้ Omeprazole 20 mg 1 เม็ด OD  ห้องยาพิมพ์ใบสั่งยามา 2 ขนาด เป็น Omeprazole 20 mg 1 เม็ด OD และ Omeprazole 20 mg 1 เม็ด bid และจ่ายยามาให้เป็น Omeprazole 20 mg 1 เม็ด bid จึงส่งยาและใบยากลับคืนไปให้ห้องยาตรวจสอบและจัดยาให้ถูกต้องตาม Order แพทย์',2,13,2,NULL,NULL,2,'กำชับให้ตรวจสอบความถูกต้องกับ Order แพทย์ก่อนจ่ายยา',1,'','null','TXm3U789nwzt5i8dSJnodr'),(1012,1,'5608899','','สุกฤษฏิ์วิวัฒน์','ประทุมคำ',3,8,8,'2015-08-02 13:25:00','2015-08-02 15:50:00','แพทย์สั่งให้ Dexa 2 mg iv ทุก 6 ชั่วโมง และ Ventolin (0.5 : 3) NB ทุก 6 ชั่วโมง ห้องยาพิมพ์ใบสั่งยาเป็น Dexa 8 mg iv ทุก 6 ชั่วโมง และไม่พิมพ์ Ventolin (0.5 : 3) NB ทุก 6 ชั่วโมง ',2,13,2,NULL,NULL,2,'กำชับให้ตรวจสอบความถูกต้องก่อนพิมพ์ใบให้ยา',1,'','null','Vfrdcv8q3Hn_RFbUjP0hBT'),(1013,1,'5607851','นาย','สุชาติ','ฉัตรทอง',3,8,8,'2015-08-02 09:30:00','2015-08-02 16:30:00','แพทย์สั่ง off Glipizide, Mixtard ตั้งแต่วันที่ 1 ส.ค. 58 เวลา 16.30 น. แต่ห้องยายังพิมพ์ใบสั่งยาและจัดยามาให้',2,14,2,NULL,NULL,2,'ให้ตรวจสอบจาก Order แพทย์ก่อนทุกครั้ง',1,'','null','DmCDNAawFcIZuR8IbGAfbe'),(1014,5,'','','','',3,2,2,'2015-07-29 10:50:00','2015-07-29 17:55:00','ยาน้ำ Amoxy ติดสติกเกอร์ข้างขวดเป็นยาหยอดตา\r\nแก้ไขโดยส่งคืนห้องยา แจ้งให้ห้องยาทราบ',4,33,2,NULL,NULL,2,'คืนยา ER โดยไม่ได้ตรวจสอบซ้ำ ให้มีการตรวจสอบซ้ำก่อนส่งยา',1,'','null','uQfxlyr9kUYM9WVR-YzmW0'),(1015,1,'5700155','','อุษณีย์','สีแสงรัตน์',2,3,2,'2015-07-22 14:00:00','2015-07-25 18:00:00','ผู้ป่วยadmitจาก ER เวลา19.50น. ในใบorderยาไม่มีคำสั่งใช้ยา Hyoscine inj. แต่พบว่ามีการkeyข้อมูลสั่งใช้ยาในระบบadmit\r\nเกิดปัญหาเรื่องการจัดยาคืน ER และการcompleteค่าใช้จ่าย',4,29,2,NULL,NULL,2,'แจ้ง จนท.เน้นการเช็ค order แพทย์ และการkeyข้อมูลสั่งใช้ยาในระบบ HosxP ให้ตรงกัน',1,'','null','a7YTz-rihzFxCxiiITzp5d'),(1016,1,'5305453','','','',8,3,8,'2015-07-21 10:00:00','2015-07-21 18:00:00','จัดยา13.10 น.พบยา ISDN 10 mg มื้อเที่ยง เหลือในซองยากลับมา',1,1,3,NULL,NULL,2,'แจ้งจนท. ให้ใช้หลัก 6 R ในการให้ยาทุกครั้ง  ',1,'','null','rBDvfVbwMau248U1NyWr2H'),(1017,5,'','','','',3,2,3,'2015-07-20 10:00:00','2015-07-20 18:00:00','ยาในซองเป็น Mydocalm แต่ ติดซองยาเป็น Dom. จนท.จ่ายให้ผู้ป่วยกลับบ้าน แต่ผู้ป่วยไม่ทันกิน เพราะกลับมา รพ.ใหม่อีกครั้งเนื่องจากอาการไม่ทุเลา\r\nเก็บยาคืนจากผู้ป่วย  ',2,14,3,NULL,NULL,2,'เนื่องจากแผงยาคล้ายกัน ให้ใช้ซองสีฟ้าสำหรับ Domperidone ส่วน Tolperisone ใช้ซองใส เพื่อให้เห็นแผงยา และให้มีการตรวจสอบก่อนส่งมอบยาโดย จพ.เภสัชกรรม',1,'','null','T4N_IZ-01_xvo-z05oEcli'),(1018,1,'','','','',3,8,8,'2015-07-19 10:05:00','2015-07-19 18:05:00','แพทย์สั่งให้Omprazole 1x1 ห้องยา จ่ายยามาให้เป็น 1x2 และพิมพ์ใบบันทึกการให้ยาเป็น 1x2  ',2,13,2,NULL,NULL,2,'กำชับให้มีการตรวจสอบให้ถุกต้อง',1,'','null','YUZJUlrKyfth3mnpTuSNMH'),(1019,1,'5411850','น.ส.','ฉวีวรรณ','เศษเหลือ',3,8,8,'2015-07-16 11:10:00','2015-07-19 18:10:00','แพทย์สั่งให้ceftazidime 2gm iv q 8 hr. ห้องยาจัดยามาให้ผิดชนิดและผิดจำนวน จ่าย ceftazedin มาให้ 1 vial และจ่าย PGS  5 mu มาให้ 1 vial ',2,14,2,NULL,NULL,2,'ทบทวนพบมีการคืนยาใส่ผิดช่อง จึงกำหนดให้ยา Ceftazidime ไม่ต้องดึงออกจากกล่องใส ให้หยิบจากกล่องมันเลย',1,'','null','K_7gy43uqHbHyK7Afxhlv8'),(1020,1,'','','','',3,8,8,'2015-08-15 10:15:00','2015-07-15 18:15:00','Pen G inj. จัด streptomycin inj.ปนมา(vial คล้ายกัน) ',2,14,2,NULL,NULL,2,'เนื่องจากยาคล้ายกัน ให้แยกเก็บ streptomycin ไว้ substock แล้วเบิกใช้เป็นครั้ง ๆ เนื่องจากใช้น้อย ไม่ต้องสำรองไว้หน้าห้อง',1,'','null','fX1InvEejCZ9m9eZyRBFL6'),(1021,1,'5301131','','','',2,3,2,'2015-07-15 15:10:00','2015-07-15 18:15:00','แพทย์สั่ง  Domperidone แต่จ่าย tolperisone tab(แผงยาคล้ายกัน)',2,14,3,NULL,NULL,2,'ทบทวนแล้วเนื่องจากแผงยาคล้ายกัน ทดลองเปลี่ยนยา AC ใส่ซองสีฟ้า',1,'','null','6iaI-hnXaM9H1tW7Mu-pbr'),(1022,5,'','','','',3,2,2,'2015-07-10 10:30:00','2015-07-10 18:20:00','ซองยา Amoxy (250) ยาในซองเป็น Amoxy (500)',4,31,2,NULL,NULL,2,'ให้มีการตรวจสอบก่อนส่งมอบยาทุกครั้ง',1,'','null','-T9GALXSdSe1S39rRGRAy9'),(1023,3,'','','','',8,3,8,'2015-07-09 10:30:00','2015-07-25 18:20:00','ช่วงบ่ายวันที่ 9กค58 งานผู้ป่วยในมาเบิกยา เซรุ่มงูกะปะ ทางเจ้าหน้าที่ห้องยาได้จัดยาเซรุ่มงูกะปะ แช่ในกระติกน้ำแข็งและใส่ice pack เพื่อรักษาอุณหภูมิระหว่างนำส่งยา แต่พบว่าในวันถัดมา (10กค58) พบเซรุ่มงูกะปะจำนวน3กล่องใส่กระติกน้ำแข็งกลับมาพร้อมรถยาและกระติกไม่คงความเย็นแล้ว\r\nตรวจสอบพบว่า เจ้าหน้าที่IPD ไม่เก็บยาเซรุ่มงูกะปะเข้าตู้เย็นหลังจากมารับยาไป\r\nความเสี่ยงคือ ยาเสื่อมสภาพ????',4,29,4,NULL,NULL,2,'สอบถามจนท.ในเวรแจ้งว่าเซรุ่มงูกะปะเบิกมาจาก ER และได้ติ๊กเขียนคืนให้ ER ไว้ที่ใบ Order แล้ว  จึงเข้าใจว่าห้องยาได้คืนให้ ER แล้ว  เมื่อรถยามาส่งคนนำส่งรถยาไม่ได้แจ้งว่ามีเซรุ่มอยู่ในกะติกยาเอารถยามาส่งแล้วก็เดินกลับไป  โดยวางกะติกไว้บนหลังรถยา  ทางจนท.IPD ที่รับยาก็ไม่ได้ตรวจสอบซ้ำ  ทำให้ไม่ได้เก็บยา / คืนยาให้ER   ได้แจ้งให้พยาบาลที่เก็บยาตรวจสอบหลังรถยาให้ละเอียดว่ามีสิ่งใดที่เพิ่มขึ้นมาบนหลังรถยานอกเหนือจากยาและเวชภัณฑ์ประจำวันแล้วและเปิดดูด้วยสิ่งนั้นคืออะไร ',1,'','null','oJcmkDhlabIKHgTa1f5We6'),(1024,5,'','','','',3,2,2,'2015-07-08 14:25:00','2015-07-08 18:25:00','ติดซองยา Mydocalm  ในซองยาเป็น CPM',4,33,2,NULL,NULL,2,'ให้ จพ.ตรวจสอบก่อนจ่ายยาทุกครั้ง',1,'','null','8NFPVA8M98aep7PdacM2yN'),(1025,3,'','','','',3,2,2,'2015-06-02 10:25:00','2015-06-02 18:25:00','ยาในซองเป็น Norflox  แต่ติดสติกเกอร์เป็น metronidazole\r\nแจ้งห้องยา',4,33,2,NULL,NULL,2,'ให้มีการตรวจสอบก่อนจ่ายยาทุกครั้ง',1,'','null','n_KzK3wDeQfIKIp3c-0jlr'),(1026,1,'5801713','','','',2,3,2,'2015-05-28 14:30:00','2015-06-15 18:25:00','เขียนเบิก D n/3 order  D n/5',4,29,2,NULL,NULL,2,'แจ้ง จนท.รับทราบให้เช็ค order ให้ตรงกับการเขียนเบิก',1,'','null','OscGx-70qUWurDLMzijYeS'),(1027,1,'9509','นาย','ณัฐวี','อ้วนคำ',3,2,2,'2016-05-26 10:30:00','2015-05-28 18:30:00','แพทย์สั่งฉีด DCF ที่ ER จนท. ติ๊ก ว่า ER  แต่ห้องยาให้ยา ผู้ป่วยกลับมาฉีดอีก\r\nโทรแจ้งห้องยา',2,13,2,NULL,NULL,2,'ให้มีการตรวสอบซ้ำก่อนจ่ายยาทุกครั้ง',1,'','null','7gr8ijiOsjc1XW9zZnnQGp'),(1028,1,'5600940','','','',3,3,8,'2015-05-15 14:30:00','2015-05-15 18:30:00','แพทย์สั่ง simethicone1*3 ห้องยา key  phenytoin 1*3 pt ได้กิน 1 วัน(ลายมือไม่ชัดเจน)',2,14,4,NULL,NULL,2,'เกิดจากการ key จากใบ copy แก้โดยให้เภสัชกรไปรับ order ใน IPD',1,'','null','SlAxSPnAeKeVSeTiMnA0cq'),(1029,1,'0053639','','','',3,3,7,'2015-05-08 13:25:00','2015-05-08 18:35:00','จ่ายยาผิดคน ชื่อสมบูรณ์เหมือนกัน ไม่ได้ถามนามสกุล นำยาไปเปลี่ยนให้',2,35,3,NULL,NULL,2,'ให้ตรวจสอบชื่อสกุลให้ถูกต้องก่อนจ่ายยา',1,'','null','wRdcxWOs3GUpwjXDiSgm94'),(1030,1,'','','','',10,10,10,'2015-05-01 14:40:00','2015-05-01 18:40:00','แพทย์ Order ให้ Oxytocin 10 unit+5%DN/2 1,000 ml v drip rate start  40 cc/hrs titrate เจ้าหน้าที่ ให้ยา stsrt 20 cc/hrs  ทบทวนแนวทางปฏิบัติการใช้ Oxytocin ในหน่วยงานร่วมกับทบทวน  CPG การ Augmentation of labour การให้ยา Oxytocin เพื่อช่วยให้มดลูกหดรัดตัวดีขึ้น',1,5,3,NULL,NULL,2,'ทบทวนแนวทางปฏิบัติการใช้ Oxytocin ในหน่วยงานร่วมกับทบทวน  CPG การ Augmentation of labour การให้ยา Oxytocin เพื่อช่วยให้มดลูกหดรัดตัวดีขึ้น',1,'','null','yLAYC5eYYL9rU_IEPgnNQ5'),(1031,1,'5600834','','','',7,3,7,'2015-04-29 14:25:00','2015-04-08 18:40:00','pt HT ขาบวม มาแบบ paperless off amlo ไม่ได้ค้น OPD card มา off ยา',4,37,1,NULL,NULL,1,'',1,'','null','09UlWMcFpb798Y2VlZ6gL0'),(1032,3,'','','','',2,3,2,'2015-04-17 10:30:00','2015-04-17 18:55:00','ER มาเบิกยาคืนประจำวัน เวลา 17.00น. ซึ่งเป็นเวลาที่เจ้าหน้าที่ห้องยาขึ้นเวรบ่ายเหลือเพียง2คน\r\nตามข้อตกลงแล้ว ERต้องส่งเบิกยารอบสุดท้ายก่อน16.00น. ',4,29,3,NULL,NULL,2,'แจ้ง จนท.รับทราบ  ให้ส่งเบิกยา ก่อน 15.00 น. ของทุกวัน',2,'','null','LmcaYZzpV3TxxGf6efA_3l'),(1033,1,'0046302','','','',3,3,3,'2015-04-16 14:25:00','2015-04-16 19:40:00','Moduretic 90 จัด 30 เม็ด',4,32,2,NULL,NULL,2,'พบว่าจัดโดยดูจากเลขลำดับผู้ป่วย ไม่ได้ดูตามจำนวนเม็ด ประสาน IT เปลี่ยนตำแหน่งเลขลำดับใหม่',1,'','null','Ul6wdUjonoqhYLGCNYnrW7'),(1034,1,'5704274','','','',2,3,2,'2015-04-15 09:25:00','2015-04-15 19:00:00','สั่งยา Over dose pt 6mo BW 6kg order Simethicone 0.6ml*3 (dose <1 ปี 0.3ml*3)',3,20,2,NULL,NULL,2,'แจ้ง จนท. รับทราบ มีการทบทวนการสั่งยา',1,'','null','ZRAKLmNp3yc_A-Rtbizrpe'),(1035,1,'','','','',3,3,3,'2015-04-14 10:30:00','2015-04-14 19:05:00','ไม่เขียนวันหมดอายุบนกระป๋องยาเม็ด',4,30,1,NULL,NULL,2,'มอบหมายผู้รับผิดชอบตรวจสอบวันหมดอายุ และเปลี่ยนจากติดฉลากวันหมดอายุใต้กระป๋องมาไว้ที่ฝาแทน',1,'','null','6MLroPlc6jwRJVnpwFh7RS'),(1036,1,'0069584','','','',3,3,3,'2015-04-14 14:05:00','2015-04-14 19:05:00','Pioglitazone  จัด propanolol',4,33,2,NULL,NULL,2,'ชื่อคล้ายกัน กำชับให้ระวังเพิ่มขึ้น ',1,'','null','U25DjuiPJ-KFsTakw9Ui-B'),(1037,1,'5801521','','','',2,3,2,'2015-04-13 14:10:00','2015-04-13 19:10:00','สั่งยา Over dose -pt 1 mo Order Simethicone susp 3 cc*3PC',3,20,2,NULL,NULL,2,'แจ้ง จนท. รับทราบ มีการทบทวนการสั่งยา',1,'','null','W0Xf5Y782z3DzNmXSd6Ti6'),(1038,1,'0037901','','','',8,3,8,'2015-04-13 14:10:00','2015-04-13 17:30:00','Lasix 40 mg IV Q6hr เหลือยามา 1 dose',1,1,3,NULL,NULL,2,'เน้นให้ใช้หลั 6R ในการดูแล  ตรวจสอบซ้ำโดย หน เวร',1,'','null','BnoQ1_ukL0SBQ81SCKtznk'),(1039,1,'0036222','','','',8,3,8,'2015-04-13 14:20:00','2015-04-15 19:20:00','Order Ibuprofen 2*3 ตั้งแต่ 11/4/58 13/4/58 เหลือยามา 2 dose',1,1,3,NULL,NULL,2,'แจ้งเน้นการใช้หลัก 6R ในการดูแลผู้ป่วย  ตรวจสอบซ้ำโดยหน.เวร',1,'','null','4uMeOI6H5NfrGawwdqWKwq'),(1040,1,'5801514','','','',2,3,2,'2015-04-13 13:25:00','2015-04-14 19:20:00','Order ยา Over dose pt  7 ปี BW 29kg order dicloxa 250mg*4AC 1,000 mg/day(Dose 12.5-25mg/day Max dose 725 mg/day)',3,20,3,NULL,NULL,2,'แจ้ง จนท. รับทราบ มีการทบทวนการสั่งยา',1,'','null','OQAqUGepI2Y-paVJ70Y0yQ'),(1041,1,'','','','',3,3,3,'2015-04-13 09:20:00','2015-04-13 19:20:00','Terbutaline inj. วางปนกับ Hyoscine inj.(amp คล้ายกัน?)',4,33,2,NULL,NULL,2,'1.แจ้งจัดซื้อให้สั่งคนละบริษัท\r\n2.จัดวางให้ห่างกัน',1,'','null','AAdzL7qDshCGS3ODUe7QuN'),(1042,1,'5306209','','','',2,3,2,'2015-04-13 18:25:00','2015-04-14 19:25:00','สั่งยา Over dose Pt  9 ปี BW 20 kg สั่งยา Ranitidine 150 mg 1*2  Dose 4-8 mg/kg ควรได้ 80-160 mg/day',3,20,3,NULL,NULL,2,'แจ้ง จนท. รับทราบ มีการทบทวนการสั่งยา',1,'','null','ZYqsXgqL3V-cub9IguN3Sf'),(1043,1,'5407467','','','',23,3,23,'2015-04-13 10:30:00','2015-04-21 19:30:00','pt  HT (สั่งยา 96 วัน 100 วัน)',3,23,3,NULL,NULL,1,'',1,'','null','IDPtqxDkZeK0yLtzbf5U70'),(1044,1,'0015516','','','',1,3,7,'2015-04-10 11:05:00','2015-04-15 15:05:00',' แพทย์ key Gilpizide 2 ช้อนโต๊ะ',3,25,2,NULL,NULL,1,'',1,'','null','hQ5eLYE2-hiCEA77Q9anEX'),(1045,1,'5305878','','','',1,3,7,'2015-04-09 11:05:00','2015-04-15 15:05:00','แพทย์ key Clotri cr. เป็น Clotri อม',3,25,2,NULL,NULL,1,'',1,'','null','HeDIaEJwv4Q-GHMr74tQRz'),(1046,1,'','','','',3,3,3,'2015-04-08 10:05:00','2015-04-15 14:05:00','Omeprazole inj ของขาด',4,29,3,NULL,NULL,2,'บริษัทของขาด ปรับระบบโดยกำหนด Minimum stock ใหม่ให้ต่ำลง',1,'','null','kxtGe-5MN3wdrPBsmVfk2W'),(1047,1,'0017103','','','',3,3,3,'2015-04-08 10:10:00','2015-04-15 15:10:00','Metformin tab จัด? Dimen tab 1*3',4,33,2,NULL,NULL,2,'บุคลากรไม่เพียงพอ ผู้ป่วยจำนวนมาก ทำให้เกิดความสับสน',1,'','null','UWyM6vQpfzwWnfmLb6Pe6W'),(1048,1,'5701057','','','',3,3,8,'2015-04-08 11:10:00','2015-04-15 15:10:00','pt   1 ปี สั่งยาน้ำ key ยาเม็ด (ลายมือไม่ชัดเจน',4,34,2,NULL,NULL,2,'กรณีข้อมูลไม่ชัดเจนให้ Consult แพทย์ผู้สั่งยา',1,'','null','BULehE1vPG_odWcU6mSuo2'),(1049,1,'5411001','','','',3,3,8,'2015-04-07 11:15:00','2015-04-15 15:15:00',' แพทย์ order Tamiflu 4.5ml*2 Key 3ml*2',4,31,2,NULL,NULL,2,'การคำนวนขนาดยา tamiflu ในเด็กลำบาก จึงทำวิธีการใช้ยาให้ง่ายโดยกำหนดโค๊ดตามน้ำหนัก เพื่อให้ได้ขนาดยามาตรฐาน',1,'','null','8K_Zvu7obOeyppA4Jd77lS'),(1050,1,'5601298','','','',3,3,7,'2015-04-03 11:15:00','2015-04-15 15:15:00','Methyldopa ?จัด Tolperisone',4,33,2,NULL,NULL,2,'พบว่ามีการนำยาใส่ผิดช่อง แผงต่างกัน ช่องเก็บยาไม่อยู่ใกล้กัน กำหนดให้ตรวจสอบทุกครั้งอย่างระมัดระวัง',1,'','null','y15PdqefK9unZfS1sDExC-'),(1051,1,'5601298','','','',8,3,8,'2015-04-02 10:10:00','2015-04-15 15:15:00','Methyldopa 1*3 มียาเหลือมา 2 dose',1,1,3,NULL,NULL,2,'ให้ใช้หลัก 6 R ในการดูแลผู้ป่วย  ตรวจสอบซ้ำโดยหน .เวร',1,'','null','6DVDJGYiZ8lInsvFiZPjpa'),(1052,1,'5608363','','','',3,3,7,'2015-04-01 10:30:00','2015-04-15 15:15:00','Elecose ห้องยาจัด MUCO',4,33,2,NULL,NULL,2,'ทบทวนพบซองยาสีคล้ายกัน จึงให้จัดวางแยกยาไว้คนละที่',1,'','null','F3U3LzcgAJx49eHOCR2mtM'),(1053,1,'','','','',10,10,10,'2015-04-01 11:30:00','2015-04-10 15:20:00','แพทย์สั่งใช้ oxytocin 20 unit+5%DN/2 1,000 ml v drip rate 120 cc/hrs เจ้าหน้าที่พยาบาล ให้ยา oxytocin 10 unit+5%DN/2 1,000 ml v drip rate 120 cc/hrs (ในเคสผู้ป่วย uterine atony )',1,5,3,NULL,NULL,2,'ก่อนใช้ยาทุกครั้งให้ปฏิบัติตามแนวทาง LR และ เช็ค Order ก่อนทุกครั้ง',1,'','null','o6YgDWDNtjkIDlnT1O4hTr'),(1054,1,'0022841','','','',23,3,7,'2015-03-23 11:20:00','2015-04-15 15:20:00','สั่งยา 2 เดือน นัด 3 เดือน',3,23,3,NULL,NULL,1,'',1,'','null','a0lNyj9hEP8957y3T5bvNX'),(1055,1,'68574','','','',2,3,7,'2015-03-16 11:20:00','2015-03-18 15:20:00','แพทย์เขียนorderส่งต่อผู้ป่วยไปฉีดยา Streptomycin 750 mg IV drip OD\r\nแต่ พยาบาลER เขียนใบส่งตัวคนไข้ไปฉีดยาต่อที่ รพ.สต.โพน เป็นฉีด Streptomycin 75 mg IM OD พร้อมทั้งมีการ on lock ให้ผู้ป่วยกลับบ้านไปด้วย\r\nเมื่อสอบถามแพทย์เพื่อยืนยันorder สรุปว่าแพทย์ต้องการ Streptomycin 750 mg IM OD จึงดำเนินการแจ้งกลับไปที่ รพ.สต.\r\nความเสี่ยง 1) Prescribing error  2)Administration error  3)เขียนใบส่งต่อผิด',4,29,3,NULL,NULL,2,'ความเสี่ยงนี้ไม่น่าจะเกี่ยวกับผู้ป่วยนอก.............แต่ถามแพทย์แล้ว ให้ฉีด IM จันทร์-ศุกร์ (พยาบาล ER เขียนใบนัดถูกแล้ว)',1,'','null','BWa5quoixU2yF8fB13c5fb'),(1056,3,'','','','',3,10,10,'2015-01-19 09:25:00','2015-02-04 15:25:00','ห้องคลอดใช้ MgSo4 4 amp V drip กับผู้ป่วย preeclamsia ส่ง OPD card เบิกยาคืนห้องยาจ่าย terbutaline มา 4 amp',2,14,2,NULL,NULL,2,'แจ้งห้องยาเพื่อเปลี่ยนยาคืน  เสนอให้ควรมีการตรวจเช็คยาก่อนจ่ายทุกครั้ง',1,'','null','T_Uu3_BN45hoSfiry6T2Mf'),(1057,3,'','','','',3,10,10,'2015-01-16 10:25:00','2015-02-11 15:25:00','LR เบิก Heb B vaccine สำหรับฉีดทารกแรกเกิด แต่ ได้ วัคซีนป้องกันโรค โปลิโอ ชนิดรับประทาน',2,14,2,NULL,NULL,2,'ห้องคลอดได้มีการโทรแจ้งห้องยา เพื่อเปลี่ยนยาให้ถูกชนิด และเสนอให้มีการตรวจเช็คยาก่อนจ่ายยาทุกครั้ง',1,'','null','0OZ2mZh9u1hjiM8KpoKvI0'),(1058,1,'27087','','','',3,2,2,'2016-01-09 13:30:00','2015-02-03 15:30:00','แพทย์สั่งฉีด Dexa inj 8mg IVstat แต่พยาบาลไม่ทำเครื่องหมายระบุว่าฉีดยาจาก ERแล้ว ขณะรับยาผู้ป่วยแจ้งว่าฉีดแล้ว\r\nความเสี่ยงที่ผู็ป่วยจะได้รับการฉีดยาซ้ำ',2,13,2,NULL,NULL,2,'แจ้ง จนท.รับทราบ ให้ลง/เขียนว่าฉีด ER แล้ว',1,'','null','o805Vb5-2z6wfHcG04iXOE'),(1059,1,'42130','','','',1,3,7,'2014-12-29 10:30:00','2015-04-03 15:30:00','แพทย์เขียนorderเพิ่มยา Gemfibrozilในใบเรื้อรัง แต่ไม่เขียนหรือคีย์เพิ่มในใบตรวจ ทำให้ผู้ป่วยไม่ได้รับยาลดไขมันในเลือด ซึ่งผู้ป่วยได้รับการตรวจเลือด CHOL=239, TG=309,HDL=37, LDL=140',3,26,3,NULL,NULL,2,'ให้ตรวจสอบ order ทั้งในใบตรวจและใบเรื้อรัง และให้ฝ่ายเภสัชจัดยาให้ครบ',1,'','null','x1OBFpqSeKzT5091YpfDtA'),(1060,1,'','','','',1,3,8,'2014-12-25 11:30:00','2015-01-01 15:30:00','ผู้ป่วยadmitด้วยอาการชัก ระหว่างที่นอนโรงพยาบาลไม่ไกินยาประจำ Atenolol, Methimazole(รับยาจาก รพ.เลย) สอบถามจากญาติ ญาติบอกว่าเจ้าหน้าที่บอกให้เก็บไว้เลย \r\nตอนรับยาD/C สอบถามพบว่าผู้ป่วยมรียาเรื้อรังเดิมด้วย\r\nข้อเสนอ ควรมีการสอบถามยาเดิมที่ผู้ป่วยกิน และนำยาเดิมเข้าระบบการกินยาของผู้ป่วยในด้วย',3,18,4,NULL,NULL,2,'ให้แพทย์ เภสัชกร พยาบาล ER และ IPDสอบถามยาเดิมมาจัดให้ผุ้ป่วยกินขณะนอนโรงพยาบาลทุกครั้ง',1,'','null','ofGdwxIKwS-ooSxtg2EcQf'),(1061,1,'0024976','','','',23,23,7,'2014-11-07 11:35:00','2014-11-15 15:35:00','สั่งยา 2 เดือน นัด 3 เดือน',3,23,3,NULL,NULL,1,'',1,'','null','FwSCakJK8PhfJVKKkvqH-W'),(1062,3,'','','','',3,3,2,'2014-10-03 15:45:00','2014-10-03 15:45:00','ห้องยาจ่าย Adrenaline คืน IPD 2 amp แต่ติดสิ๊กเกอร์สีควรใช้อย่างระวังทับชื่อยา ทำให้อ่านชื่อยาไม่ได้ เสี่ยงต่อการเกิดความผิดพราด จึงส่งยาคืนห้องยาและแจ้งให้เจ้าหน้าที่ห้องยารับทราบ',4,30,1,NULL,NULL,2,'ให้ติดฉลากอย่างระวัง',1,'','null','qBi2jIyLOY2VrnihiYaQsm'),(1063,1,'10345','นาง','ริ','ไชโยแสง',3,8,8,'2014-10-01 15:45:00','2014-10-09 15:45:00','พบซองยาของผู้ป่วยชื่อ รตต.พิสิทธิเดช ไชยะเดชะ ติดมากับซองยาของผู้ป่วยนางริ ไชโยแสง เป็นยา Loratadine 1 เม็ดก่อนนอน ซึ่งแพทย์ไม่ได้สั่งให้ผู้ป่วยรายนี้ จึงแจ้งให้เจ้าหน้าที่ห้องยารับทราบและเปลี่ยนยาให้ตรงกับคำสั่งแพทย์',2,35,2,NULL,NULL,2,'ให้ตรวจสอบความถูกต้องก่อนจ่ายยา',1,'','null','378UbDaiTtgSlZN4B4RUVm'),(1064,1,'37274','นาง','บุญช่วย','พรหมรักษา',3,8,8,'2014-09-27 15:45:00','2014-09-28 15:45:00','ผู้ป่วยชื่อนางบุญช่วย พรหมรักษา แต่ห้องยาพิมพ์สติ๊กเกอร์ยาเป็นชื่อเด็กชายสถาพร บุดดา HN 0072970 ',2,35,2,NULL,NULL,2,'ทบทวนแล้วน่าจะเกิดจากการไม่ได้ตรวจสอบชื่อผุ้ป่วยก่อนจ่ายยา กำชับให้ตรวจสอบให้ถูกต้อง',1,'','null','gIXs1iwHPtKzRbOhmFIYWo'),(1065,1,'5608899','','','',3,3,2,'2014-06-28 11:55:00','2014-06-30 15:55:00','แพทย์สั่งให้ Brufen Sry. 1 tspx3 แต่ห้องยาพิมพ์สติ๊กเกอย์ยาเป็น Co-trimazole 1x3',2,14,2,NULL,NULL,2,'ทบทวนแล้วพบลายมือแพทย์ไม่ชัดเจน กำชับให้ตรวจสอบให้ถุกต้องก่อนจ่ายยา',1,'','null','J7jAyAPuvqtvPF5ypgVxnQ'),(1066,1,'0009093','นาย','เซ็ง ','อาจทอง',3,3,8,'2014-06-20 11:55:00','2014-06-20 15:55:00','แพทย์สั่งให้ tramol 50 mg iv prn ทุก 8 ชั่วโมง แต่ห้องยาจ่าย dimen 50 mg มาให้ 3 amp',2,14,2,NULL,NULL,2,'กำชับให้ตรวจสอบให้ถูกต้องก่อนจ่ายยา',1,'','null','WwzBMH7oSU9BFMBb9RMJmk'),(1067,1,'28593','','','',3,2,2,'2016-05-23 17:30:00','2016-05-24 08:30:00','คีย์เบิก 50%glucose 50 ml จำนวน 2 vial ห้องยาจ่ายคืนมาให้ห้องฉุกเฉิน 1 vial\r\nข้อเสนอแนะ ควรตรวจสอบให้ครบถ้วนก่อนจัดยาคืน',4,29,1,4,8,1,'',2,'','null','G3PzYtcn4edLGeETjrY5wy'),(1068,1,'0019909','นาง','เฮือน','อินทะผิว',8,3,8,'2016-05-25 12:00:00','2016-05-25 14:00:00','มียามื้อเที่ยงเหลือกลับมาในลิ้นชัก order ตั้งแต่ 23/5/59',1,1,3,NULL,NULL,1,'',1,'','null','XLz7OXdlpneTR2SqgoQxZh'),(1069,1,'5901782','นาง','ต้า','คนคำ',9,3,7,'2016-05-25 09:55:00','2016-05-25 14:15:00','ผู้ป่วยต่างด้าวขึ้นทะเบียน(ชำระเงินเอง) จ่าย triferdin 30 เม็ด แต่ไม่คีย์คิดเงินในใบสั่งยา',2,13,3,NULL,NULL,1,'',1,'','null','Ezk5BepLHpqOlZWn4SGzb-'),(1070,1,'5600928','','','',3,3,8,'2016-05-25 14:55:00','2016-05-25 14:55:00','Lasix 40 mg IV Q12 hr จ่ายเข้าไป 2 amp(ต้องให้ 4 amp)',2,13,2,NULL,NULL,1,'',1,'','null','_tcSGzjWtjjISoKEYWHz18'),(1071,1,'5902144','','','',3,3,8,'2016-05-25 15:00:00','2016-05-25 15:00:00','cef-3 ขอเบิก 2 ได้ 1 vial',2,13,2,NULL,NULL,1,'',1,'','null','iU1FtMOJoc7apf5kjS0sDs'),(1072,1,'','','','',3,2,8,'2016-03-14 12:00:00','2016-05-25 15:00:00','ยาก่อนอาหาร ติดสติกเกอร์หลังอาหาร',2,16,2,NULL,NULL,2,'เนื่องจากสีสติกเกอร์ ก่อน หลังอาการไม่ต่างกัน จึงทำให้เกิดโอกาสผิดพลาดได้\r\n1. ให้พิมพ์รูปแบบ ก่อนอาหาร หลังอาหารให้ต่างกัน\r\n2. สั่งพิมพ์สติกเกอร์ ก่อนอาหารสีฟ้า หลังอาหารสีขาว เพื่อให้ชัดเจน',1,'','null','TES7xzNObYad8u6r3HgWYx'),(1073,1,'','','','',3,3,8,'2016-03-15 19:10:00','2016-05-25 15:10:00','แพทย์สั่ง cefazolin inj จ่ายเป็น cafergot tab',2,14,2,NULL,NULL,2,'เนื่องจากเวรนอกเวลาเป็น คนงาน+ จพ จึงไม่ได้ double check กำหนดให้\r\n1. ให้ double check 2 คน แม้เป้นคนงาน\r\n2. กรณี ต้องเปลี่ยนวิธีใช้ยา ให้ทบทวน order ทุกครั้ง',1,'','null','aidt-CPlgrVMcRoXRv6CN9'),(1074,1,'','นาง','สาวิตรี ','แจ่มสว่าง',3,3,7,'2016-05-04 15:15:00','2016-05-25 15:15:00','จ่ายยาผิดคน สาวิตรี แจ่มสว่าง ได้ยาอัมพร โสวันนาไป เนื่องจากจ่ายยาไม่ได้ถาม ชื่อ-สกุลซ้ำ',2,35,3,NULL,NULL,2,'1. ให้ถาม ชื่อ-สกุล ก่อนจ่ายยาทุกครั้ง\r\n2. กรณีมียาเรื้อรัง ให้ทวนถามการกินยาทุกครั้ง\r\n3. ให้ผู้เช็คยา และผู้จ่ายยา เซ็นชื่อกำกับทุกครั้ง',1,'','null','gSTx1hjPFe9-PPV1M426cC'),(1075,3,'','','','',2,3,7,'2016-04-06 10:25:00','2016-05-25 15:25:00','รายงานการใช้ยาที่ดึงออกมาจาก HOSxP ไม่ตรงกับจำนวนซองยาในลิ้นชักที่หายไป เช่น \r\n1. ranitidine tab รายงานใช้ไป 50 แต่ซองยาหายไป 6 ซอง\r\n2. simethicon tab รายงานใช้ไป 60 แต่ซองยาหายไป 7 ซอง\r\n3 flanil รายงานใช้ไป 1 หลอด แต่ยาหายไป 4 หลอด\r\n4. amitrip 10 mg tab รายงานไม่มีสั่งจ่าย แต่ยาหายไป 1 ซอง',4,29,1,NULL,NULL,1,'',1,'','null','_eQqqLQZw7ZGLRR7N8iL-Y'),(1076,1,'','','','',3,3,8,'2016-05-04 14:30:00','2016-05-25 15:30:00','ไม่ได้จ่าย omeprazole ให้ IPD',2,13,2,NULL,NULL,1,'',1,'','null','yTb3ZBQNgFSyu1kpeL46sP'),(1077,1,'','','','',3,3,8,'2016-05-16 14:35:00','2016-05-25 15:35:00','B6 order 1x1 จ่ายให้ 2 tab',2,13,2,NULL,NULL,1,'',1,'','null','tS3N5qTNtOMwgXROT9_UNu'),(1078,1,'','','','',3,3,8,'2016-05-16 14:35:00','2016-05-25 15:35:00','แพทย์ order seretide inh. ตั้งแต่ 15 พค แต่ผุ้ป่วยไม่ได้ใช้ยาเลยเนื่องจาก\r\n1. เภสัชกรเห็นผู้ป่วยมีประวัติยาเดิม คิดว่าผุ้ป่วยน่าจะนำมาด้วย เนื่องจากเป็นยามูลค่าสูง\r\n2. พยาบาลเข้าใจว่าเภสัชกรได้นำไปจ่ายให้ผู้ป่วยแล้ว\r\n3. ไม่มีการทวนสอบจากผุ้ป่วยเพิ่มเติม\r\nจึงได้นำยาไปให้ผุ้ป่วยและแนะนำให้ใช้ยาตามแพทย์สั่ง',2,17,3,NULL,NULL,2,'1. ให้เภสัชกรที่เข้าไป addchart ทวนถามผุ้ป่วยว่านำยาเดิมมาหรือเปล่า หากไม่นำมาแจ้งให้นำมาด้วย\r\n2. กรณีไม่มียาใช้ ให้จ่ายยาให้ผู้ป่วย\r\n3. เมื่องผู้ป่วยนำยามา ให้พยาบาลผุ้ปรับยาเขียนโน๊ตไว้ใน order',1,'','null','_Hwtibixm3kl_PBo8Reu0N'),(1079,1,'','','','',1,3,8,'2016-05-16 15:45:00','2016-05-25 15:45:00','ยาเดิมผู้ป่วย agrylin 0.5 mg 1x2 แพทย์ order 2x2 ไม่ตรงกับฉลากยาเดิมผู้ป่วย\r\nพยาบาลจึง consult แพทย์',3,20,2,NULL,NULL,1,'',1,'','null','orcjtP81-FM8ZCho2P5Icb'),(1080,1,'','','','',3,3,8,'2016-05-24 15:45:00','2016-05-25 15:45:00','doxazosin 2 mg order 1/2 xhs ห้องยาจัดใส่มื้อเช้า',2,16,2,NULL,NULL,1,'',1,'','null','fVBCKfp3ob58CeC657kJ30'),(1081,1,'','','','',3,2,7,'2016-03-03 10:10:00','2016-05-03 11:10:00','แพทย์สั่งฉีดยา DCF  1 amp IM และTramol 50 mgIV ห้องยาให้ยามาเฉพาะ  DCF  ไม่ได้จ่ายยาTramol ด้วย จึงให้เดินกลับไปรับยามาใหม่',2,13,3,NULL,NULL,1,'',1,'','null','L0d7CgjbQzbg7HFrIhu5LW'),(1082,1,'0062627','น.ส.','บรรจบ','อินอ่อน',2,3,7,'2016-05-25 13:25:00','2016-05-26 12:20:00','ให้ยา high alert drug แต่ไม่ประเมิน check list',4,30,1,NULL,NULL,1,'',1,'','null','aCwWjUEGU-KI0krAXsHpA8'),(1083,1,'0029338','นาย','สุทัศน์','แสนแอ',3,3,7,'2016-05-19 14:10:00','2016-05-30 14:10:00','ฉลากยา phenobarbital  จ่าย phenytoin pt กินแล้วอาการไม่ดี ญาติถือยามาเปลี่ยน',2,14,4,NULL,NULL,1,'',1,'','null','zSYOBus5I0oZMk9pSsxvc0'),(1084,1,'0029603','นาง','จันแดง','สุพรรณคำ',3,3,7,'2016-05-13 09:40:00','2016-05-30 14:30:00','หมอสั่ง Glipizide แต่ผู้ป่วยไม่ได้ยา จึงยืมยาคนอื่นกินก่อน และมาขอยาเพิ่มวันที่ 30 /5/59 ตรวจสอบแล้วพบมี Order แต่ถุงยาไม่มียา ห้องยาจึงจัดเพิ่มให้ครบ',2,17,3,NULL,NULL,1,'',1,'','null','D1tG9JIsY0r696mblk66C_'),(1085,1,' 0013677','นาย','อำนวย','นาคแก้ว',8,3,8,'2016-05-31 10:35:00','2016-05-31 11:35:00','ผู้ป่วย Admit นำยาเดิมมาด้วย D/C แพทย์สั่งให้กินยาเดิม IPD ไม่คืนยาเดิมให้ผู้ป่วย ห้องยาจึงให้เดินกลับไปเอายาที่ IPD ญาติมีสีหน้าไม่พอใจ',2,17,3,NULL,NULL,1,'',1,'','null','_IlEUL8T6mQtBTBd1YmQ-R'),(1086,1,'5805222','','','',3,2,3,'2016-05-24 20:30:00','2016-05-24 20:35:00','admited เวรบ่าย คีย์เบิก MD no.24  3 อัน  ห้องยาเขียนจ่าย 3 อัน แต่จ่ายให้มา 1 อัน ',2,13,1,2,7,1,'',2,'','null','A2Pgv7BHxJ1BPixxCEbmec'),(1087,1,'5601147','นาง','หนูเวียง','พานทองสิม',8,3,8,'2016-06-01 10:30:00','2016-06-01 10:55:00','ผู้ป่วย D/C แพทย์ order ยาเดิม pt เรื้อรัง มีแล้ว แต่ไม่คืนยาเดิมให้ผู้ป่วย ห้องยาจึงให้ญาติกลับไปรับยาเดิมจาก IPD ',2,17,3,NULL,NULL,1,'',1,'','null','vrCP11EcjeNpZqLTC4pGCp'),(1088,1,'5805116','นาย','หก','มิสา',27,3,8,'2016-03-04 12:45:00','2016-03-04 14:45:00','ผู้ป่วย DM on Mixtard ASA Simvas มีนัดเดิม 19 มีนาคม 2559 ครั้งนี้ D/C แพทย์นัด 1 wk พยาบาลนัดผู้ป่วย 11 มีนาคม 2559 ซึ่งผู้ป่วยน่าจะเหลือยาเดิมอยู่ ทำให้มีการจ่ายยาซ้ำซ้อน เสียค่าใช้จ่าย',4,29,3,NULL,NULL,1,'',1,'','null','8j_5azc0zLO72rdcJ3yXYa'),(1089,1,'0030719','นาย','คำภา','ไชยสงค์',1,3,8,'2016-03-04 11:25:00','2016-03-04 14:25:00','Pt admit เมื่อ D/C แพทย์สั่งยาเดิม รพ.เลย สอบถามผู้ป่วยแจ้งว่าไม่มียาเดิม โทรสอบถาม รพ.เลย พบประวัติล่าสุด คือปี 56 จึงแจ้งแพทย์ สั่งให้เฉพาะยาเชียงคาน ',4,29,3,NULL,NULL,1,'',1,'','null','Oe2ctw-DGAJ3s_n-ez1Azw'),(1090,1,'5603011','','กัณพัฒน์','วงษ์คำจันทร์',6,3,7,'2016-03-23 12:50:00','2016-03-23 13:50:00','ผู้ป่วยน้ำหนัก 15 kg order Para syr 1 ช้อนชา (ควรให้ 1.5 ช้อนชา)',3,20,2,NULL,NULL,1,'',1,'','null','jU3bcagF1ApNFYhwsHfFj6'),(1091,1,'5901285','','ข้าวปลาย','เพ็งแก้วพิลา',6,3,7,'2016-03-23 11:25:00','2016-03-23 14:25:00','pt BW 21 kg order Amoxy syr 1x3 pc(ควรให้ 2x3)',3,20,2,NULL,NULL,1,'',1,'','null','RPBsHKd0l2O7eFwFpNCIr1'),(1092,1,'5503801','','ศุภิสรา','บุดดา',1,3,7,'2016-03-14 09:35:00','2016-03-15 06:15:00','แพทย์มีคำสั่งให้พ่นยา salbu 1 dose แต่แพทย์ไม่ได้ใส่ขนาดของยา\r\nห้องยาพิมพ์สติกเกอร์ Sal.NB คิดเงินเป็น 0.5% ซีซี # 1 พ่น NB salbu.......cc + NSS....... เวลาหอบ พ่นยาห้องฉุกเฉิน(เบอร์6)\r\nแก้ไข้เบื้องต้น ให้คนงานนำประวัติผู้ป่วยกลับไปให้แพทย์เพิ่มขนาดยาพ่น\r\n',3,26,2,NULL,NULL,1,'',1,'','null','VQKEFvwr-QvZwuFsq13Kyf'),(1093,1,'8167','','','',2,3,8,'2016-05-07 14:05:00','2016-05-07 15:20:00','คนไข้admitใหม่ case TB รับยาจาก รพ.เลย ส่งต่อมา รพ.เชียงคาน พยาบาลเขียนใบ order ยาซ้ำซ้อนกัน คือเขียน Ethambutal(400mg) 1/2 tab xHS กับ  I3E1  1ซองxHS\r\nทำให้เกิดความซ้ำซ้อนในการจัดยา\r\nเภสัชกรให้ญาตินำยาเดิมมาให้ตรวจสอบและconsultแพทย์ สรุปสั่งยาเป็น Etham(400) 1.5tab xHS , INH(100) 3 xHS\r\n\r\nข้อเสนอแนะ : ก่อนลอกรายการยา ควรมีการตรวจสอบยาที่ผู้ป่วยถือมา ควบคู่กับใบส่งตัวจาก รพ.เลย ให้ชัดเจนถี่ถ้วน',3,28,2,NULL,NULL,1,'',1,'','null','vE_D9r6ZfgxvSOldrHgiYG'),(1094,1,'39932','นาง','เสงี่ยม','บุดดา',1,3,7,'2016-05-17 10:20:00','2016-05-17 13:25:00','แพทย์ตรวจและสั่งยาโดยการ RMจากคำสั่งเดิมวันที่ 11/03/59 ซึ่งใน visitนั้นผู้ป่วยมีแผลที่นิ้วเท้า และได้ฉีด DT. vaccine 1 dose แต่วันที่17/05/59 ผู้ป่วยมารับยาDM,HT,DLDตามนัด ไม่มีแผลใดๆ แพทย์สั่ง RM จึงมีคำสั่ง DT. vaccine ติดมาด้วย\r\n\r\nข้อเสนอแนะ : ควรมีการทบทวนรายการยาหลังจากสั่ง RM ว่ามีรายการยาที่ไม่จำเป็นหรือไม่',3,26,2,NULL,NULL,1,'',1,'','null','q-Y_7Gk4xT4bNLrEMVovDU'),(1095,1,'39932','นาง','เสงี่ยม','บุดดา',1,3,7,'2016-05-17 10:20:00','2016-05-17 13:25:00','แพทย์ตรวจและสั่งยาโดยการ RMจากคำสั่งเดิมวันที่ 11/03/59 ซึ่งใน visitนั้นผู้ป่วยมีแผลที่นิ้วเท้า และได้ฉีด DT. vaccine 1 dose แต่วันที่17/05/59 ผู้ป่วยมารับยาDM,HT,DLDตามนัด ไม่มีแผลใดๆ แพทย์สั่ง RM จึงมีคำสั่ง DT. vaccine ติดมาด้วย\r\n\r\nข้อเสนอแนะ : ควรมีการทบทวนรายการยาหลังจากสั่ง RM ว่ามีรายการยาที่ไม่จำเป็นหรือไม่',3,26,2,NULL,NULL,1,'',1,'','null','q-Y_7Gk4xT4bNLrEMVovDU'),(1096,1,'5804502','','ยุภาวดี','บุดดา',2,3,7,'2016-03-27 16:30:00','2016-03-28 14:25:00','คีย์วิธีใช้ยาไม่ถูกต้อง คีย์ \"ใช้ตามแพทย์สั่ง\" แล้วฉลากออกเป็น 4 cc bid pc ',3,26,2,NULL,NULL,1,'',1,'','null','cPiVxfP2I43XnZTtG-IXYa'),(1097,1,'18700','นาย','เคน','เคนท้าว',1,3,7,'2016-03-04 11:00:00','2016-03-04 15:00:00','ผู้ป่วยมีอาการบวม Dx CHF สั่งยา Pioglitazone ซึ่งมี ADR ทำให้บวม และระวังการใช้ในผู้ป่วยโรคหัวใจ',3,27,4,NULL,NULL,1,'',1,'','null','o-XwvsWlLb09RglETZVUva'),(1098,1,'00022170','นาย','ลิน','ดวงศรี',1,3,7,'2016-03-16 10:35:00','2016-03-16 10:55:00','ผู้ป่วยสูงอายุ ได้ยา HT 5 item และวิธีกินแตกต่างกัน ทำให้ผู้ป่วยไม่สามารถใช้ยาได้ตามแผนการรักษา เบื้องต้น consult แพทย์ปรับวิธีกินยาให้ง่ายขี้น',3,27,4,NULL,NULL,1,'',1,'','null','5rfYyT0dzzOnSHdgTYMYc8'),(1099,1,'0040453','นาง','เอ็มภรณ์','กลิ่นหอม',1,3,7,'2016-03-28 09:35:00','2016-03-28 14:20:00','ISDN 10 mg Order PC(ควรให้ AC เพื่อเพิ่มการดูดซึม)',3,27,3,NULL,NULL,1,'',1,'','null','oqF4GuLWW1q6kqKTcb_kPm'),(1100,1,'0004388','นาย','สร้อย','ศรีคำ',1,3,8,'2016-03-28 11:30:00','2016-03-28 14:30:00','pt CKD stage 3 GFR 47.57 Order Fortum 2gmV Q8hr (ควรปรับ dose เป็น 2 gm IV Q12hr)',3,27,4,NULL,NULL,1,'',1,'','null','x-CTVLvUnD6MpKOZsCU3D6'),(1101,1,'','','','',3,2,2,'2016-03-03 10:10:00','2016-03-03 11:10:00','แพทย์สั่งฉีดยา DCF  1 amp IM และTramol 50 mgIV ห้องยาให้ยามาเฉพาะ  DCF  ไม่ได้จ่ายยาTramol ด้วย จึงให้เดินกลับไปรับยามาใหม่',2,13,3,NULL,NULL,1,'',1,'','null','iTq4Y0egqT0N75FJ52NmqU'),(1102,1,'0018491','นาง','แถว','ธนะสูตร',3,3,2,'2016-06-03 10:20:00','2016-06-03 11:00:00','ผู้ป่วยปวดมึนศีรษะ เข้ามารักษาที่ER และแพทย์ได้สั่งฉีดยาDimen จนท.ER ได้ฉีดยาให้และบันทึกในใบสั่งยาว่า\" ฉีดยาแล้ว  \"  และได้ส่งไปรับยา  ห้องยาได้มอบยาฉีดให้ผู้ป่วยกลับมาฉีดยาที่ER ซ้ำอีก แต่ไม่ได้ฉีดยาให้เพราะ จำได้ว่าฉีดยาให้แล้ว',2,13,2,NULL,NULL,1,'',1,'','null','D_GCM_KRgpZ9eNRReEYMLK'),(1103,1,'5609433','','ภควัต','บุปผาดา',3,2,2,'2016-06-09 17:35:00','2016-06-10 08:30:00','แพทย์สั่ง para 150 mg im ห้องยาจ่า ranidine 50 mg 1 amp มาคืนห้องฉุกเฉิน',2,14,2,4,8,1,'',2,'','null','NyY06UbwXRlvSQ-wecySNc'),(1104,5,'','','','',3,2,2,'2016-06-12 17:00:00','2016-06-13 08:30:00','ซองยาเป็น Pred(5mg) tab แต่ยาด้านในซองเป็น bicobon\r\nการแก้ไขเบื้องต้น แยกออกจากช่องยา ส่งคืนห้องยา\r\nข้อเสนอแนะ ควรตรวจสอบยาให้ดีก่อนจัดยาจ่ายแผนกอื่นๆ',2,14,1,4,8,1,'',2,'','null','x81V8FLKkqyrl5VBMLLpLY'),(1105,1,'5901109','น.ส.','ขวัญฤทัย','ใจโสม',2,3,7,'2016-06-16 12:05:00','2016-06-16 12:40:00','ผูป่วยฉีด PCEC แล้ว แต่ไม่ติ๊กว่า ER ห้องยาจึงส่งไปฉีดยา แต่ pt บอกว่าฉีดแล้ว',4,29,2,NULL,NULL,1,'',1,'','null','bVvut-s2piWWmLyakklDTq'),(1106,1,'','','','',3,2,2,'2016-06-16 20:00:00','2016-06-17 08:30:00','แพทย์จะส่งผู้ป่วยปรึกษาเรื่องแพ้ยา โทรศัพท์สอบถามห้องยาทราบว่าเภสัชกรไม่ขึ้นเวรมีแต่เจ้าหน้าที่เภสัช\r\nการแก้ไขเบื้้องต้น แจ้งผู้ป่วยและญาติให้มาพบเภสัชกรในวันถัดไป\r\nข้อเสนอแนะ ควรมีเภสัชกรขึ้นเวรห้องยานอกเวลาถึงเวลา 20.30น.เช่นเดียวกับแพทย์',4,37,1,4,8,1,'',2,'','null','Ui5CVeMPo409huRTotAeCU'),(1107,5,'','','','',2,3,8,'2016-04-02 04:15:00','2016-04-03 14:30:00','ผู้ป่วยHN5305737 มีการสั่งใช้ยา Primalute-N  1x3=10tab แล้วโอนเข้าไปเป็นคนไข้Admit เมื่อเรียกรายงานเพื่อจัดยาคืนERประจำวัน ไม่มีรายการยานี้ในรายงาน ทางERทักท้วงมาว่าไม่ได้ยา Primalute-Nคืน ทั้งๆที่เจ้าหน้าที่ยืนยันว่ามีการคีย์จ่าย\r\nเมื่อสืบค้นดูพบว่า มีการโอนย้ายจากคนไข้นอกเป็นคนไข้ใน ทำให้รายการยาที่เรียกคืนไม่ปรากฏ ทางห้องยาจึงจัดยาคืนให้ER และมีข้อเสนอแนะว่าควรมีการทบทวนระบบการเบิกจ่ายยาให้complete',4,29,2,NULL,NULL,1,'',1,'','null','4Y3QHJieik7KxBby4FR-0j'),(1108,1,'34783','นาย','จาว','ดิลกลาภ',2,3,3,'2016-04-02 21:55:00','2016-04-03 15:25:00','ผู้ป่วยอายุ 75 ปี มาตรวจนอกเวลาราชการ มีการสั่งจ่ายยา IBUPROFEN 1x3 = 20 tab  แต่พยาบาลERจ่ายยาให้เพียง 10 เม็ด แล้วให้ผู้ป่วยถือเอกสารสำเนาใบตรวจรักษาที่เขียนกำกับว่า ค้างจ่าย10 เม็ด มาติดต่อรับยาที่ห้องยาในวันรุ่งขึ้น ทั้งที่ERมียาสำรองไว้จำนวนเพียงพอจ่ายได้เต็มจำนวน\r\n',2,13,3,NULL,NULL,1,'',1,'','null','HZHpdwKTQPRXFkEtmxHM7N'),(1109,1,'5901382','นาย','อรุณ','พิมพ์กา',2,3,3,'2016-04-02 18:20:00','2016-04-03 14:50:00','ผู้ป่วย มาตรวจนอกเวลาราชการ มีการสั่งจ่ายยา DICLOXACILLIN 1x4 = 30 tab  แต่พยาบาลERจ่ายยาให้เพียง 20 เม็ด แล้วให้ผู้ป่วยถือเอกสารสำเนาใบตรวจรักษาที่เขียนกำกับว่า ค้างจ่าย10 เม็ด มาติดต่อรับยาที่ห้องยาในวันรุ่งขึ้น ทั้งที่ERมียาสำรองไว้จำนวนเพียงพอจ่ายได้เต็มจำนวน\r\n',2,13,3,NULL,NULL,1,'',1,'','null','TTUio_r3HbIgu6QCFg0F47'),(1110,1,'5405882','นาย','หนูหล่ำ','หลักมั่น',11,3,2,'2016-05-11 14:50:00','2016-05-11 15:20:00','ผู้ป่วยTB รพ.เลย ส่งตัวกลับมารับยาที่ รพ.เชียงคาน น้ำหนักตัวที่อยู่ในระบบคอมพิวเตอร์ 57kg แพทย์สั่งยาวัณโรค INH 3xhs/ Rifam(450) 1xhs/ PZA 2xhs /Etham(400) 2xhs เภสัชกรตรวจสอบขนาดยากับน้ำหนักผู้ป่วยแล้วพบว่า doseยาไม่เหมาะสม จึงตรวจสอบน้ำหนักอีกรอบ พบว่าในใบนำทางบันทึกน้ำหนัก 47kg ไม่ตรงกับในคอม จึงโทรแจ้งพยาบาลIPDให้ชั่งน้ำหนักผู้ป่วยอีกรอบได้ 42kg เภสัชกรจึงconsultแพทย์ปรับขนาดยาใหม่ให้เหมาะกับน้ำหนักตัวผู้ป่วย',4,31,2,NULL,NULL,1,'',1,'','null','IEIbSjaccQoPELeEt2n1OZ'),(1111,3,'','','','',1,3,8,'2016-05-22 12:55:00','2016-05-22 16:10:00','แพทย์ไม่ลอกรายการยาของผู้ป่วยadmitลงในใบ order\r\nแก้ไขเบื้องต้น* เภสัชกรลอกให้ก่อนโดยตรวจสอบจากpatien EMRใน hosXp\r\nข้อเสนอแนะ* อยากให้แพทย์เป็นคนเขียน orderยาเอง เพื่อนเป็นการยืนยันความถูกต้องของรายการยาที่แพทย์ต้องการสั่งให้ผู้ป่วยรายนั้นๆ',3,18,3,NULL,NULL,1,'',1,'','null','VlRO2kd08n9b39EdZKSnxO'),(1112,1,'5902112','','','',10,3,3,'2016-05-22 13:55:00','2016-05-22 15:50:00','ห้อง LR ส่งเคสมา D/C แต่ไม่มีใบนำทางมาด้วย (ตามแนวทางการปฏิบัติต้องมีใบนำทางของห้องคลอดระบุว่าส่งมาทำอะไรบ้าง) ทางห้องยาไม่ทราบว่ามียา D/Cด้วย จึงไม่ได้จัดยาHMให้ ทำให้ผู้ป่วยต้องเดินกลับมาถามอีกรอบ และพบปัญหาอีกอย่าง คือ ใบ D/Cของห้องคลอด ดูยากไม่ชัดเจน',2,17,2,NULL,NULL,1,'',1,'','null','gXah6cJdWkGe0j2jVFzVxF'),(1113,1,'','','','',8,3,8,'2016-06-21 12:10:00','2016-06-21 15:20:00','แพทย์สั่งยา Tramadol 50 mg IV PRN ทุก 4-6 ชั่วโมง ห้องยาจัดยาให้ 4 Amp ในวันถัดมาพบว่ามีการใช้ยาไป 2 Amp แต่ไม่มีบันทึกการใช้ยา ทำให้การคิดราคาค่ายาไม่ถูกต้องตรงตามที่มีการใช้จริง\r\n** พบเหตุการณ์ลักษณะนี้หลายเคสมาก ควรมีการทบทวนระบบร่วมกัน เพื่อความถูกต้องของค่าใช้จ่ายที่ผู้ป่วยได้ใช้จริง',1,2,3,NULL,NULL,1,'',1,'','null','RST0hRiYNzSMOidQiwTA4T'),(1114,3,'','','','',8,3,8,'2016-06-18 10:30:00','2016-06-19 13:30:00','ห้องยาจัดยา LEVOPHED คืน IPD โดยใส่ในกระติกพร้อมice pack ส่งไปกับรถยาคนไข้ใน แต่ในวันถัดมาที่รถยาส่งมาจาก IPD ยังพบกระติกและยา LEVOPHED กลับมาบนหลังรถยาเหมือนเดิมและพบว่ายาไม่เย็นแล้ว\r\nการแก้ไขเบื้องต้น * จัดเก็บยาคืนในตู้เย็นห้องยา\r\nข้อเสนอแนะ * เจ้าหน้าที่ IPDควรตรวจสอบกระติกยาเย็น และรีบเก็บยาเข้าตู้เย็นทุกครั้งเมื่อห้องยาส่งรถยาคืนประจำวัน',4,29,2,NULL,NULL,1,'',1,'','null','x7HHmlfbcysnRBLC6W2vCO'),(1115,1,'0049754','น.ส.','รัตนาภรณ์','สีตื้อ',8,3,8,'2016-06-23 12:40:00','2016-06-23 14:35:00','มียา Domperidone มื้อเที่ยงเหลือติดกลับมาในลิ้นชักยา',1,1,3,NULL,NULL,1,'',1,'','null','K5KlX39zTWnqiNA3mZY5Sc'),(1116,1,'002774','นาย','เที่ยง','เกษเกษร',1,3,8,'2016-06-24 09:30:00','2016-06-24 15:50:00','แพทย์ Remed Medicut NO 22 มาจากครั้งก่อน',3,27,3,NULL,NULL,1,'',1,'','null','zr9cZ7nQhk-VvfZQrXcJWa'),(1117,1,'5902737','','','',3,2,2,'2016-06-27 09:00:00','2016-06-30 08:30:00','ผู้ป่วยhypovolemic shock ใช้ 0.9%NSS 1000 ML จำนวน 4 ขวด แต่ห้องยาจ่ายคืนมา 1 ขวด\r\nข้อเสนอแนะ ควรตรวจสอบให้ถูกต้องก่อนคืนยาให้ห้องฉุกเฉินเนื่องจากทำให้ของขาดstock ',2,13,1,NULL,NULL,1,'',2,'','null','f1TEF491h2tHDkCxGpophI'),(1118,1,'0042811','นาง','ปัน','วงษ์ลา',8,3,8,'2016-07-01 11:10:00','2016-07-01 16:10:00','ผู้ป่วยชื่อนางปัน วงษ์ลา มีใบ D/C ของ นายป้อง สิงหา ติดอยู่ใน OPD card ทำให้แพทย์สั่งยานายป้องสิงหา ให้กับนางปัน วงษ์ลาตั้งแต่ Visit ที่แล้ว ครั้งนี้แพทย์ปรับยาหลายรายการ เมื่อจ่ายยาผู้ป่วยทักท้วงว่าไม่เคยเป็นหอบหิด ทำไมได้ยาหอบหิด ตรวจสอบพบติดใบ D/C ผิดคนจึง Consult แพทย์ และแก้ไขให้ถูกต้อง',4,29,3,NULL,NULL,1,'',1,'','null','ZCCQ5QPf7H4Tp7PgBmthLp'),(1119,1,'5902800','','อาซู','หว่าง',8,3,8,'2016-07-01 11:20:00','2016-07-01 16:20:00','ผู้ป่วย Admit พฤหัสที่ 30 มิย 59 เซ็นต์รับ Order 15.30 แพทย์สั่ง tamiflu syr วันที่ 1 กค 59  D/C แพทย์สั่ง tamiflu syr อีก 4 วัน ตรวจสอบพบเมื่อวานไม่ได้ส่งมาเบิกยา ทำให้ผู้ป่วยไมได้กินยา tamiflu syr เมื่อ Admit',1,1,3,NULL,NULL,1,'',1,'','null','9_qnVWq2_FM2abC7Q5Sq7W'),(1120,1,'5701794','','ปภาวรินทร์','สอนพรหม',8,3,8,'2016-07-01 11:25:00','2016-07-01 16:25:00','ผู้ป่วยได้ Tamiflu syr ขณะ Admit เมื่อ D/C แพทย์สั่งให้กินต่อให้ครบ 5 วัน แต่ IPD ไม่คืนยามาให้ผู้ป่วย จึงแจ้งให้เจ้าหน้าที่นำยาออกมาให้ผู้ป่วย',2,17,3,NULL,NULL,1,'',1,'','null','BBxxogJXIhtFLmWvobeST2'),(1121,1,'5803695','','กฤตภัค','หมื่นพลศรี',3,2,2,'2016-07-01 13:25:00','2016-07-04 08:30:00','ผู้ป่วยมาฉีดยา Cef-3 500 mg iv drip ทุกวัน ห้องยาPackห่อ Cef-3  1 mg มาจำนวน 2 ขวด เสี่ยงต่อการให้ยาผิดพลาด\r\nการแก้ไขเบื้องต้น แจ้งเภสัชกรรับทราบ',2,12,1,NULL,NULL,1,'',2,'','null','WGFZqm1aEvq9xGRW01sNR2'),(1122,1,'0007080','นาง','จารุณี','ศรีมงคล',8,3,8,'2016-07-05 12:20:00','2016-07-06 14:20:00','มียามื้อเที่ยงเหลือ 1 ซอง 5/7/2559 (Ibuprofen 2 tab + Tolperisone)',1,1,3,NULL,NULL,1,'',1,'','null','dCapTmTc-xMlKMDpafidDF'),(1123,1,'0019017','นาย','กองสิม','ผาดีอุ่น',8,3,8,'2016-07-06 12:20:00','2016-07-06 14:20:00','มียามื้อเที่ยงเหลือในลิ้นชัก 1 ซอง 6/7/2559 (FF+BCO tab)',1,1,3,NULL,NULL,1,'',1,'','null','yjyrtITmna8i7jS8l9vDYZ'),(1124,1,'0043903','นาย','มานัส','ศรีคำ',8,3,8,'2016-07-14 12:45:00','2016-07-22 14:45:00','มีซองยาก่อนอาหารเที่ยง วันที่ 13/7/2559 เหลือกลับมาในลิ้นชัก 1 ซอง (Domperidone tab)',1,1,3,NULL,NULL,1,'',1,'','null','e7ZDR2Jeu7P3T-N-sFA-S8'),(1125,1,'0008333','น.ส.','อนุธิดา','พรมชิน',8,3,8,'2016-07-15 12:00:00','2016-07-22 15:00:00','มียามื้อเที่ยงวันที่ 15/7/2559 เหลือกลับมาในลิ้นชัก (Muco 3*3 , primalute-N 1*3)',1,1,3,NULL,NULL,1,'',1,'','null','0R9JkfO5Ek3ZwXLPpR68mV'),(1126,1,'5903184','','อรพรรณ','สีแสงเพ็ด',8,3,8,'2016-07-28 12:55:00','2016-07-29 15:55:00','มีซองยาเหลือมื้อเที่ยง 1 ซอง (primalut-N)',1,1,3,NULL,NULL,1,'',1,'','null','1h7IJHqsz18QjiupF3RSJG'),(1127,1,'12066','','','',3,2,2,'2016-07-29 08:30:00','2016-08-02 08:30:00','เบิกยา Levophed 4 mg จำนวน 2 amp ห้องยาจ่ายคืนมาให้ 1 amp\r\nแก้ไขเบื้องต้น แจ้งห้องยาทราบ ขอยาเพิ่มให้ครบจำนวน\r\nข้อเสนอแนะ ควรตรวจเช็คให้ครบก่อนส่งยาคืนห้องฉุกเฉิน',2,13,2,NULL,NULL,1,'',2,'','null','Rj5f7wbCl9SMEWrPMWKmZ_');
/*!40000 ALTER TABLE `risk_med` ENABLE KEYS */;
UNLOCK TABLES;

--
-- Table structure for table `safe`
--

DROP TABLE IF EXISTS `safe`;
/*!40101 SET @saved_cs_client     = @@character_set_client */;
/*!40101 SET character_set_client = utf8 */;
CREATE TABLE `safe` (
  `id` int(11) NOT NULL AUTO_INCREMENT COMMENT 'ID',
  `safe_name` varchar(100) COLLATE utf8_unicode_ci NOT NULL COMMENT 'เธเธงเธฒเธกเธเธฅเธญเธเธเธฑเธข',
  PRIMARY KEY (`id`)
) ENGINE=InnoDB AUTO_INCREMENT=11 DEFAULT CHARSET=utf8 COLLATE=utf8_unicode_ci;
/*!40101 SET character_set_client = @saved_cs_client */;

--
-- Dumping data for table `safe`
--

LOCK TABLES `safe` WRITE;
/*!40000 ALTER TABLE `safe` DISABLE KEYS */;
INSERT INTO `safe` VALUES (1,'ลื่น / ล้ม / ชน'),(2,'ตกจากเตียง / เปล / โต๊ะ'),(3,'บาดเจ็บจากการทำงาน'),(4,'อุบัติเหตุที่เสี่ยงต่อการติดเชื้อ'),(5,'การทำร้ายร่างกาย'),(6,'อันตรายจากรังสี'),(7,'อัคคีภัย'),(8,'โจรกรรม / ลักขโมย'),(9,'อุบัติเหตุทางการเดินทาง'),(10,'อื่นๆ');
/*!40000 ALTER TABLE `safe` ENABLE KEYS */;
UNLOCK TABLES;

--
-- Table structure for table `status`
--

DROP TABLE IF EXISTS `status`;
/*!40101 SET @saved_cs_client     = @@character_set_client */;
/*!40101 SET character_set_client = utf8 */;
CREATE TABLE `status` (
  `id` int(11) NOT NULL AUTO_INCREMENT COMMENT 'ID',
  `status_name` varchar(100) COLLATE utf8_unicode_ci NOT NULL COMMENT 'เธเนเธญเธเธเธดเธเธเธฒเธก / เธเนเธญเธเธเธเธเธงเธ',
  PRIMARY KEY (`id`)
) ENGINE=InnoDB AUTO_INCREMENT=3 DEFAULT CHARSET=utf8 COLLATE=utf8_unicode_ci;
/*!40101 SET character_set_client = @saved_cs_client */;

--
-- Dumping data for table `status`
--

LOCK TABLES `status` WRITE;
/*!40000 ALTER TABLE `status` DISABLE KEYS */;
INSERT INTO `status` VALUES (1,'ต้องทบทวน'),(2,'ทบทวนแล้ว');
/*!40000 ALTER TABLE `status` ENABLE KEYS */;
UNLOCK TABLES;

--
-- Table structure for table `status_active`
--

DROP TABLE IF EXISTS `status_active`;
/*!40101 SET @saved_cs_client     = @@character_set_client */;
/*!40101 SET character_set_client = utf8 */;
CREATE TABLE `status_active` (
  `id` int(11) NOT NULL AUTO_INCREMENT COMMENT 'ID',
  `status_name` varchar(100) COLLATE utf8_unicode_ci NOT NULL COMMENT 'เธชเธเธฒเธเธฐเธเธฒเธฃเธเธเธเธงเธ',
  PRIMARY KEY (`id`)
) ENGINE=InnoDB AUTO_INCREMENT=3 DEFAULT CHARSET=utf8 COLLATE=utf8_unicode_ci;
/*!40101 SET character_set_client = @saved_cs_client */;

--
-- Dumping data for table `status_active`
--

LOCK TABLES `status_active` WRITE;
/*!40000 ALTER TABLE `status_active` DISABLE KEYS */;
INSERT INTO `status_active` VALUES (1,'Yes'),(2,'No');
/*!40000 ALTER TABLE `status_active` ENABLE KEYS */;
UNLOCK TABLES;

--
-- Table structure for table `status_description`
--

DROP TABLE IF EXISTS `status_description`;
/*!40101 SET @saved_cs_client     = @@character_set_client */;
/*!40101 SET character_set_client = utf8 */;
CREATE TABLE `status_description` (
  `id` int(11) NOT NULL AUTO_INCREMENT COMMENT 'ID',
  `status_date` date NOT NULL COMMENT 'เธงเธฑเธเธเธตเนเธเธเธเธงเธ',
  `status_description` text COLLATE utf8_unicode_ci NOT NULL COMMENT 'เธฃเธฒเธขเธฅเธฐเนเธญเธตเธขเธเธเธฒเธฃเธเธเธเธงเธ',
  `status_name` varchar(100) COLLATE utf8_unicode_ci NOT NULL COMMENT 'เธเธนเนเธเธเธเธงเธ',
  `status_active_id` int(11) NOT NULL COMMENT 'เธชเธเธฒเธเธฐเธเธฒเธฃเธเธเธเธงเธ',
  `status_id` int(11) DEFAULT NULL,
  PRIMARY KEY (`id`),
  KEY `fk_status_description_status_active1_idx` (`status_active_id`),
  KEY `fk_status_description_status1_idx` (`status_id`),
  CONSTRAINT `fk_status_description_status1` FOREIGN KEY (`status_id`) REFERENCES `status` (`id`) ON DELETE NO ACTION ON UPDATE NO ACTION,
  CONSTRAINT `fk_status_description_status_active1` FOREIGN KEY (`status_active_id`) REFERENCES `status_active` (`id`) ON DELETE NO ACTION ON UPDATE NO ACTION
) ENGINE=InnoDB DEFAULT CHARSET=utf8 COLLATE=utf8_unicode_ci;
/*!40101 SET character_set_client = @saved_cs_client */;

--
-- Dumping data for table `status_description`
--

LOCK TABLES `status_description` WRITE;
/*!40000 ALTER TABLE `status_description` DISABLE KEYS */;
/*!40000 ALTER TABLE `status_description` ENABLE KEYS */;
UNLOCK TABLES;

--
-- Table structure for table `stock_bdg_year`
--

DROP TABLE IF EXISTS `stock_bdg_year`;
/*!40101 SET @saved_cs_client     = @@character_set_client */;
/*!40101 SET character_set_client = utf8 */;
CREATE TABLE `stock_bdg_year` (
  `bdg_year` int(11) NOT NULL DEFAULT '0',
  `begin_date` date DEFAULT NULL,
  `end_date` date DEFAULT NULL,
  `status_open` char(1) DEFAULT NULL,
  `hos_guid` varchar(38) DEFAULT NULL,
  PRIMARY KEY (`bdg_year`),
  KEY `ix_hos_guid` (`hos_guid`)
) ENGINE=MyISAM DEFAULT CHARSET=tis620;
/*!40101 SET character_set_client = @saved_cs_client */;

--
-- Dumping data for table `stock_bdg_year`
--

LOCK TABLES `stock_bdg_year` WRITE;
/*!40000 ALTER TABLE `stock_bdg_year` DISABLE KEYS */;
INSERT INTO `stock_bdg_year` VALUES (2548,'2004-10-01','2005-09-30','Y',NULL),(2549,'2005-10-01','2006-09-30','Y',NULL),(2550,'2006-10-01','2007-09-30','Y',NULL),(2551,'2007-10-01','2008-09-30','Y',NULL),(2552,'2008-10-01','2009-09-30','Y',NULL),(2553,'2009-10-01','2010-09-30','Y',NULL),(2554,'2010-10-01','2011-09-30','Y',NULL),(2555,'2011-10-01','2013-09-30','Y',''),(2556,'2012-10-01','2014-09-30','Y',NULL),(2557,'2013-10-01','2015-09-30','Y',NULL),(2558,'2014-10-01','2015-09-30','Y',NULL),(2559,'2015-10-01','2016-09-30','Y',NULL),(2560,'2016-10-30','2017-09-30','Y',NULL),(2561,'2017-10-30','2018-09-30','Y',NULL),(2562,'2018-10-30','2019-09-30','Y',NULL),(2563,'2019-10-30','2020-09-30','Y',NULL),(2564,'2020-10-30','2021-09-30','Y',NULL),(2565,'2021-10-30','2022-09-30','Y',NULL),(2566,'2022-10-30','2023-09-30','Y',NULL),(2567,'2023-10-30','2024-09-30','Y',NULL),(2568,'2024-10-30','2025-09-30','Y',NULL),(2569,'2025-10-30','2026-09-30','Y',NULL),(2570,'2026-10-30','2027-09-30','Y',NULL);
/*!40000 ALTER TABLE `stock_bdg_year` ENABLE KEYS */;
UNLOCK TABLES;

--
-- Table structure for table `stock_bdg_year_`
--

DROP TABLE IF EXISTS `stock_bdg_year_`;
/*!40101 SET @saved_cs_client     = @@character_set_client */;
/*!40101 SET character_set_client = utf8 */;
CREATE TABLE `stock_bdg_year_` (
  `bdg_year` int(11) NOT NULL DEFAULT '0',
  `begin_date` date DEFAULT NULL,
  `end_date` date DEFAULT NULL,
  `status_open` char(1) DEFAULT NULL,
  `hos_guid` varchar(38) DEFAULT NULL,
  PRIMARY KEY (`bdg_year`),
  KEY `ix_hos_guid` (`hos_guid`)
) ENGINE=MyISAM DEFAULT CHARSET=tis620;
/*!40101 SET character_set_client = @saved_cs_client */;

--
-- Dumping data for table `stock_bdg_year_`
--

LOCK TABLES `stock_bdg_year_` WRITE;
/*!40000 ALTER TABLE `stock_bdg_year_` DISABLE KEYS */;
INSERT INTO `stock_bdg_year_` VALUES (2548,'2004-10-01','2005-09-30','Y',NULL),(2549,'2005-10-01','2006-09-30','Y',NULL),(2550,'2006-10-01','2007-09-30','Y',NULL),(2551,'2007-10-01','2008-09-30','Y',NULL),(2552,'2008-10-01','2009-09-30','Y',NULL),(2553,'2009-10-01','2010-09-30','Y',NULL),(2554,'2010-10-01','2011-09-30','Y',NULL),(2555,'2011-10-01','2013-09-30','Y',''),(2556,'2012-10-01','2014-09-30','Y',NULL),(2557,'2013-10-01','2015-09-30','Y',NULL),(2558,'2014-10-01','2015-09-30','Y',NULL),(2559,'2015-10-01','2016-09-30','Y',NULL);
/*!40000 ALTER TABLE `stock_bdg_year_` ENABLE KEYS */;
UNLOCK TABLES;

--
-- Table structure for table `sub_med_type`
--

DROP TABLE IF EXISTS `sub_med_type`;
/*!40101 SET @saved_cs_client     = @@character_set_client */;
/*!40101 SET character_set_client = utf8 */;
CREATE TABLE `sub_med_type` (
  `id` int(11) NOT NULL AUTO_INCREMENT COMMENT 'ID',
  `type_med_id` int(11) NOT NULL COMMENT 'เธเธฃเธฐเนเธเธเธเธงเธฒเธกเนเธชเธตเนเธขเธ',
  `sub_med_type_name` varchar(100) COLLATE utf8_unicode_ci NOT NULL COMMENT 'เธเธฃเธฐเนเธเธเธขเนเธญเธข',
  PRIMARY KEY (`id`),
  KEY `fk_sub_type_type1_idx` (`type_med_id`) USING BTREE,
  CONSTRAINT `sub_med_type_ibfk_1` FOREIGN KEY (`type_med_id`) REFERENCES `type` (`id`) ON DELETE NO ACTION ON UPDATE NO ACTION
) ENGINE=InnoDB AUTO_INCREMENT=38 DEFAULT CHARSET=utf8 COLLATE=utf8_unicode_ci ROW_FORMAT=COMPACT;
/*!40101 SET character_set_client = @saved_cs_client */;

--
-- Dumping data for table `sub_med_type`
--

LOCK TABLES `sub_med_type` WRITE;
/*!40000 ALTER TABLE `sub_med_type` DISABLE KEYS */;
INSERT INTO `sub_med_type` VALUES (1,1,'ไม่ได้ให้ยา'),(2,1,'ไม่ให้ยาตามแพทย์สั่ง'),(3,1,'ให้ยาที่ไม่ได้สั่ง'),(4,1,'ให้ยาผิดคน'),(5,1,'ให้ยาผิดความแรง'),(6,1,'ให้ยาผิดจำนวน / ผิดขนาด'),(7,1,'ให้ยาผิดชนิด'),(8,1,'ให้ยาผิดช่องทาง'),(9,1,'ให้ยาผิดรูปแบบ'),(10,1,'ให้ยาผิดเวลา'),(11,1,'ให้ยาผิดเวลา'),(12,2,'จ่ายยาผิดความแรง'),(13,2,'จ่ายยาผิดจำนวน'),(14,2,'จ่ายยาผิดชนิด'),(15,2,'จ่ายยาผิดรูปแบบ'),(16,2,'จ่ายยาผิดเวลา'),(17,2,'ไม่ได้จ่ายยา'),(18,3,'ไม่ได้สั่งยา'),(19,3,'สั่ง / ให้ยาที่ผู้ป่วยมีประวัติแพ้'),(20,3,'สั่งยาผิดขนาด'),(21,3,'สั่งยาผิดคน'),(22,3,'สั่งยาผิดความแรง'),(23,3,'สั่งยาผิดจำนวน'),(24,3,'สั่งยาผิดชนิด'),(25,3,'สั่งยาผิดรูปแบบ'),(26,3,'สั่งยาไม่ชัดเจน'),(27,3,'สั่งยาไม่เหมาะสม'),(28,3,'สั่งยาออกฤทธิ์เหมือนกัน'),(29,4,'การเบิกจ่ายยา / เวชภัณฑ์'),(30,4,'คุณภาพเวชภัณฑ์'),(31,4,'จัดยาผิดความแรง'),(32,4,'จัดยาผิดจำนวน'),(33,4,'จัดยาผิดชนิด'),(34,4,'จัดยาผิดรูปแบบ'),(35,2,'จ่ายยาผิดคน'),(36,4,'ไม่ได้จัดยา'),(37,4,'ระบบ Medication reconcilation');
/*!40000 ALTER TABLE `sub_med_type` ENABLE KEYS */;
UNLOCK TABLES;

--
-- Table structure for table `sub_type`
--

DROP TABLE IF EXISTS `sub_type`;
/*!40101 SET @saved_cs_client     = @@character_set_client */;
/*!40101 SET character_set_client = utf8 */;
CREATE TABLE `sub_type` (
  `id` int(11) NOT NULL AUTO_INCREMENT COMMENT 'ID',
  `type_id` int(11) NOT NULL COMMENT 'เธเธฃเธฐเนเธเธเธเธงเธฒเธกเนเธชเธตเนเธขเธ',
  `sub_type_name` varchar(100) COLLATE utf8_unicode_ci NOT NULL COMMENT 'เธเธฃเธฐเนเธเธเธขเนเธญเธข',
  PRIMARY KEY (`id`),
  KEY `fk_sub_type_type1_idx` (`type_id`),
  CONSTRAINT `fk_sub_type_type1` FOREIGN KEY (`type_id`) REFERENCES `type` (`id`) ON DELETE NO ACTION ON UPDATE NO ACTION
) ENGINE=InnoDB AUTO_INCREMENT=88 DEFAULT CHARSET=utf8 COLLATE=utf8_unicode_ci;
/*!40101 SET character_set_client = @saved_cs_client */;

--
-- Dumping data for table `sub_type`
--

LOCK TABLES `sub_type` WRITE;
/*!40000 ALTER TABLE `sub_type` DISABLE KEYS */;
INSERT INTO `sub_type` VALUES (1,1,'การคัดกรอง ประเมินผิดพลาด'),(2,1,'การวินิจฉัยผิดพลาด ล่าช้า'),(3,1,'ผล Lab ผิดพลาดล่าช้า'),(4,1,'X-Ray ผิดท่า / ไม่ชัดเจน'),(5,1,'ผู้ป่วยตกเตียง'),(6,1,'เข็มทิ่มตำ'),(7,1,'ให้การรักษาล่าช้า'),(8,1,'ภาวะแทรกซ้อนทางหัตถการ'),(9,1,'ภาวะแทรกซ้อนทางทันตกรรม'),(10,1,'ปฏิกิริยาจากการให้เลือด'),(11,1,'เสียชีวิตโดยไม่คาดคิด'),(12,1,'Revisit โรคเดิม 48 ชั่วโมง'),(13,1,'การส่งต่อล่าช้า'),(14,1,'ไม่สมัครใจอยู่'),(15,2,'เวชระเบียนสูญหาย'),(16,2,'เวชระเบียนผิดคน'),(17,2,'ส่งสิทธิ์การรักษาผิดพลาด'),(18,2,'การบันทึกข้อมูลไม่สมบูรณ์'),(19,2,'ความลับถูกเปิดเผย'),(20,2,'สรุปเวชระเบียนล่าช้า'),(21,2,'โปรแกรมขัดข้อง'),(22,3,'สั่งยาผิดคน'),(23,3,'สั่งยาผิดชนิด'),(24,3,'สั่งยาผิดความแรง'),(25,3,'สั่งยาผิดรูปแบบ'),(26,3,'สั่งยาผิดจำนวน'),(27,3,'จัดยาผิดชนิด'),(28,3,'จัดยาผิดความแรง'),(29,3,'จัดยาผิดรูปแบบ'),(30,3,'จัดยาผิดจำนวน'),(31,3,'จ่ายยาผิดคน'),(32,3,'จ่ายยาผิดชนิด'),(33,3,'จ่ายยาผิดความแรง'),(34,3,'จ่ายยาผิดรูปแบบ'),(35,3,'จ่ายยาผิดจำนวน'),(36,3,'ให้ยาผิดคน'),(37,3,'ให้ยาผิดชนิด'),(38,3,'ให้ยาผิดความแรง'),(39,3,'ให้ยาผิดรูปแบบ'),(40,3,'ให้ยาผิดจำนวน / ผิดขนาด'),(41,3,'ให้ยาผิดช่องทาง'),(42,3,'ให้ยาผิดเวลา'),(43,3,'คุณภาพเวชภัณฑ์'),(44,3,'การเบิกจ่ายยา / เวชภัณฑ์'),(45,4,'มารดา / ทารกบาดเจ็บจากการคลอด'),(47,4,'Fetal distress'),(48,4,'Birth asphyxia'),(49,4,'ภาวะแทรกซ้อนจากการคลอด'),(50,4,'ตกเลือดหลังคลอด'),(51,5,'ไม่เพียงพอ'),(52,5,'ไม่พร้อมใช้'),(53,5,'เครื่องมือทำงานผิดปกติ'),(54,5,'หมดอายุ / ชำรุดเสียหาย'),(55,6,'ระบบไฟฟ้า'),(56,6,'ระบบน้ำ'),(57,6,'ระบบก๊าซ'),(58,6,'รถยนต์'),(59,6,'โทรศัพท์ / Internet / ข้อมูลสารสนเทศ'),(60,7,'ลื่นล้ม'),(61,7,'บาดเจ็บ / ติดเชื้อจากการทำงาน'),(62,7,'โดนทำร้ายร่างกาย'),(63,7,'ได้รับรังสีเกินขนาด'),(64,7,'โจรกรรม'),(65,7,'อัคคีภัย'),(66,7,'อาคารสถานที่'),(68,8,'ข้อร้องเรียน / ข้อเสนอแนะ'),(69,8,'อื่นๆ'),(70,3,'สั่งยาออกฤทธิ์เหมือนกัน'),(71,3,'ไม่ได้สั่งยา'),(72,3,'ไม่ได้จัดยา'),(73,3,'ไม่ได้จ่ายยา'),(74,3,'ไม่ได้ให้ยา'),(75,1,'ระบบนัด'),(76,4,'การประเมินความเสี่ยง'),(77,3,'ไม่ให้ยาตามแพทย์สั่ง'),(78,3,'ให้ยาผิดเวลา'),(79,3,'สั่ง / ให้ยาที่ผู้ป่วยมีประวัติแพ้'),(80,3,'สั่งยาไม่เหมาะสม'),(81,3,'สั่งยาไม่ชัดเจน'),(82,3,'ให้ยาที่ไม่ได้สั่ง'),(83,3,'ระบบ Medication reconcilation'),(84,3,'จ่ายยาผิดเวลา'),(85,3,'สั่งยาผิดขนาด'),(86,3,'จ่ายยาไม่ครบถ้วน'),(87,1,'ไม่ทำตาม Guideline');
/*!40000 ALTER TABLE `sub_type` ENABLE KEYS */;
UNLOCK TABLES;

--
-- Table structure for table `system`
--

DROP TABLE IF EXISTS `system`;
/*!40101 SET @saved_cs_client     = @@character_set_client */;
/*!40101 SET character_set_client = utf8 */;
CREATE TABLE `system` (
  `id` int(11) NOT NULL AUTO_INCREMENT COMMENT 'ID',
  `system_name` varchar(100) COLLATE utf8_unicode_ci NOT NULL COMMENT 'เธชเธฒเนเธซเธเธธเนเธเธดเธเธฃเธฐเธเธ',
  PRIMARY KEY (`id`)
) ENGINE=InnoDB AUTO_INCREMENT=12 DEFAULT CHARSET=utf8 COLLATE=utf8_unicode_ci;
/*!40101 SET character_set_client = @saved_cs_client */;

--
-- Dumping data for table `system`
--

LOCK TABLES `system` WRITE;
/*!40000 ALTER TABLE `system` DISABLE KEYS */;
INSERT INTO `system` VALUES (1,'การฝึกอบรมปฐมนิเทศ'),(2,'การเข้าถึงข้อมูลข่าวสาร'),(3,'สิ่งแวดล้อม'),(4,'วัฒนธรรมขององค์กร'),(5,'ช่องทางการสื่อสาร'),(6,'สมรรถนะของเจ้าหน้าที่'),(7,'ภาระงาน'),(8,'การออกแบบระบบงาน'),(9,'การนิเทศ ควบคุม กำกับ'),(10,'ความบกพร่องของเครื่องมือ'),(11,'อื่นๆ');
/*!40000 ALTER TABLE `system` ENABLE KEYS */;
UNLOCK TABLES;

--
-- Table structure for table `treat`
--

DROP TABLE IF EXISTS `treat`;
/*!40101 SET @saved_cs_client     = @@character_set_client */;
/*!40101 SET character_set_client = utf8 */;
CREATE TABLE `treat` (
  `id` int(11) NOT NULL AUTO_INCREMENT COMMENT 'ID',
  `treat_name` varchar(100) COLLATE utf8_unicode_ci NOT NULL COMMENT 'เธฃเธฐเธเธเธเนเธญเธกเธนเธฅเธเธฒเธฃเธเธนเนเธฅเธฃเธฑเธเธฉเธฒ',
  PRIMARY KEY (`id`)
) ENGINE=InnoDB AUTO_INCREMENT=6 DEFAULT CHARSET=utf8 COLLATE=utf8_unicode_ci;
/*!40101 SET character_set_client = @saved_cs_client */;

--
-- Dumping data for table `treat`
--

LOCK TABLES `treat` WRITE;
/*!40000 ALTER TABLE `treat` DISABLE KEYS */;
INSERT INTO `treat` VALUES (1,'เวชระเบียนสูญหาย / หาไม่เจอ'),(2,'เวชระเบียนสลับกัน'),(3,'ความลับถูกเปิดเผย'),(4,'การบันทึกไม่สมบูรณ์ / ไม่ถูกต้อง'),(5,'ระบบโปรแกรมขัดข้อง');
/*!40000 ALTER TABLE `treat` ENABLE KEYS */;
UNLOCK TABLES;

--
-- Table structure for table `type`
--

DROP TABLE IF EXISTS `type`;
/*!40101 SET @saved_cs_client     = @@character_set_client */;
/*!40101 SET character_set_client = utf8 */;
CREATE TABLE `type` (
  `id` int(11) NOT NULL AUTO_INCREMENT COMMENT 'ID',
  `type_name` varchar(100) COLLATE utf8_unicode_ci NOT NULL COMMENT 'เธเธฃเธฐเนเธเธเธเธงเธฒเธกเนเธชเธตเนเธขเธ',
  PRIMARY KEY (`id`)
) ENGINE=InnoDB AUTO_INCREMENT=9 DEFAULT CHARSET=utf8 COLLATE=utf8_unicode_ci;
/*!40101 SET character_set_client = @saved_cs_client */;

--
-- Dumping data for table `type`
--

LOCK TABLES `type` WRITE;
/*!40000 ALTER TABLE `type` DISABLE KEYS */;
INSERT INTO `type` VALUES (1,'การดูแลรักษา'),(2,'ระบบเวชระเบียน'),(3,'ระบบยา / สารน้ำ / เลือด'),(4,'การคลอด'),(5,'เครื่องมือ / อุปกรณ์การแพทย์'),(6,'ระบบสาธาณูปโภค'),(7,'ความปลอดภัย'),(8,'อื่นๆ');
/*!40000 ALTER TABLE `type` ENABLE KEYS */;
UNLOCK TABLES;

--
-- Table structure for table `type_clinic`
--

DROP TABLE IF EXISTS `type_clinic`;
/*!40101 SET @saved_cs_client     = @@character_set_client */;
/*!40101 SET character_set_client = utf8 */;
CREATE TABLE `type_clinic` (
  `id` int(11) NOT NULL,
  `clinic_name` varchar(255) COLLATE utf8_unicode_ci NOT NULL,
  PRIMARY KEY (`id`)
) ENGINE=InnoDB DEFAULT CHARSET=utf8 COLLATE=utf8_unicode_ci;
/*!40101 SET character_set_client = @saved_cs_client */;

--
-- Dumping data for table `type_clinic`
--

LOCK TABLES `type_clinic` WRITE;
/*!40000 ALTER TABLE `type_clinic` DISABLE KEYS */;
INSERT INTO `type_clinic` VALUES (1,'Clinic'),(2,'Non Clinic');
/*!40000 ALTER TABLE `type_clinic` ENABLE KEYS */;
UNLOCK TABLES;

--
-- Table structure for table `type_med`
--

DROP TABLE IF EXISTS `type_med`;
/*!40101 SET @saved_cs_client     = @@character_set_client */;
/*!40101 SET character_set_client = utf8 */;
CREATE TABLE `type_med` (
  `id` int(11) NOT NULL AUTO_INCREMENT COMMENT 'ID',
  `type_name` varchar(100) COLLATE utf8_unicode_ci NOT NULL COMMENT 'เธเธฃเธฐเนเธเธเธเธงเธฒเธกเนเธชเธตเนเธขเธ',
  PRIMARY KEY (`id`)
) ENGINE=InnoDB AUTO_INCREMENT=5 DEFAULT CHARSET=utf8 COLLATE=utf8_unicode_ci ROW_FORMAT=COMPACT;
/*!40101 SET character_set_client = @saved_cs_client */;

--
-- Dumping data for table `type_med`
--

LOCK TABLES `type_med` WRITE;
/*!40000 ALTER TABLE `type_med` DISABLE KEYS */;
INSERT INTO `type_med` VALUES (1,'Administration Error  (ให้ยา)'),(2,'Dispensing Error (จ่ายยา)'),(3,'Prescribing Error (สั่งยา)'),(4,'Processing Error (ระบบ)');
/*!40000 ALTER TABLE `type_med` ENABLE KEYS */;
UNLOCK TABLES;

--
-- Table structure for table `uploads`
--

DROP TABLE IF EXISTS `uploads`;
/*!40101 SET @saved_cs_client     = @@character_set_client */;
/*!40101 SET character_set_client = utf8 */;
CREATE TABLE `uploads` (
  `upload_id` int(11) NOT NULL AUTO_INCREMENT,
  `ref` varchar(50) DEFAULT NULL,
  `file_name` varchar(150) DEFAULT NULL COMMENT 'เธเธทเนเธญเนเธเธฅเน',
  `real_filename` varchar(150) DEFAULT NULL COMMENT 'เธเธทเนเธญเนเธเธฅเนเธเธฃเธดเธ',
  PRIMARY KEY (`upload_id`)
) ENGINE=InnoDB AUTO_INCREMENT=99 DEFAULT CHARSET=utf8;
/*!40101 SET character_set_client = @saved_cs_client */;

--
-- Dumping data for table `uploads`
--

LOCK TABLES `uploads` WRITE;
/*!40000 ALTER TABLE `uploads` DISABLE KEYS */;
INSERT INTO `uploads` VALUES (6,'gCXZbPBugZ7Nh1Jr7M8uN9','image.jpeg','c9b57bb1b57e0b5055a11f8ac06044cb.jpeg'),(7,'J3kcGSGgMyoryoJTJ_R8rX','image.jpeg','0923997d25f4ee52b2c2509dad8ece88.jpeg'),(8,'JFw1_sUARJm1OCCuFsczKU','.jpg','031769ba2fb655efadceb63e499720de.jpg'),(9,'z136XlNvP7RPioFuo3SfvD','Untitled.jpg','c36e563ab56e7dab2fec06be545516e8.jpg'),(10,'q16qownInmfeSBLH2R6Ly5','02-11-2558 10-10-10.png','3f0b51ac67e9531e930d6c6b0e4f10af.png'),(11,'P26RyCHLebMUODXBoOzw59','03-11-2558 10-16-27.png','629813282397ebe08f523fe6f1c86826.png'),(12,'y8BYWak2Rs7ltQMWsg1Y7V','04-11-2558 09-54-59.png','b9892406813a51cc416e9d0f50c04c60.png'),(13,'dZ7QpYhz7-mGudyzyBmZUg','21-10-2558 20-20-38.png','27a0d497335f5289321f7ac81822e05b.png'),(14,'8XMCC4f8JZSdXcW-EjK6s1','27-10-2558 09-19-51.png','2f6cc607909f447a73c63d3ee4e5765b.png'),(15,'spWTZ9NFM5nNbBW7B8-_-F','29-10-2558 11-17-48.png','b3757896ad059f48889b060b73d063ff.png'),(16,'ddSv4Vl4R3GaVQlLycRLce','30-10-2558 10-37-05.png','6f6b215fbe74a83202aaa951a8e7befc.png'),(17,'8XsouaZDAJibTLDbYk5vTz','30-10-2558 10-55-43.png','f5bd326c17c445e8d7336c5a12b309bd.png'),(18,'M3s4cEMMTj0QdZ8UOe0fdb','30-10-2558 18-52-15.png','2b2c614565624312b49593e39b4de427.png'),(19,'2gSz7zC2N6pGW2q3UPGkHP','06-11-2558 17-49-03.png','fbe05dac4437b51b4cdead63254240f4.png'),(20,'V2rxDsKRNHXb0zWaaHeyk0','03-11-2558 11-41-03.png','7f06186645816f1c055274a379472d75.png'),(21,'Ij2b8EXxLwWoZHXieHSR1n','02-11-2558 18-16-07.png','6f79d64d3fb71b28eae28b5cc49925c8.png'),(22,'Ij2b8EXxLwWoZHXieHSR1n','02-11-2558 18-18-35.png','98f5de534ce26fe2b5e9cb81fc63482d.png'),(23,'e6LB0uFKrlsQJ-QJQn3APs','06-11-2558 17-42-19.png','71423d1ff85e30742b86b2d5c6078f39.png'),(24,'zlMkFOp0_QuoiJj9Xzn-da','11-11-2558 08-33-20.png','62ccb9b5fab7394b839db19257ef0f6a.png'),(25,'sDh8Uks3kAjFMxt9zFEzeJ','11-11-2558 11-10-56.png','92e3172adc682a119a8d8c61a3725ba1.png'),(26,'sq-Otm3aobislRjUasOhPr','12-11-2558 19-45-15.png','91a51eee84242fa5e806253a03cb8121.png'),(27,'sq-Otm3aobislRjUasOhPr','12-11-2558 19-52-28.png','e63a7a147e6a7d56edba3ee99e2f7bea.png'),(28,'WyIwecIJsv47qCY7e4Abfh','14-11-2558 10-20-19.png','084e6ac8dd910c2c812a04461bf1e092.png'),(29,'5YhTHn1V3sHzr2DSzFJvK1','14-11-2558 11-22-55.png','902a72f34f7b8e1096098e4fffe8039b.png'),(30,'TP_h8uVawY7yFVtxU4Rftr','24-11-2558 09-29-32.png','94e0b056a38a7ed80d9e5a02b62fb7f0.png'),(31,'YSO2YYIjwDTceRUN9p9l-G','23-11-2558 09-30-34.png','a8c232c7a84082febdacc281986d9095.png'),(32,'gP779PYYvHDaTNGvFQaC8T','24-11-2558 17-13-00.png','f4137be28b2022d80d1ce4eae290c35b.png'),(33,'gP779PYYvHDaTNGvFQaC8T','23-11-2558 09-20-53.png','b45e7b54fc6e2057cb8de9c2e547f69a.png'),(34,'XzejO1fbXwJZOB-ONhRQX_','26-11-2558 19-03-38.png','289037a0cca1ecb22eac1c64a343823a.png'),(35,'XzejO1fbXwJZOB-ONhRQX_','26-11-2558 19-01-04.png','14b9e831891e0db031c3452abfa83a8b.png'),(36,'yxjG-gCM5XKyxrg-qhJL4D','29-11-2558 08-43-00.png','3ba5927d40fe6f9cb0a3ee397ad3ad3b.png'),(37,'YaAtc-tCfEtmMFX-eX-KOw','29-11-2558 12-35-44.png','b0b4d93dc3a5cbcfc0b24f53bf588bf6.png'),(38,'NSoGfJVhFXAbi50UJNhUSR','30-11-2558 18-20-52.png','100969801f4b3c352f50b6cff6603ce7.png'),(39,'NSoGfJVhFXAbi50UJNhUSR','30-11-2558 18-14-31.png','efd5e7541966d1d8ecb2f2b878dfb431.png'),(40,'ld9fNlaRlJ3qK_lTnRx5lc','03-12-2558 10-12-56.png','3cff71ef43fca267cb377fe4c799f02c.png'),(41,'ld9fNlaRlJ3qK_lTnRx5lc','03-12-2558 10-12-10.png','03b27c3c641b6a394b6d6de20b91929b.png'),(42,'LAEDmhE68yqZKTkKE0NEfG','12346746_1138486576178646_1336896344_n.jpg','030e130b7b43d6298a18834f7fa132cb.jpg'),(43,'DmJmwQEmv1Jyppx6G7SzKj','07-12-2558 08-51-49.png','2f673f0cb6d441f49f0db49249c16110.png'),(44,'DmJmwQEmv1Jyppx6G7SzKj','07-12-2558 08-52-14.png','d6b6655b6e3ed6257feffc409440aeba.png'),(45,'MLgLsgDS0C_U37wgMAZ9gO','07-12-2558 19-00-31.png','9bb1c9166d3948b91d8f9944d92a951a.png'),(46,'MLgLsgDS0C_U37wgMAZ9gO','07-12-2558 19-00-46.png','3a6fa0b4a37d2c721c2ada521d16c671.png'),(47,'a26Tqm6-yLQRqBXTrn9DFI','08-12-2558 08-31-58.png','61cc87c2221e8827a56f06603a2b8fd0.png'),(48,'a26Tqm6-yLQRqBXTrn9DFI','08-12-2558 08-32-50.png','abb58e24545188d2615057606d563605.png'),(49,'mYZhe75Z57w0XkgkPDEtML','20-12-2558 11-42-27.png','94b0c3318c9212cef5be4c9cab6846f6.png'),(50,'mYZhe75Z57w0XkgkPDEtML','20-12-2558 11-44-11.png','8cfbe511df6320a4ba62e22f6fd8b819.png'),(52,'BTr95fdJ9xy_4wcWtjdWlH','02-01-2559 12-02-49.png','783e48014b3146d4e1e37e0d4bdee866.png'),(53,'BTr95fdJ9xy_4wcWtjdWlH','02-01-2559 12-07-23.png','fb17024984fcacb2f38a20c46dd93173.png'),(54,'UgGkSVOitgUCnusutRhKLj','07-01-2559 10-08-51.png','f48b705aa47c99428da22a2e270095d6.png'),(56,'Arf9Ly9yD12NTMpieLQ-T9','11-01-2559 14-50-11.png','d766784812866c100671d31311d9291c.png'),(57,'wFoh6yCpX2JBsrQ4UKCq6H','14-01-2559 09-34-47.png','7148c2a19679ae8f4e1ed70c4b72a9a9.png'),(58,'qnafxqJ73b5YHCQSQMMUf1','23-01-2559 10-00-06.png','e168905ce7be130aea9df251d5d715e6.png'),(59,'qnafxqJ73b5YHCQSQMMUf1','23-01-2559 11-24-33.png','f1e24052057f0ff4c8ddd1b721775263.png'),(60,'2dm6ckr1R1sdMwMFQboO35','23-01-2559 15-18-54.png','7a8ea654ee7bb7e0ef7d27e0ce4e7043.png'),(61,'2dm6ckr1R1sdMwMFQboO35','23-01-2559 15-19-06.png','8fea3d1b69099fe79a172dc21f839a41.png'),(62,'Uf1bOcVaNKQ2eGJrxoY9bc','24-01-2559 08-57-19.png','c8d825b788cac823110d77912b835621.png'),(63,'Uf1bOcVaNKQ2eGJrxoY9bc','24-01-2559 08-57-32.png','9ac33ec778b135887c179eea7d5a3d7d.png'),(64,'U2hD4KfRmwUjSsx2oU8oBd','24-01-2559 10-58-48.png','04d1d20bbc4213d22b7d2b2e8416afa7.png'),(65,'3t_y1TP8AFQdHJySfctUtI','24-01-2559 14-30-06.png','4eb96d3381fff850666539a1e965927c.png'),(66,'3t_y1TP8AFQdHJySfctUtI','24-01-2559 14-32-02.png','1741563d76f24066c3a8201bb7254f6d.png'),(67,'L_Lq8fKQ5hmdi467B5RDHC','27-01-2559 18-04-59.png','d03db53d71334c6bbe67c883a3f94c8a.png'),(68,'L_Lq8fKQ5hmdi467B5RDHC','27-01-2559 18-05-44.png','429f2f888db44817bb157c54e609066c.png'),(69,'gts5HIN_ZxdCc2lIbJXgVL','11-02-2559 13-55-37.png','1be10c4fecde0ae98e5aa17e739b2afa.png'),(70,'cVX_1JRkiEeOEPKsiajxIk','12-02-2559 09-26-21.png','195ed97732c6daf68e9d9248a5c9b613.png'),(71,'C5O8jHPaqHWpDrFAb2PrZg','13-02-2559 10-57-28.png','bce15e80759b1f55caeeef55a46f8649.png'),(72,'C5O8jHPaqHWpDrFAb2PrZg','13-02-2559 10-58-12.png','6f2398ed001ec4540ff12e612a644ce6.png'),(73,'djku_cyhFqUm1bdtNcX2W8','22-02-2559 09-39-28.png','0779462c48f44bae6474617bff413a90.png'),(74,'djku_cyhFqUm1bdtNcX2W8','22-02-2559 09-54-03.png','7e50967e57d25972acf2d8cfbc8de239.png'),(75,'Ddhkzl4TWpB2p-4mhu4qRT','28-02-2559 11-07-24.png','cf0ce8798bb54643e1826162637ef39c.png'),(76,'R6wZv_OTBFICwzZIKwLFXC','24-03-2559 14-05-01.png','6f28e1d749dcf4cda800baaf6a52773a.png'),(77,'3dWG_-LSvP4zQz43DaHl4r','alvarado score.jpg','25111c7ed75e4715449e73a540653e3b.jpg'),(78,'Oe9udHkwcG9_J-zOEZ3FBV','02-04-2559 12-38-32.png','c2b6522b16d52fdc5380d04a6c2c992a.png'),(79,'M0bML8HaMVVGgEFD2esBBz','04-05-2559 11-43-32.png','0091b030b36dc15ff05ff71ea06a14cb.png'),(80,'qoNyEnxXBuNV7fShilbuLm','08-05-2559 12-12-47.png','38b451db09769e754465b4aa7b8848ca.png'),(81,'qoNyEnxXBuNV7fShilbuLm','08-05-2559 12-12-26.png','26ef8829caca0e1c99b3ddb25604175b.png'),(82,'S8pA_Y-zAPwtlr1P5whIdw','07-06-2559 17-31-34.png','7ae021271bd945038f7b3512aeb0366d.png'),(83,'XU5MJlptE7epZHc0qNa5Ap','08-06-2559 14-10-36.png','3a83def0ff76227322e1a56fe3c1d4bd.png'),(84,'7wbm1QPldsytjCPuBdWTcr','09-06-2559 14-21-35.png','d3049c61144bca0467e122e6af9b31ec.png'),(85,'7wbm1QPldsytjCPuBdWTcr','09-06-2559 14-21-58.png','c67bc382ef3b33197179e814d62c7397.png'),(86,'XU5MJlptE7epZHc0qNa5Ap','08-06-2559 14-10-04.png','3902bd7aa7931646baa174958a81a517.png'),(87,'oACAqrfsfposrYsHA5CL06','09-06-2559 18-20-07.png','f806e983731af95f87a80b8325a49b57.png'),(88,'oACAqrfsfposrYsHA5CL06','09-06-2559 18-20-18.png','0079eb6f889fecf6b5e4c4168dcecf0d.png'),(89,'dBDgyPbmXUMajVFfVeZoYz','11-06-2559 09-11-44.png','f764d09781724c4ea5a518d537f6d16e.png'),(90,'dBDgyPbmXUMajVFfVeZoYz','11-06-2559 09-13-07.png','9c3431b694fc1e5512b4f5f4781cbd88.png'),(91,'tsDTuhV5wLPQdGw0KOwQD1','11-06-2559 08-38-51.png','79c44e66e5e54f160366b85670ec62f9.png'),(92,'tsDTuhV5wLPQdGw0KOwQD1','11-06-2559 08-39-03.png','4b8867b1d05f68ab102bc8315a95cdad.png'),(93,'jiCg0TncH77SBWSV1vjl3G','15-06-2559 19-26-25.png','66ecbefd633ba234b8c5c3f22c798225.png'),(94,'jiCg0TncH77SBWSV1vjl3G','15-06-2559 19-26-08.png','4e9ead08a398d25a62a0826f31e61472.png'),(95,'XcGVIsa9hC3g2RyWxoEOqp','17-06-2559 19-13-23.png','78666c04acf11efba243004f7a715e50.png'),(96,'XcGVIsa9hC3g2RyWxoEOqp','17-06-2559 19-16-33.png','f4cad21de76b55f335a917616bcc8647.png'),(97,'kADG_HTPhX8AzfzLm05CL4','13535913_1277541882273114_1293036913_n.jpg','2d9071aade00f4d506bb7ffb8b6c420e.jpg'),(98,'0quhowdd-zj4VTpGPNOGUe','3-7-2559 16-18-01.png','fa542b6e469837d64ae034f62ec989af.png');
/*!40000 ALTER TABLE `uploads` ENABLE KEYS */;
UNLOCK TABLES;

--
-- Table structure for table `user`
--

DROP TABLE IF EXISTS `user`;
/*!40101 SET @saved_cs_client     = @@character_set_client */;
/*!40101 SET character_set_client = utf8 */;
CREATE TABLE `user` (
  `id` int(11) NOT NULL AUTO_INCREMENT,
  `username` varchar(255) COLLATE utf8_unicode_ci NOT NULL,
  `auth_key` varchar(32) COLLATE utf8_unicode_ci NOT NULL,
  `password_hash` varchar(255) COLLATE utf8_unicode_ci NOT NULL,
  `password_reset_token` varchar(255) COLLATE utf8_unicode_ci DEFAULT NULL,
  `email` varchar(255) COLLATE utf8_unicode_ci NOT NULL,
  `status` smallint(6) NOT NULL DEFAULT '10',
  `created_at` int(11) NOT NULL,
  `updated_at` int(11) NOT NULL,
  `role` int(11) DEFAULT NULL,
  `location_id` int(11) NOT NULL,
  PRIMARY KEY (`id`),
  KEY `location_id` (`location_id`) USING BTREE
) ENGINE=InnoDB AUTO_INCREMENT=43 DEFAULT CHARSET=utf8 COLLATE=utf8_unicode_ci;
/*!40101 SET character_set_client = @saved_cs_client */;

--
-- Dumping data for table `user`
--

LOCK TABLES `user` WRITE;
/*!40000 ALTER TABLE `user` DISABLE KEYS */;
INSERT INTO `user` VALUES (4,'Danai','N6nOUrJepWloL1g8JcjzWGWMfOFN8v1S','$2y$13$IOMvBzLK/xMGC09ZRUhKQeoBgXyaYFDFteRBhsu9poSbRRq0ShQt.',NULL,'Lifegoon_2006@hotmail.com',10,1436332653,1436332653,30,0),(5,'kannika','t9Bp4Hoc1By_4PckYiN9ZdWMMM53nu8Z','$2y$13$DjG6W6hkdL76S6O80luYkOHnokmCtN4D27MgsiGy78qy/GR79n04O',NULL,'kannika_pi@hotmail.com',10,1436333173,1437030434,20,0),(6,'Sronsai','Vz35CRIwZWhb6QibsQwRneD-Cs34BPSG','$2y$13$ZkI2A1CxR4e6LR3uZPi1JeGrvV8KvL.prnTVYyrhwgarhL/NCDGkK',NULL,'foyplvowlp@gmail.com',10,1436333209,1436333209,20,0),(7,'admin','N3G1-JX1gE-d-1M659siPRfM8KKD5V_U','$2y$13$GFv/pi9CUupYrIq93GJ86.OZwIryM68QHWbSST1dnr6/TezQlNjn.',NULL,'admin@hotmail.com',10,1436934908,1453107600,30,0),(8,'yuvalit','m7c0t22c_hp7uA2POXlPmh2mBuOkj8v0','$2y$13$3zrRA5R6R.N.N6h9eL7DT.3cR46ovGp1PDT4uXtHQM/2d8je6islG',NULL,'yuvalit.t@gmail.com',10,1436943043,1436943043,20,0),(9,'suchada','9yaN7i5Ta38a93LaKvdbQ_1u-kxdLeIK','$2y$13$j5FdYUSV67xqqWMVAQwNbuns64PUTUM0KiqMnVXhkJKA/RQetL4P2',NULL,'suchada@hotmail.com',10,1436943771,1453107628,20,0),(10,'siriporn','P8OGa8e0gHhzZ3761klhvQEup8GTtKSc','$2y$13$emrNGskyFZn9XaErywDK4.cXox3N6.GqHn6bxZw00DA4avB.8xzWC',NULL,'ssangkhaw@yahoo.com',10,1436944468,1436944468,30,0),(11,'care','Kaf6n3P1GeODVeK6r8_6_L9BhwNhq2Gy','$2y$13$QKJiu6BifUBXUP.DZELJmON8A4ckgoh7nhMsYt1Rm90e8t7Rfqp4y',NULL,'pak@hotmail.com',10,1436944831,1436944831,20,0),(12,'pat','xuHRTtNpAsUHtVBdGdso_BC2Y0UC_bnf','$2y$13$oHhXY3UgrTuHpbaeDbSojeKA7LE5LstW7GJ7qKh2fFCEbITd0Xkiq',NULL,'patmarikamas@hotmail.co.th',10,1436945173,1436945173,20,0),(13,'warang','YO1EEgKDXdzcsICG-3mrmrV6NXjjLeVn','$2y$13$OBDh3R80ffZMbmNyLgSlleB5mSvg1vndIpWT5xVmrAVeTEEGLBwGG',NULL,'warang@hotmail.com',10,1436945641,1442809626,20,0),(14,'suknapak','HUD3DD9IpIh5o6Cn4j6mad4mOUyqyIN2','$2y$13$8eZGI6TfnNqjQ0s3ztxZNuxLhak3X8E0hgH4aydImp8Fw9l6VsL36',NULL,'suknapak_boo@hotmail.com',10,1436947010,1461228568,20,0),(15,'Prapawan','dvRA3W8mKaHtAJtht2sBflBeV57Iohbw','$2y$13$jemjdUdoFwQLgO3/Pj1blufB6bL2CJdm6A2RCK4R3x4/ufOw.0.0e',NULL,'Prapawan@hotmail.com',10,1436947405,1436947405,20,0),(16,'natcha','2XrmxgTBnTaD4C4VDNQL27V3VuvHoRFe','$2y$13$JLSFtkXjbIM9WutQX6Ie6eazWklZBU/9/IgRoEKX7n32r3i/A29N6',NULL,'jantarat8889@gmail.com',10,1436948697,1442822051,20,0),(17,'pattamaporn','Yl3m5VUDOjI2izGSwg1p4a1kFUQ_KKc9','$2y$13$4WUs3264dwJgXVyfeIMGgOKQYc2DEgf/Q4gFAG2b5OlDRalj2CSo2',NULL,'pattamaporn@hotmail.com',10,1437012725,1437012725,20,0),(18,'Ratchadaporn','yH4DQHFs7TteVXxb-wm7yjkQUMXlT034','$2y$13$OWHhuRjmotzWXVaSvxv6LubnOKOsMYchYfPh4lkR4iPceOi5GMfkS',NULL,'free-radical18@hotmail.com',10,1437013357,1443580926,20,0),(19,'tommy','rb7RiUF-_mE3_a0oFr-dkPkYYYTedRkX','$2y$13$XZ40TOKdudwunqYKwfyYsuCF/Y/ZtWBR7l1vs6.sYiEgPC2DXLwL.',NULL,'tommy@hotmail.com',10,1437014931,1437014931,20,0),(20,'supadee','3euDX5fPbnwicyVlQSLoldVYZg4vjoky','$2y$13$n0QHwu3KVDu55Hhi/q4KveIorqrhy4./o/YKLOjPVn2FGpZ8K/Qnm',NULL,'supadee@hotmail.com',10,1437015223,1444626194,20,0),(21,'donrasee','2My8jPdxRJ_ta1wY8oVF5DU0LYKzYC66','$2y$13$Qf0QEypl6Q4Dr9YPZbOji.7DTQ.mQDsjfAbdGBVK76BKIivrEtJFi',NULL,'donrasee@hotmail.com',10,1437015594,1437015594,20,0),(22,'sanan','84Qyzo-0tgsz5nHNYDn8C-2ztNYzv2up','$2y$13$cLeqU7kFnmZaBCy2JP55cOwvz36FTi9vhhRm/NYEAxMcgvuVXDFha',NULL,'holidaykrub@hotmail.com',10,1437016143,1443604348,20,0),(23,'chalakorn','jHLfAF1scpm2cROCjwrOMB0G_KTSw479','$2y$13$YHLe3dUXw1JdskiAArisEu8QTrVQ8HDlZ3f4CgUu45xbQu.e2AoGi',NULL,'chalakorn@hotmail.com',10,1437018547,1455004106,20,0),(24,'parimon','uQfAqrDUBFpuco5QPaWhnIkLHf6L6y50','$2y$13$ebBMOAVfgXeJucJ4PMba3eDB7sXHNcJsJz7CPtsgGHUlXPK8MHbWi',NULL,'parimon@hotmail.com',10,1437018612,1438836654,20,0),(25,'สุภาวดี','i8Et5Rs1fHIFOtXKSqNZHNA8Xfeps4Dx','$2y$13$0iPmY2FqQvx6z1iZvZBw2eBOVsHO2W8WIznLgi7hF1IwBcCIWUVH6',NULL,'supawadee_2514@hotmail.com',10,1437019424,1443511073,20,0),(26,'ipd','EVoZO6hoITqKTaRdRsiQSTlYYe-hNf7v','$2y$13$jCbfkJDos0vEYCzpcBgdMeVMYF12K88N.p1Bbo4wuFJ1lObbHh5xm',NULL,'ipd@hotmail.com',10,1437030621,1437030621,10,0),(27,'toodtu','yQH9LGjS2v0GwCc6GdgH67cSSSm1nn-o','$2y$13$L6btO5/Vg/fDxqu9by22PuZKoYitKnasYMp3p45jnK8sBf9n6psnG',NULL,'toodtu@hotmail.com',10,1437031739,1443520421,20,0),(28,'Phatchana','PbbxPfItzkUcA0zzzfIimiEAYM0V24sY','$2y$13$LHueRKP0LevBg.WTLE8MGO8sMe9Lc0hKrB2WsVTCikXq7J8aUoYja',NULL,'suttinee.bead@hotmail.com',10,1437032307,1459752945,20,0),(29,'kitdanai','jbR3096FjcWMaBg4ZOX5p-TLBZCUt2TZ','$2y$13$yDt7QJziBGlmuNJw.72/H.T9ZBo9ZaStiWHTyXBn8HgQvVjV66Hyy',NULL,'athlelatic01@gmail.com',10,1437035640,1443501343,20,0),(30,'สุทธิดา','7gbf3UiGgZPTz7RSXDwZu3q8UFHBOL4v','$2y$13$1eVx5GrfzxouIYASBymqveN/K7AGpTXOUSHM9d3alR.12rS5WYoiq',NULL,'ada.sutthida@gmail.com',10,1437099483,1444878441,20,0),(31,'anchalee','GMGBAz6k_cstCkB51uCsxJDn-M_66mXT','$2y$13$8OslsCFgTBq32QOJbI0SvObKpNckQNBcMMLGEsHrWgTPvoCWlGCji',NULL,'ma_army1@hotmail.com',10,1437100944,1437100944,10,0),(32,'surawish','6i5jOqm32mK_ocnM7Gc1Tl_GSVFGbfnk','$2y$13$1a.ijFP1DwJbtMIqM7AwY.oX3uXrvdAVqQb.9r8DsTJyuwjk9M.O2',NULL,'surawish01@hotmail.com',10,1437102547,1437102547,20,0),(33,'chula','Jl4gC2vzzYf3POXq5HVAD12pIJWdrLVh','$2y$13$npYmRKBl980F7aGu4/JUlOvzVjEBDV/LRsJczgE3PUOc8y/bq2WBq',NULL,'chula_proh@hotmail.com',10,1437534413,1454550814,20,0),(34,'card','YLhAHgiTHFOCvV3Ohn7qJEYy7tzlIDLE','$2y$13$0769F5FnyIKH4EileGPO..fH6xeazEh.AQO/Tf4gDKY74lwCB.nGq',NULL,'card@hotmail.com',10,1437536635,1437536635,20,0),(35,'Thapane','25FRTqdII23L3IkiF2ZeP37QbUXCt1Ht','$2y$13$iGJ.gnr5aFuowqwSFsiWkeXV9BBQjoEZSatRRFSwvujGCGJidavQK',NULL,'Sornsawang@hotmail.com',10,1439279214,1439279214,20,0),(36,'surachai','bweR9Q8iaD85ulV7awMkIKE2HBBns75Z','$2y$13$XQsOHd3nkfchDZEGOeqdn..E6SoqKD0ITaL9WbrBQB4GaIsdHPiw6',NULL,'ninetea@gmail.com',10,1440744824,1440744824,20,0),(37,'อติพงษ์','bseD0X8_7lbYVI2ufaCRtguBZMvwCoy2','$2y$13$ZQP3KI6NEw5lxq3Mxrg2EOBQohmrszVEgAsVmdOCbeRhxmKKJnZfu',NULL,'ati_0872189053@hotmail.com',10,1442394875,1442394875,20,0),(38,'kavisara','_8U5h3ZTb9xWTgTAVNXAe1qeYvtWP23C','$2y$13$jhuh7N62wgwMfpy3oHzkI.xWFC9OIubOKbyP4XhM806U8q6xDpnxy',NULL,'nangfa007@gmail.com',10,1442822196,1466137720,20,0),(39,'rapeepan','eIv3TydHnTDTMMNLP4p3y4OrkXpRLn29','$2y$13$DlZrjIdIx5jAvgynOTA8MeBmXF6XSumqT/sy7SQaHiEIqLcNEkYN.',NULL,'rapeepan@hotmail.com',10,1442905222,1444626229,20,0),(40,'Malinee_N','AiU0PwLoYXWmurjrt44Sy6LQBWhzlR0V','$2y$13$dLUHSBjVrz3R1rp1Db6oLuSVCDSL7g2whjvLFLnpFenRCd7p/Jgy2',NULL,'Malinee@gmail.com',10,1443077231,1443077231,20,0),(41,'phu','-dPdwRivUEOsPga55X4QKAwFiyHtipxX','$2y$13$w6UY8Ts/h.ts6ARd7HoFTeTKEnCQiPXZf/.aASNeCbC5T4bJHEylW',NULL,'phu@hotmail.com',10,1443518056,1443518056,20,0),(42,'ladawan','Wu-rL60LbUbTHS_S1lku0Y0P73g1a9Mr','$2y$13$.Asoq1RtlaLY/VD04jhpB.NV.0Q6dD7FwzTnwg48uhRDhzbgRummi',NULL,'ladawan@hotmail.com',10,1454482245,1454482245,20,0);
/*!40000 ALTER TABLE `user` ENABLE KEYS */;
UNLOCK TABLES;
/*!40103 SET TIME_ZONE=@OLD_TIME_ZONE */;

/*!40101 SET SQL_MODE=@OLD_SQL_MODE */;
/*!40014 SET FOREIGN_KEY_CHECKS=@OLD_FOREIGN_KEY_CHECKS */;
/*!40014 SET UNIQUE_CHECKS=@OLD_UNIQUE_CHECKS */;
/*!40101 SET CHARACTER_SET_CLIENT=@OLD_CHARACTER_SET_CLIENT */;
/*!40101 SET CHARACTER_SET_RESULTS=@OLD_CHARACTER_SET_RESULTS */;
/*!40101 SET COLLATION_CONNECTION=@OLD_COLLATION_CONNECTION */;
/*!40111 SET SQL_NOTES=@OLD_SQL_NOTES */;

-- Dump completed on 2016-08-05  0:00:02
