-- MySQL Administrator dump 1.4
--
-- ------------------------------------------------------
-- Server version	5.5.32-MariaDB


/*!40101 SET @OLD_CHARACTER_SET_CLIENT=@@CHARACTER_SET_CLIENT */;
/*!40101 SET @OLD_CHARACTER_SET_RESULTS=@@CHARACTER_SET_RESULTS */;
/*!40101 SET @OLD_COLLATION_CONNECTION=@@COLLATION_CONNECTION */;
/*!40101 SET NAMES utf8 */;

/*!40014 SET @OLD_UNIQUE_CHECKS=@@UNIQUE_CHECKS, UNIQUE_CHECKS=0 */;
/*!40014 SET @OLD_FOREIGN_KEY_CHECKS=@@FOREIGN_KEY_CHECKS, FOREIGN_KEY_CHECKS=0 */;
/*!40101 SET @OLD_SQL_MODE=@@SQL_MODE, SQL_MODE='NO_AUTO_VALUE_ON_ZERO' */;


--
-- Create schema rm
--

CREATE DATABASE IF NOT EXISTS rm;
USE rm;

--
-- Definition of table `clear`
--

DROP TABLE IF EXISTS `clear`;
CREATE TABLE `clear` (
  `id` int(11) NOT NULL AUTO_INCREMENT,
  `clear_name` varchar(100) COLLATE utf8_unicode_ci NOT NULL COMMENT 'สาเหตุที่ชัดแจ้ง',
  PRIMARY KEY (`id`)
) ENGINE=InnoDB AUTO_INCREMENT=9 DEFAULT CHARSET=utf8 COLLATE=utf8_unicode_ci;

--
-- Dumping data for table `clear`
--

/*!40000 ALTER TABLE `clear` DISABLE KEYS */;
INSERT INTO `clear` (`id`,`clear_name`) VALUES 
 (1,'ผู้ป่วย'),
 (2,'เจ้าหน้าที่'),
 (3,'ทีมงาน'),
 (4,'กระบวนการทำงาน'),
 (5,'เครื่องมือ'),
 (6,'สิ่งแวดล้อม'),
 (7,'ปัจจัยภายนอกที่ควบคุมไม่ได้'),
 (8,'อื่นๆ');
/*!40000 ALTER TABLE `clear` ENABLE KEYS */;


--
-- Definition of table `contact`
--

DROP TABLE IF EXISTS `contact`;
CREATE TABLE `contact` (
  `id` int(11) NOT NULL AUTO_INCREMENT COMMENT 'ID',
  `contact_name` varchar(100) COLLATE utf8_unicode_ci NOT NULL COMMENT 'การติดต่อสื่อสาร',
  PRIMARY KEY (`id`)
) ENGINE=InnoDB AUTO_INCREMENT=6 DEFAULT CHARSET=utf8 COLLATE=utf8_unicode_ci;

--
-- Dumping data for table `contact`
--

/*!40000 ALTER TABLE `contact` DISABLE KEYS */;
INSERT INTO `contact` (`id`,`contact_name`) VALUES 
 (1,'ตามเจ้าหน้าที่เวรไม่ได้ / ล่าช้า'),
 (2,'ปัญหาการสื่อสารกับผู้ป่วย'),
 (3,'ปัญหาการสื่อสารระหว่างเจ้าหน้าที่'),
 (4,'การให้ข้อมูลแกผู้รับบริการไม่ถูกต้อง'),
 (5,'อื่นๆ');
/*!40000 ALTER TABLE `contact` ENABLE KEYS */;


--
-- Definition of table `disease`
--

DROP TABLE IF EXISTS `disease`;
CREATE TABLE `disease` (
  `id` int(11) NOT NULL AUTO_INCREMENT COMMENT 'ID',
  `disease_name` varchar(100) COLLATE utf8_unicode_ci NOT NULL COMMENT 'การป้องกันการติดเชื้อใน รพ.',
  PRIMARY KEY (`id`)
) ENGINE=InnoDB AUTO_INCREMENT=6 DEFAULT CHARSET=utf8 COLLATE=utf8_unicode_ci;

--
-- Dumping data for table `disease`
--

/*!40000 ALTER TABLE `disease` DISABLE KEYS */;
INSERT INTO `disease` (`id`,`disease_name`) VALUES 
 (1,'การปนเปื้อนในสิ่งแวดล้อม'),
 (2,'การติดเชื้อใน รพ.'),
 (3,'การทำให้ปราศจากเชื้อไม่มีประสิทธิภาพ'),
 (4,'การปฏิบัติไม่ถูกต้องตามหลัก IC'),
 (5,'อื่นๆ');
/*!40000 ALTER TABLE `disease` ENABLE KEYS */;


--
-- Definition of table `equipment`
--

DROP TABLE IF EXISTS `equipment`;
CREATE TABLE `equipment` (
  `id` int(11) NOT NULL AUTO_INCREMENT COMMENT 'ID',
  `equipment_name` varchar(100) COLLATE utf8_unicode_ci NOT NULL COMMENT 'เครื่องมือและอุปกรณ์การแพทย์',
  PRIMARY KEY (`id`)
) ENGINE=InnoDB DEFAULT CHARSET=utf8 COLLATE=utf8_unicode_ci;

--
-- Dumping data for table `equipment`
--

/*!40000 ALTER TABLE `equipment` DISABLE KEYS */;
/*!40000 ALTER TABLE `equipment` ENABLE KEYS */;


--
-- Definition of table `etc`
--

DROP TABLE IF EXISTS `etc`;
CREATE TABLE `etc` (
  `id` int(11) NOT NULL AUTO_INCREMENT COMMENT 'ID',
  `etc_name` varchar(100) COLLATE utf8_unicode_ci NOT NULL COMMENT 'อื่นๆ',
  PRIMARY KEY (`id`)
) ENGINE=InnoDB AUTO_INCREMENT=5 DEFAULT CHARSET=utf8 COLLATE=utf8_unicode_ci;

--
-- Dumping data for table `etc`
--

/*!40000 ALTER TABLE `etc` DISABLE KEYS */;
INSERT INTO `etc` (`id`,`etc_name`) VALUES 
 (1,'ไม่พึงพอใจบริการ'),
 (2,'ไม่สามารถให้บริการตามที่ตกลง'),
 (3,'ผู้ป่วยไม่ได้ชำระเงิน'),
 (4,'อื่นๆ');
/*!40000 ALTER TABLE `etc` ENABLE KEYS */;


--
-- Definition of table `level`
--

DROP TABLE IF EXISTS `level`;
CREATE TABLE `level` (
  `id` int(11) NOT NULL AUTO_INCREMENT COMMENT 'ID',
  `level_name` varchar(45) COLLATE utf8_unicode_ci NOT NULL COMMENT 'ระดับความรุนแรง',
  `level_description` varchar(100) COLLATE utf8_unicode_ci NOT NULL COMMENT 'รายละเอียด',
  `level_e` varchar(100) COLLATE utf8_unicode_ci NOT NULL,
  PRIMARY KEY (`id`)
) ENGINE=InnoDB AUTO_INCREMENT=10 DEFAULT CHARSET=utf8 COLLATE=utf8_unicode_ci;

--
-- Dumping data for table `level`
--

/*!40000 ALTER TABLE `level` DISABLE KEYS */;
INSERT INTO `level` (`id`,`level_name`,`level_description`,`level_e`) VALUES 
 (1,'A :: มีโอกาศเกิดความผิดพลาด','มีโอกาศเกิดความผิดพลาด','A'),
 (2,'B :: เกิดขึ้นแต่ไม่ถึงผู้ประสบเหตุ','เกิดขึ้นแต่ไม่ถึงผู้ประสบเหตุ','B'),
 (3,'C :: ถึงผู้ประสบเหตุ แต่ไม่เกิดความอันตราย','ถึงผู้ประสบเหตุ แต่ไม่เกิดความอันตราย','C'),
 (4,'D :: ต้องติดตามผล','ต้องติดตามผล','D'),
 (5,'E :: ต้องบำบัดรักษา','ต้องบำบัดรักษา','E'),
 (6,'F :: นอน รพ.นานขึ้น','นอน รพ.นานขึ้น','F'),
 (7,'G :: พิการถาวร','พิการถาวร','G'),
 (8,'H :: เกือบเสียชีวิต','เกือบเสียชีวิต','H'),
 (9,'I :: เสียชีวิต','เสียชีวิต','I');
/*!40000 ALTER TABLE `level` ENABLE KEYS */;


--
-- Definition of table `location_connection`
--

DROP TABLE IF EXISTS `location_connection`;
CREATE TABLE `location_connection` (
  `id` int(11) NOT NULL AUTO_INCREMENT COMMENT 'ID',
  `location_name` varchar(100) COLLATE utf8_unicode_ci NOT NULL COMMENT 'หน่วยงานที่รายงาน',
  PRIMARY KEY (`id`)
) ENGINE=InnoDB AUTO_INCREMENT=40 DEFAULT CHARSET=utf8 COLLATE=utf8_unicode_ci;

--
-- Dumping data for table `location_connection`
--

/*!40000 ALTER TABLE `location_connection` DISABLE KEYS */;
INSERT INTO `location_connection` (`id`,`location_name`) VALUES 
 (1,'องค์กรแพทย์'),
 (2,'ห้องฉุกเฉิน'),
 (3,'ฝ่ายเภสัชกรรม'),
 (4,'ห้อง LAB'),
 (5,'ห้อง X-Ray'),
 (6,'ฝ่ายทันตกรรม'),
 (7,'ผู้ป่วยนอก'),
 (8,'ผู้ป่วยใน'),
 (9,'งานเวชปฎิบัติครอบครัว'),
 (10,'ห้องคลอด'),
 (11,'งานเวชระเบียน'),
 (12,'งานการเงิน / บัญชี'),
 (13,'งานยานพาหนะ'),
 (14,'งานซ่อมบำรุง / สนาม / บำบัดนำเสีย'),
 (15,'งานเทคโนโลยีสารสนเทศ'),
 (16,'งานซักฟอก'),
 (17,'งานจ่ายกลาง'),
 (18,'งานโภชนาการ'),
 (19,'ศูนย์ตรวจสอบสอทธื์'),
 (20,'คลินิกพิเศษ'),
 (21,'งานรักษาความปลอกภัย'),
 (22,'กายภาพบำบัด'),
 (23,'คลินิกโรคเรื้อรัง NCD'),
 (24,'คลินิกวัณโรค'),
 (25,'งาน ICC'),
 (26,'งาน PCT'),
 (27,'งาน PTC'),
 (28,'งาน HPH'),
 (29,'งาน RM'),
 (30,'งาน ENV'),
 (31,'งาน EQM'),
 (32,'งาน MRS'),
 (33,'งาน MIS'),
 (34,'งาน HRD'),
 (35,'งานห้องผ่าตัด OR'),
 (36,'ฝ่ายบริหารทั่วไป'),
 (37,'พัสดุ / ธุรการ'),
 (38,'แผนไทย');
/*!40000 ALTER TABLE `location_connection` ENABLE KEYS */;


--
-- Definition of table `location_report`
--

DROP TABLE IF EXISTS `location_report`;
CREATE TABLE `location_report` (
  `id` int(11) NOT NULL AUTO_INCREMENT COMMENT 'ID',
  `location_name` varchar(100) COLLATE utf8_unicode_ci NOT NULL COMMENT 'หน่วยงานที่รายงาน',
  PRIMARY KEY (`id`)
) ENGINE=InnoDB AUTO_INCREMENT=40 DEFAULT CHARSET=utf8 COLLATE=utf8_unicode_ci;

--
-- Dumping data for table `location_report`
--

/*!40000 ALTER TABLE `location_report` DISABLE KEYS */;
INSERT INTO `location_report` (`id`,`location_name`) VALUES 
 (1,'องค์กรแพทย์'),
 (2,'ห้องฉุกเฉิน'),
 (3,'ฝ่ายเภสัชกรรม'),
 (4,'ห้อง LAB'),
 (5,'ห้อง X-Ray'),
 (6,'ฝ่ายทันตกรรม'),
 (7,'ผู้ป่วยนอก'),
 (8,'ผู้ป่วยใน'),
 (9,'งานเวชปฎิบัติครอบครัว'),
 (10,'ห้องคลอด'),
 (11,'งานเวชระเบียน'),
 (12,'งานการเงิน / บัญชี'),
 (13,'งานยานพาหนะ'),
 (14,'งานซ่อมบำรุง / สนาม / บำบัดนำเสีย'),
 (15,'งานเทคโนโลยีสารสนเทศ'),
 (16,'งานซักฟอก'),
 (17,'งานจ่ายกลาง'),
 (18,'งานโภชนาการ'),
 (19,'ศูนย์ตรวจสอบสิทธิ์'),
 (20,'คลินิกพิเศษ'),
 (21,'งานรักษาความปลอกภัย'),
 (22,'กายภาพบำบัด'),
 (23,'คลินิกโรคเรื้อรัง NCD'),
 (24,'คลินิกวัณโรค'),
 (25,'งาน ICC'),
 (26,'งาน PCT'),
 (27,'งาน PTC'),
 (28,'งาน HPH'),
 (29,'งาน RM'),
 (30,'งาน ENV'),
 (31,'งาน EQM'),
 (32,'งาน MRS'),
 (33,'งาน MIS'),
 (34,'งาน HRD'),
 (35,'งานห้องผ่าตัด OR'),
 (36,'ฝ่ายบริหารทั่วไป'),
 (37,'พัสดุ / ธุรการ'),
 (38,'แผนไทย');
/*!40000 ALTER TABLE `location_report` ENABLE KEYS */;


--
-- Definition of table `location_riks`
--

DROP TABLE IF EXISTS `location_riks`;
CREATE TABLE `location_riks` (
  `id` int(11) NOT NULL AUTO_INCREMENT COMMENT 'ID',
  `location_name` varchar(100) COLLATE utf8_unicode_ci NOT NULL COMMENT 'สถานที่เกิดเหตุ',
  PRIMARY KEY (`id`)
) ENGINE=InnoDB AUTO_INCREMENT=40 DEFAULT CHARSET=utf8 COLLATE=utf8_unicode_ci;

--
-- Dumping data for table `location_riks`
--

/*!40000 ALTER TABLE `location_riks` DISABLE KEYS */;
INSERT INTO `location_riks` (`id`,`location_name`) VALUES 
 (1,'องค์กรแพทย์'),
 (2,'ห้องฉุกเฉิน'),
 (3,'ฝ่ายเภสัชกรรม'),
 (4,'ห้อง LAB'),
 (5,'ห้อง X-Ray'),
 (6,'ฝ่ายทันตกรรม'),
 (7,'ผู้ป่วยนอก'),
 (8,'ผู้ป่วยใน'),
 (9,'งานเวชปฎิบัติครอบครัว'),
 (10,'ห้องคลอด'),
 (11,'งานเวชระเบียน'),
 (12,'งานการเงิน / บัญชี'),
 (13,'งานยานพาหนะ'),
 (14,'งานซ่อมบำรุง / สนาม / บำบัดนำเสีย'),
 (15,'งานเทคโนโลยีสารสนเทศ'),
 (16,'งานซักฟอก'),
 (17,'งานจ่ายกลาง'),
 (18,'งานโภชนาการ'),
 (19,'ศูนย์ตรวจสอบสิทธิ์'),
 (20,'คลินิกพิเศษ'),
 (21,'งานรักษาความปลอกภัย'),
 (22,'กายภาพบำบัด'),
 (23,'คลินิกโรคเรื้อรัง NCD'),
 (24,'คลินิกวัณโรค'),
 (25,'งาน ICC'),
 (26,'งาน PCT'),
 (27,'งาน PTC'),
 (28,'งาน HPH'),
 (29,'งาน RM'),
 (30,'งาน ENV'),
 (31,'งาน EQM'),
 (32,'งาน MRS'),
 (33,'งาน MIS'),
 (34,'งาน HRD'),
 (35,'งานห้องผ่าตัด OR'),
 (36,'ฝ่ายบริหารทั่วไป'),
 (37,'พัสดุ / ธุรการ'),
 (38,'แผนไทย');
/*!40000 ALTER TABLE `location_riks` ENABLE KEYS */;


--
-- Definition of table `maintenance`
--

DROP TABLE IF EXISTS `maintenance`;
CREATE TABLE `maintenance` (
  `id` int(11) NOT NULL AUTO_INCREMENT COMMENT 'ID',
  `maintenance_name` varchar(100) COLLATE utf8_unicode_ci NOT NULL COMMENT 'การดูแลรักษา',
  PRIMARY KEY (`id`)
) ENGINE=InnoDB AUTO_INCREMENT=21 DEFAULT CHARSET=utf8 COLLATE=utf8_unicode_ci;

--
-- Dumping data for table `maintenance`
--

/*!40000 ALTER TABLE `maintenance` DISABLE KEYS */;
INSERT INTO `maintenance` (`id`,`maintenance_name`) VALUES 
 (1,'การส่งผู้ป่วยผิดจุดบริการ'),
 (2,'การบ่งชี้ผู้ป่วยผิดพลาด'),
 (3,'การคัดกรอง / ประเมินผลผิดพลาด'),
 (4,'การวินิจฉัย / รักษาผิดพลาด / ล่าช้า'),
 (5,'Revisit โรคเดิมใน 48 ชั่วโมง'),
 (6,'Revisit โรคเดิมใน 28 วัน'),
 (7,'การเกิดแผลกดทับ'),
 (8,'ภาวะแทรกซ้อนจากการคลอด (มารดา)'),
 (9,'ภาวะแทรกซ้อนจากการคลอด (ทารก)'),
 (10,'ภาวะแทรกซ้อนจากการผ่าตัด / หัตถการ'),
 (11,'ภาวะแทรกซ้อนทางทันตกรรม'),
 (12,'ภาวะแทรกซ้อนจากให้ยาและสารน้ำ'),
 (13,'เสียชีวิต / ส่งต่อโดยไม่คาด'),
 (14,'CPR ไม่มีประสิทธิภาพ'),
 (15,'ปฏิกิริยาจากการให้เลือด'),
 (16,'ผล LAB ผิดพลาด / ล่าช้า / สูญหาย'),
 (17,'มีปัญหาจากอาหาร'),
 (18,'หนีกลับ / ไม่สมัครใจรักษา'),
 (19,'การนับเครื่องมือ /SWAB ไม่ถูกต้อง'),
 (20,'อื่นๆ');
/*!40000 ALTER TABLE `maintenance` ENABLE KEYS */;


--
-- Definition of table `migration`
--

DROP TABLE IF EXISTS `migration`;
CREATE TABLE `migration` (
  `version` varchar(180) COLLATE utf8_unicode_ci NOT NULL,
  `apply_time` int(11) DEFAULT NULL,
  PRIMARY KEY (`version`)
) ENGINE=MyISAM DEFAULT CHARSET=utf8 COLLATE=utf8_unicode_ci;

--
-- Dumping data for table `migration`
--

/*!40000 ALTER TABLE `migration` DISABLE KEYS */;
INSERT INTO `migration` (`version`,`apply_time`) VALUES 
 ('m000000_000000_base',1433992454),
 ('m130524_201442_init',1433992458);
/*!40000 ALTER TABLE `migration` ENABLE KEYS */;


--
-- Definition of table `person`
--

DROP TABLE IF EXISTS `person`;
CREATE TABLE `person` (
  `id` int(11) NOT NULL AUTO_INCREMENT COMMENT 'ID',
  `person_type` varchar(100) COLLATE utf8_unicode_ci NOT NULL COMMENT 'เหตุการณ์เกิดกับ',
  PRIMARY KEY (`id`)
) ENGINE=InnoDB AUTO_INCREMENT=6 DEFAULT CHARSET=utf8 COLLATE=utf8_unicode_ci;

--
-- Dumping data for table `person`
--

/*!40000 ALTER TABLE `person` DISABLE KEYS */;
INSERT INTO `person` (`id`,`person_type`) VALUES 
 (1,'ผู้ป่วย'),
 (2,'ญาติ'),
 (3,'เจ้าหน้าที่'),
 (4,'สิ่งแวดล้อม'),
 (5,'อื่นๆ');
/*!40000 ALTER TABLE `person` ENABLE KEYS */;


--
-- Definition of table `public`
--

DROP TABLE IF EXISTS `public`;
CREATE TABLE `public` (
  `id` int(11) NOT NULL AUTO_INCREMENT COMMENT 'ID',
  `public_name` varchar(100) COLLATE utf8_unicode_ci NOT NULL COMMENT 'ระบบสาธารณูปโภค',
  PRIMARY KEY (`id`)
) ENGINE=InnoDB DEFAULT CHARSET=utf8 COLLATE=utf8_unicode_ci;

--
-- Dumping data for table `public`
--

/*!40000 ALTER TABLE `public` DISABLE KEYS */;
/*!40000 ALTER TABLE `public` ENABLE KEYS */;


--
-- Definition of table `publics`
--

DROP TABLE IF EXISTS `publics`;
CREATE TABLE `publics` (
  `id` int(11) NOT NULL AUTO_INCREMENT COMMENT 'ID',
  `public_name` varchar(100) COLLATE utf8_unicode_ci NOT NULL COMMENT 'ระบบสาธารณูปโภค',
  PRIMARY KEY (`id`)
) ENGINE=InnoDB AUTO_INCREMENT=6 DEFAULT CHARSET=utf8 COLLATE=utf8_unicode_ci;

--
-- Dumping data for table `publics`
--

/*!40000 ALTER TABLE `publics` DISABLE KEYS */;
INSERT INTO `publics` (`id`,`public_name`) VALUES 
 (1,'ระบบอ๊อกซิเจนขัดข้อง'),
 (2,'ระบบไฟฟ้าสำรองไม่ทำงาน'),
 (3,'ลืมปิดเครื่องใช้ไฟฟ้า'),
 (4,'รถเสีย / ไม่มีใช้งาน'),
 (5,'อื่นๆ');
/*!40000 ALTER TABLE `publics` ENABLE KEYS */;


--
-- Definition of table `risk`
--

DROP TABLE IF EXISTS `risk`;
CREATE TABLE `risk` (
  `id` int(11) NOT NULL AUTO_INCREMENT,
  `person_id` int(11) NOT NULL COMMENT 'เหตุการณ์เกิดกับ',
  `hn` varchar(45) COLLATE utf8_unicode_ci DEFAULT NULL COMMENT 'HN',
  `pname` enum('นาย','นาง','น.ส.') COLLATE utf8_unicode_ci DEFAULT NULL COMMENT 'คำนำหน้า',
  `fname` varchar(100) COLLATE utf8_unicode_ci DEFAULT NULL COMMENT 'ชื่อ',
  `lname` varchar(100) COLLATE utf8_unicode_ci DEFAULT NULL COMMENT 'นามสกุล',
  `location_riks_id` int(11) NOT NULL COMMENT 'สถานที่เกิดเหตุ',
  `location_report_id` int(11) NOT NULL COMMENT 'หน่วยงานที่รายงาน',
  `location_connection_id` int(11) NOT NULL COMMENT 'หน่วยงานที่เกี่ยวข้อง',
  `risk_date` date NOT NULL COMMENT 'วันที่เกิดเหตุ',
  `risk_report` date NOT NULL COMMENT 'วันที่รายงาน',
  `risk_summary` text COLLATE utf8_unicode_ci NOT NULL COMMENT 'สรุปเหตุการณ์',
  `type_id` int(11) NOT NULL COMMENT 'ประเภทความเสี่ยง',
  `sub_type_id` int(11) NOT NULL COMMENT 'ประเภทความเสี่ยงย่อย',
  `level_id` int(11) NOT NULL COMMENT 'ระดับความรุนแรง',
  `clear_id` int(11) DEFAULT NULL COMMENT 'สาเหตุที่ชัดแจ้ง',
  `system_id` int(11) DEFAULT NULL COMMENT 'สาเหตุเชิงระบบ',
  `status_id` int(11) NOT NULL COMMENT 'ติดตาม / ทบทวน',
  `risk_review` text COLLATE utf8_unicode_ci,
  PRIMARY KEY (`id`),
  KEY `fk_risk_location_riks1_idx` (`location_riks_id`),
  KEY `fk_risk_location_report1_idx` (`location_report_id`),
  KEY `fk_risk_location_connection1_idx` (`location_connection_id`),
  KEY `fk_risk_person1_idx` (`person_id`),
  KEY `fk_risk_level1_idx` (`level_id`),
  KEY `fk_risk_clear1_idx` (`clear_id`),
  KEY `fk_risk_system1_idx` (`system_id`),
  KEY `fk_risk_type1_idx` (`type_id`),
  KEY `fk_risk_status1_idx` (`status_id`),
  KEY `fk_risk_sub_type1_idx` (`sub_type_id`),
  CONSTRAINT `fk_risk_clear1` FOREIGN KEY (`clear_id`) REFERENCES `clear` (`id`) ON DELETE NO ACTION ON UPDATE NO ACTION,
  CONSTRAINT `fk_risk_level1` FOREIGN KEY (`level_id`) REFERENCES `level` (`id`) ON DELETE NO ACTION ON UPDATE NO ACTION,
  CONSTRAINT `fk_risk_location_connection1` FOREIGN KEY (`location_connection_id`) REFERENCES `location_connection` (`id`) ON DELETE NO ACTION ON UPDATE NO ACTION,
  CONSTRAINT `fk_risk_location_report1` FOREIGN KEY (`location_report_id`) REFERENCES `location_report` (`id`) ON DELETE NO ACTION ON UPDATE NO ACTION,
  CONSTRAINT `fk_risk_location_riks1` FOREIGN KEY (`location_riks_id`) REFERENCES `location_riks` (`id`) ON DELETE NO ACTION ON UPDATE NO ACTION,
  CONSTRAINT `fk_risk_person1` FOREIGN KEY (`person_id`) REFERENCES `person` (`id`) ON DELETE NO ACTION ON UPDATE NO ACTION,
  CONSTRAINT `fk_risk_status1` FOREIGN KEY (`status_id`) REFERENCES `status` (`id`) ON DELETE NO ACTION ON UPDATE NO ACTION,
  CONSTRAINT `fk_risk_sub_type1` FOREIGN KEY (`sub_type_id`) REFERENCES `sub_type` (`id`) ON DELETE NO ACTION ON UPDATE NO ACTION,
  CONSTRAINT `fk_risk_system1` FOREIGN KEY (`system_id`) REFERENCES `system` (`id`) ON DELETE NO ACTION ON UPDATE NO ACTION,
  CONSTRAINT `fk_risk_type1` FOREIGN KEY (`type_id`) REFERENCES `type` (`id`) ON DELETE NO ACTION ON UPDATE NO ACTION
) ENGINE=InnoDB AUTO_INCREMENT=370 DEFAULT CHARSET=utf8 COLLATE=utf8_unicode_ci;

--
-- Dumping data for table `risk`
--

/*!40000 ALTER TABLE `risk` DISABLE KEYS */;
INSERT INTO `risk` (`id`,`person_id`,`hn`,`pname`,`fname`,`lname`,`location_riks_id`,`location_report_id`,`location_connection_id`,`risk_date`,`risk_report`,`risk_summary`,`type_id`,`sub_type_id`,`level_id`,`clear_id`,`system_id`,`status_id`,`risk_review`) VALUES 
 (42,3,'','','','',2,3,2,'2015-05-25','2015-07-15','มีการจัดประชุมแก่งฟ้า ผู้ร่วมประชุมทิ้งแก้วกาแฟและซองขนมรอบห้องประชุม',8,68,3,NULL,NULL,1,''),
 (45,1,'0005089','นาง','อำพร','สอนเสน่ห์',11,7,7,'2014-07-17','2014-07-17','ผู้ป่วย นางสาวอัมพร  สอนเสน่ห์ HN 5701634 มารักษาที่ รพ. ได้ OPD Card  ของนาง อำพร สอนเสน่ห์ HN 005089 และได้นำแฟ้มไปตรวจเลือดที่ห้องLab แล้วลงผลใน OPD Card ผู้ที่ไม่ได้มาตรวจ แก้ไขโดยซักประวัตใหม่ แจ้งห้องLabลงผลใหม่ และลบOPD card ที่ผิด ',2,16,2,4,8,2,'แก้ไขโดยซักประวัตใหม่ แจ้งห้องLabลงผลใหม่ และลบOPD card ที่ผิด '),
 (46,1,'0014128','','','',2,12,2,'2015-05-15','2015-07-14','pt เสียชีวิต ไม่ได้ refer แต่ key ค่า refer',2,18,3,NULL,NULL,1,''),
 (47,1,'0012032','นาง','ลพ','อินทะศรี',5,7,1,'2014-07-10','2014-07-10','Film  CxR  ไม่ชัดเจน',1,4,2,2,6,1,''),
 (48,1,'5802750','','','',2,3,2,'2015-07-12','2015-07-15','ER key ค่า Curettage 2 ครั้ง ๆละ 2,500 บาท ทำให้ค่าใช้จ่าเยอะเกินจริง (ผู้ป่วยลาวต้องชำระเงิน)',2,18,3,NULL,NULL,1,''),
 (49,1,'5802691','นาง','จันทร์ ','อ่อนจันทร์',2,12,2,'2015-07-08','2015-07-15','ER key ค่า refer 2 ครั้ง เก็บเงินแล้ว ต้องตามไปคืนเงินให้ผู้ป่วย',2,18,4,NULL,NULL,1,''),
 (50,3,'','','','',10,16,10,'2014-12-02','2015-07-15','8.30 พบสายน้ำเกลือปนมาในผ้าห่อ set',7,61,3,NULL,NULL,1,''),
 (51,3,'','','','',10,16,10,'2014-12-02','2015-07-15','มีคลอดเช้า แต่ส่งผ้าซักบ่ายทำให้คราบเลือดแห้ง',7,61,3,NULL,NULL,1,''),
 (52,3,'','','','',10,16,10,'2014-12-02','2015-07-15','มีคลอดเช้า แต่ส่งผ้าซักบ่ายทำให้คราบเลือดแห้ง',8,68,3,NULL,NULL,1,''),
 (53,3,'','','','',10,16,10,'2014-12-03','2015-07-15','11.30 มีปรอท 1 ชิ้น ติดมาในผ้าห่อ set',7,61,3,NULL,NULL,1,''),
 (54,3,'','','','',14,23,14,'2015-04-21','2015-07-15','เสียงแอร์ข้างคลินิกเรื้อรังดังมาก',8,68,1,NULL,NULL,1,''),
 (55,3,'','','','',4,16,4,'2014-12-01','2015-07-15','14.30 พบหลอดเลือด 1 อัน ติดมากับผ้าเช็ดมือ',7,61,3,NULL,NULL,1,''),
 (56,1,'0018470','','','',4,7,4,'2015-04-21','2015-07-15','เครื่อง e\'lyte เสีย LAB ไม่แจ้ง OPD ทำให้ผู้ป่วยรอจนเที่ยง',5,54,3,NULL,NULL,1,''),
 (57,1,'','','','',1,18,1,'2014-12-01','2015-07-15','12.00 แพทย์ยังไม่มาตรวจผู้ป่วยใน ทำให้ผู้ป่วยที่ยกเลิก NPO ไม่ได้อาหาร',8,68,3,NULL,NULL,1,''),
 (58,1,'','','','',1,7,1,'2014-12-09','2015-07-15','pt ตรวจ e\'lyte ได้ยา MTV, KCl แต่ Dx Acute nasopharyngitis',1,2,3,NULL,NULL,1,''),
 (59,1,'','','','',11,7,11,'2015-01-05','2015-07-15','ค้นแฟ้มผิดคน',2,16,3,2,6,2,'รายละเอียดไม่พอสำหรับการทบทวน  แต่มีการแจ้งเจ้าหน้าที่ที่เกี่ยวข้อง และตรวจสอบแฟ้มเวชระเบียนก่อนนำส่ง'),
 (60,3,'','','','',21,21,21,'2015-05-25','2015-07-15','มีการจัดประชุมแก่งฟ้า เมื่อประชุมเสร็จ กุญแจห้องที่เสียบอยู่หายไป',7,66,3,NULL,NULL,1,''),
 (61,1,'5601243','','','',15,7,15,'2015-05-12','2015-07-15','เลขใบนำทางเป็น 400 ของเมื่อวาน ทำให้ผู้ป่วยไม่ถูกเรียกชื่อ เพราะไม่มีชื่อในระบบ',2,16,1,5,11,2,'แจ้งIT ให้แก้ไขในโปรแกรม '),
 (62,1,'0067839','','','',11,7,11,'2015-01-09','2015-07-15','ค้นแฟ้มผิด',2,16,3,2,6,2,'แจ้ง  จนท.ตรวจสอบให้ครบถ้วน'),
 (63,1,'0037781','','','',11,7,11,'2014-11-27','2015-07-15','ส่งตรวจ OPD แต่ผู้ป่วยรอ ER เรียกผู้ป่วยไม่พบ',1,7,3,4,5,2,'ทบทวนแจ้งผู้ป่วยทุกครั้งที่ส่งตรวจ'),
 (64,1,'0014533','','','',11,7,11,'2014-11-27','2015-07-15','ส่งตรวจ OPD ผู้ป่วยไปรอ ER เรียกผู้ป่วยไม่พบ',2,18,3,4,5,2,'ทบทวนร่วมกันแจ้งผู้ป่วยทุกครั้งที่ส่งตรวจ'),
 (65,1,'','','','',7,7,2,'2014-11-25','2015-07-15','มีอาการผิดปกติขณะรอรับยา',8,69,2,NULL,NULL,2,'ได้ทบทวนแนวทางในการดูแลผู้ป่วย ใช้การคัดกรอง 5 สี , การประชาสัมพันธ์ ระหว่างรอตรวจ ถ้ามีอาการผิดปกติ, ผู้สูงอายุที่ลุกเดินลำบาก ให้นั่งรถเข็น มีเข็ดขัดรัดที่นั่ง'),
 (66,1,'0010588','','','',23,23,23,'2014-11-24','2015-07-15','ผู้ป่วย NCD BP สูง แต่ตรวจพบตอนซักประวัติ จึงส่ง ER',1,7,3,NULL,NULL,1,''),
 (67,1,'5601097','','','',11,7,11,'2014-11-17','2015-07-15','ค้นแฟ้มผิด',2,16,3,2,6,2,'อยากให้ลงข้อมูลความเสี่ยงให้ชัเจนมากกว่านี้เพราะรายละเอียดน้อยนำมาทบทวนไม่สะดวก'),
 (68,1,'5701892','','','',7,7,7,'2014-11-10','2015-07-15','ผู้ป่วยนัด AFB ไม่ได้ไปเอาตลับ',8,69,4,NULL,NULL,1,''),
 (69,1,'0057682','','','',11,7,11,'2014-11-10','2015-07-15','ค้นแฟ้มผิด',2,16,3,2,6,2,'แจ้งหน้างานให้ตรวจสอบให้เรียบร้อยก่อนส่งแฟ้ม'),
 (70,1,'0024976','','','',23,3,23,'2014-11-07','2015-07-15','สั่งยา 2 เดือน นัด 3 เดือน',3,26,3,NULL,NULL,1,''),
 (71,1,'0011887','','','',11,7,11,'2014-12-09','2015-07-15','scan ผิดคน',2,16,3,2,6,2,'แจ้งหน้างานให้ตรวจสอบให้เรียบร้อยก่อนส่งขึ้นฐานข้อมูล'),
 (72,1,'0058446','','','',23,23,23,'2014-12-09','2015-07-15','pt DM นัด HT บ่าย pt ไม่ได้ NPO มา',8,69,3,NULL,NULL,1,''),
 (73,1,'0008205','','','',11,7,11,'2014-12-09','2015-07-15','pt นัดตรวจ Hct,MB  ได้ใบ Q นายเที่ยง ไม่มีส่งตรวจใน Hosxp',2,16,3,2,6,2,'แจ้งเจ้าหน้าที่ที่เกี่ยวข้อง และตรวจสอบชื่อผู้ป่วยก่อนทำการส่งตรวจ'),
 (74,1,'5304232','','','',11,7,11,'2014-12-09','2015-07-15','ส่งตรวจ OPD ผู้ป่วยรออยู่หน้า ER',8,69,3,4,5,2,'เจ้าหน้าที่แจ้งผู้ป่วยทุกครั้งที่ส่งตรวจ  (แต่ไม่สามารถควบคุมได้) ไม่มีป้ายบอกทางที่ชัดเจน'),
 (75,3,'','','','',8,16,16,'2014-12-02','2015-07-15','10.50 ผ้าปูไม่แกะปม 10 ผืน',8,69,3,NULL,NULL,1,''),
 (76,3,'','','','',2,16,2,'2014-12-02','2015-07-15','8.30 ผ้าปูไม่แกะปม 6 ผืน',8,69,3,NULL,NULL,1,''),
 (77,3,'','','','',8,16,8,'2014-12-02','2015-07-15','10.30 ผ้าปูไม่แกะปม 10 ผืน มีรีโมทติดมา 1 ชิ้น',7,61,3,NULL,NULL,1,''),
 (78,3,'','','','',10,16,10,'2014-12-02','2015-07-15','9.30 มีผ้าคลอดตอนเช้า แต่ส่งซักบ่าย',8,69,3,NULL,NULL,1,''),
 (79,3,'','','','',8,16,8,'2014-12-02','2015-07-15','10.10 มีผ้าเปื้อนไม่ใส่ถุงแดง 2 ชิ้น',7,61,3,NULL,NULL,1,''),
 (80,3,'','','','',8,16,8,'2014-12-02','2015-07-15','10.50 มีขยะปนผ้าเปื้อนในถุงแดง 2 ชิ้น  ผ้าปูไม่แกะปม 20 ผืน',7,61,3,NULL,NULL,1,''),
 (81,3,'','','','',8,16,8,'2014-12-02','2015-07-15','10.24พบเข็มดริปยาไม่มีปลอก ติดมากับผ้าปู',7,61,3,NULL,NULL,1,''),
 (82,3,'','','','',8,16,8,'2014-12-02','2015-07-15','11.30 พบผ้าเปื้อนปนกับผ้าทั่วไป ไม่แยกใส่ถุงแดง',7,61,3,NULL,NULL,1,''),
 (83,3,'','','','',6,16,6,'2014-12-02','2015-07-15','9.30 พบกุญแจ 1 ชิ้นในกระเป๋าเสื้อกาวน์',7,61,1,NULL,NULL,1,''),
 (84,3,'','','','',2,16,2,'2014-12-02','2015-07-15','8.30 พบมีดโกน 1 ชิ้นปนมากับผ้าห่อ set',7,61,3,NULL,NULL,1,''),
 (85,3,'','','','',10,16,10,'2014-12-02','2015-07-15','9.30 มีผ้าคลอดตอนเช้า แต่ส่งซักบ่าย',8,69,3,NULL,NULL,1,''),
 (86,3,'','','','',8,16,8,'2014-12-10','2015-07-15','11.30 พบผ้าเปื้อนปนกับผ้าทั่วไป ไม่แยกใส่ถุงแดง',7,61,3,NULL,NULL,1,''),
 (87,3,'','','','',8,16,8,'2014-12-17','2015-07-15','11.30 พบผ้าเปื้อนปนกับผ้าทั่วไป ไม่แยกใส่ถุงแดง',7,61,3,NULL,NULL,1,''),
 (88,3,'','','','',2,16,2,'2014-12-19','2015-07-15','9.00 พบ  Altary   1  Forcep 2 ติดมาในผ้าห่อ set ',7,61,3,NULL,NULL,1,''),
 (89,3,'','','','',2,16,2,'2014-12-24','2015-07-15','14.00  พบ Forcep  1  อัน ติดมาในผ้าห่อ set',7,61,3,NULL,NULL,1,''),
 (90,3,'','','','',6,16,6,'2014-12-24','2015-07-15','13.30 พบเครื่องมือแพทย์  1  อัน ติดมาในผ้าห่อ set',7,61,3,NULL,NULL,1,''),
 (91,3,'','','','',6,16,6,'2014-12-26','2015-07-15','14.30 พบฟิมล์ฟัน  1  อัน ติดมาในผ้าห่อ set',7,61,3,NULL,NULL,1,''),
 (92,3,'','','','',8,16,8,'2014-12-27','2015-07-15','8.30 พบผ้าเปื้อนอุจจาระ 4 ผืน ปนกับผ้าทั่วไป ไม่แยกใส่ถุงแดง',7,61,3,NULL,NULL,1,''),
 (93,3,'','','','',6,16,6,'2014-12-29','2015-07-15','14.30 พบฟิมล์ฟัน  1  อัน ติดมาในผ้าห่อ set',7,61,2,NULL,NULL,1,''),
 (94,3,'','','','',8,16,8,'2014-12-29','2015-07-15','8.30 พบผ้าปู 5 ผืน ผ้าห่ม4 ชุด 5 ชุด ปนกับผ้าทั่วไป ไม่แยกใส่ถุงแดง',7,61,3,NULL,NULL,1,''),
 (95,3,'','','','',2,16,2,'2015-01-05','2015-07-15','8.30 ผ้าปูไม่แกะปม 5 ผืน 14.30 ผ้าปูไม่แกะปม 5 ผืน ',7,61,3,NULL,NULL,1,''),
 (96,3,'','','','',6,16,6,'2015-01-12','2015-07-15','13.30 พบเครื่องมือแพทย์  1  อัน หมวก 3 ชิ้น mask  4 ชิ้น ติดมาในผ้าส่งซัก',7,61,3,NULL,NULL,1,''),
 (97,3,'','','','',2,16,2,'2015-01-07','2015-07-15','8.30 พบเครื่องมือแพทย์  1  อัน  ผ้าปูไม่แกะปม 5 ผืน ',7,61,3,NULL,NULL,1,''),
 (98,3,'','','','',8,16,8,'2015-01-22','2015-07-15','8.30 พบผ้าเปื้อน5 ผืน ปนกับผ้าทั่วไป  ผ้าปูไม่แกะปม 10 ผืน',7,61,3,NULL,NULL,1,''),
 (99,3,'','','','',2,16,2,'2015-01-30','2015-07-15','8.30 ผ้าปูไม่แกะปม 6 ผืน',8,69,3,NULL,NULL,1,''),
 (100,3,'','','','',6,16,6,'2015-02-02','2015-07-15','8.30 พบเครื่องมือแพทย์  1  อัน  mask หมวก ในกระเป๋าเสื้อ',7,61,3,NULL,NULL,1,''),
 (101,3,'','','','',8,16,8,'2015-01-15','2015-07-15','8.30 พบผ้าเปื้อน5 ผืน ปนกับผ้าทั่วไป  ผ้าปูไม่แกะปม 16 ผืน',7,61,3,NULL,NULL,1,''),
 (102,3,'','','','',8,16,8,'2015-01-15','2015-07-15','8.30 พบผ้าเปื้อน5 ผืน ปนกับผ้าทั่วไป  ผ้าปูไม่แกะปม 16 ผืน',7,61,3,NULL,NULL,1,''),
 (103,3,'','','','',2,16,2,'2015-02-04','2015-07-15','8.30 ผ้าปูไม่แกะปม 5 ผืน',8,69,3,NULL,NULL,1,''),
 (104,3,'','','','',8,16,8,'2015-01-21','2015-07-15','8.30 พบผ้าเปื้อน15 ผืน ปนกับผ้าทั่วไป  ผ้าปูไม่แกะปม 20 ผืน',7,61,3,NULL,NULL,1,''),
 (105,3,'','','','',10,16,10,'2015-02-27','2015-07-15','11.30 ปรอท 1 ชิ้นติดในผ้าห่อ set',7,61,3,NULL,NULL,1,''),
 (106,3,'','','','',8,16,8,'2015-02-23','2015-07-15','8.30 พบผ้าเปื้อน15 ผืน ปนกับผ้าทั่วไป  ผ้าปูไม่แกะปมจำนวนมาก',7,61,3,NULL,NULL,1,''),
 (107,3,'','','','',2,16,2,'2015-02-18','2015-07-15','8.30 พบเครื่องมือแพทย์  1  อันมาในผ้าห่อ set',7,61,3,NULL,NULL,1,''),
 (108,3,'','','','',6,16,6,'2015-03-02','2015-07-15','9.30 พบกุญแจ 2 ชิ้นในกระเป๋าเสื้อกาวน์',7,61,3,NULL,NULL,1,''),
 (109,3,'','','','',2,16,2,'2015-03-02','2015-07-15','13.30 พบเครื่องมือแพทย์  1  อันผ้าปูไม่แกะปม 5 ผืน',7,61,3,NULL,NULL,1,''),
 (110,3,'','','','',2,16,2,'2015-03-10','2015-07-15','13.30 พบเครื่องมือแพทย์  1  อันผ้าปูไม่แกะปม 5 ผืน',7,61,3,NULL,NULL,1,''),
 (111,3,'','','','',2,16,2,'2015-03-16','2015-07-15','13.30 พบเครื่องมือแพทย์  1  อันในผ้าห่อ set',7,61,3,NULL,NULL,1,''),
 (112,3,'','','','',10,16,10,'2015-03-12','2015-07-15','13.30 พบเครื่องมือแพทย์  1  อันในผ้าห่อ set',7,61,3,NULL,NULL,1,''),
 (113,3,'','','','',10,16,10,'2015-03-24','2015-07-15','14.30 พบเครื่องมือแพทย์  1  อันในผ้าห่อ set',7,61,3,NULL,NULL,1,''),
 (114,3,'','','','',8,16,8,'2015-03-07','2015-07-15','9.10 พบเข็ม  1  อันในผ้า',7,61,3,NULL,NULL,1,''),
 (115,3,'','','','',6,16,6,'2015-03-22','2015-07-15','13.30 พบเครื่องมือแพทย์  1  อันในผ้าห่อ set',7,61,3,NULL,NULL,1,''),
 (116,3,'','','','',2,16,2,'2015-03-28','2015-07-15','8.30 พบเครื่องมือแพทย์  1  อันในผ้าห่อ set',7,61,3,NULL,NULL,1,''),
 (117,3,'','','','',2,16,2,'2015-03-31','2015-07-15','พบเครื่องมือแพทย์  1  อันในผ้าห่อ set',7,61,3,NULL,NULL,1,''),
 (118,1,'0022841','','','',23,3,23,'2015-03-23','2015-07-15','สั่งยา 2 เดือน นัด 3 เดือน',3,26,3,NULL,NULL,1,''),
 (119,3,'','','','',6,16,6,'2015-04-01','2015-07-15','14.30 พบกรรไกร 1  อันในผ้าส่งซัก',7,61,3,NULL,NULL,1,''),
 (120,3,'','','','',8,16,8,'2015-04-02','2015-07-15','9.30 พบขยะ เศษอาหาร ผ้าอ้อม ปนมาในผ้าส่งซัก',7,61,3,NULL,NULL,1,''),
 (121,3,'','','','',2,16,2,'2015-04-03','2015-07-15','8.30 พบท่อเครื่องช่วยหายใจ 1  อันในผ้าห่อ set',7,61,3,NULL,NULL,1,''),
 (122,3,'','','','',2,16,2,'2015-04-06','2015-07-15','14.30 พบเครื่องมือแพทย์  1  อันในผ้าห่อ set',7,61,3,NULL,NULL,1,''),
 (123,3,'','','','',8,16,8,'2015-04-07','2015-07-15','9.30 พบใบตอง กล่องนม ขวดน้ำเกลือ ปนมาในผ้าส่งซัก',7,61,3,NULL,NULL,1,''),
 (124,3,'','','','',2,16,2,'2015-04-08','2015-07-15','8.30 ผ้าปูไม่แกะปม 5 ผืน',8,69,3,NULL,NULL,1,''),
 (125,3,'','','','',8,16,8,'2015-04-09','2015-07-15','11.30 ผ้าปูไม่แกะปมจำนวนมาก',8,69,3,NULL,NULL,1,''),
 (126,3,'','','','',8,16,8,'2015-04-10','2015-07-15','10.30 ผ้าปูไม่แกะปมจำนวนมาก',8,69,3,NULL,NULL,1,''),
 (127,3,'','','','',8,16,8,'2015-04-13','2015-07-15','8.30 พบเครื่องมือแพทย์  1  อันในผ้าห่อ set',7,61,3,NULL,NULL,1,''),
 (128,3,'','','','',10,16,10,'2015-04-14','2015-07-15','ไม่รีบส่งผ้าซัก ทำให้ผ้าแห้งกรัง',8,69,1,NULL,NULL,1,''),
 (129,3,'','','','',8,16,8,'2015-04-15','2015-07-15','13.30 ผ้าปูไม่แกะปมจำนวนมาก',8,69,3,NULL,NULL,1,''),
 (130,3,'','','','',8,16,8,'2015-04-16','2015-07-15','14.30 พบผ้าอ้อม 4  อันในผ้าห่อ set',7,61,3,NULL,NULL,1,''),
 (131,3,'','','','',8,16,8,'2015-04-20','2015-07-15','8.30 พบNG ถุงมือในผ้าส่งซัก',7,61,3,NULL,NULL,1,''),
 (132,3,'','','','',2,16,2,'2015-04-21','2015-07-15','8.30 พบเครื่องมือแพทย์  1  อันในผ้าห่อ set',7,61,3,NULL,NULL,1,''),
 (133,3,'','','','',2,16,2,'2015-04-21','2015-07-15','8.30 พบเครื่องมือแพทย์  1  อันในผ้าห่อ set',7,61,3,NULL,NULL,1,''),
 (134,3,'','','','',2,16,2,'2015-04-22','2015-07-15','14.30 พบสายออกซิเจนเครื่องมือแพทย์  1  อันในผ้าห่อ set',7,61,3,NULL,NULL,1,''),
 (135,3,'','','','',8,16,8,'2015-04-23','2015-07-15','9.30 พบขยะ เศษอาหาร  ปนมาในผ้าส่งซัก',7,61,3,NULL,NULL,1,''),
 (136,3,'','','','',2,16,2,'2015-04-24','2015-07-15','13.30 พบเครื่องมือแพทย์  1  อันในผ้าห่อ set',7,61,3,NULL,NULL,1,''),
 (137,3,'','','','',6,16,6,'2015-04-27','2015-07-15','8.30 พบเครื่องมือแพทย์  1  อัน  mask หมวก ในกระเป๋าเสื้อ',7,61,1,NULL,NULL,1,''),
 (138,3,'','','','',8,16,8,'2015-04-28','2015-07-15','8.30 พบเครื่องมือแพทย์  1  อันในผ้าห่อ set',7,61,3,NULL,NULL,1,''),
 (139,3,'','','','',10,16,10,'2015-04-30','2015-07-15','8.30 พบเครื่องมือแพทย์  1  อันในผ้าห่อ set',7,61,3,NULL,NULL,1,''),
 (140,1,'5704769','','','',11,7,11,'2015-04-07','2015-07-15','OPD  Scan ผิดคน',2,16,3,NULL,NULL,2,' ข้อมูลไม่เพียงพอต่อการทบทวน ติดตามผล ไม่สามารถแก้ไขให้ถูกต้องได้  (ไม่มี HN)'),
 (141,3,'','','','',10,16,10,'2015-04-12','2015-07-15','ไม่รีบส่งผ้าซัก ทำให้ผ้าแห้งกรัง',8,69,3,NULL,NULL,1,''),
 (142,3,'','','','',2,16,2,'2015-04-02','2015-07-15','13.30 พบเครื่องมือแพทย์  1  อันในผ้าห่อ set',7,61,3,NULL,NULL,1,''),
 (143,1,'','','','',2,15,7,'2015-07-13','2015-07-15','มีผู้ป่วยถามว่าทำไมโรงพยาบาลไม่ทำงาน 8 โมงเหมือนที่อื่น',8,68,3,NULL,NULL,1,''),
 (144,1,'','','','',3,3,3,'2015-07-15','2015-07-15','Pen G inj. จัด streptomycin inj.ปนมา(vial คล้ายกัน) ',3,32,2,NULL,NULL,2,'ให้แยกเก็บ streptomycin ไว้ต่างหาก'),
 (145,3,'','','','',2,16,2,'2015-05-01','2015-07-15','13.30 พบเครื่องมือแพทย์  1  อันในผ้าห่อ set',7,61,3,NULL,NULL,1,''),
 (146,3,'','','','',2,16,2,'2015-02-02','2015-07-15','13.30 พบเข็ม 1  อันในผ้าห่อ set',7,61,3,NULL,NULL,1,''),
 (147,3,'','','','',10,16,10,'2015-04-07','2015-07-15','13.40 พบเครื่องมือแพทย์  1  อัน',7,61,3,NULL,NULL,1,''),
 (148,3,'','','','',6,16,6,'2015-05-13','2015-07-15','13.40 พบเครื่องมือแพทย์  1  อัน',7,61,3,NULL,NULL,1,''),
 (149,3,'','','','',6,16,6,'2015-04-22','2015-07-15','13.30 พบเครื่องมือแพทย์ มีคม1  อัน',7,61,3,NULL,NULL,1,''),
 (150,3,'','','','',2,16,2,'2015-05-04','2015-07-15','8.30 พบเครื่องมือแพทย์  1  อันในผ้าห่อ set',7,61,3,NULL,NULL,1,''),
 (151,3,'','','','',8,16,8,'2015-01-05','2015-07-15','10.35  พบผ้าปูไม่แกะปม กับรีโมท 1 ชิ้นติดมากับผ้า',7,61,3,NULL,NULL,1,''),
 (152,3,'','','','',8,16,8,'2015-01-19','2015-07-15','8.30 พบผ้าเปื้อนอุจจาระปนกับผ้าทั่วไป ',7,61,3,NULL,NULL,1,''),
 (153,3,'','','','',8,16,8,'2015-01-22','2015-07-15','8.30 พบเครื่องมือแพทย์  1  อัน cold pack 1 ชิ้น ติดมาในผ้า',7,61,3,NULL,NULL,1,''),
 (154,3,'','','','',10,16,10,'2014-12-18','2015-07-15','9.40 ห้องคลอดไม่ส่งผ้าซักทันที',8,69,3,NULL,NULL,1,''),
 (155,3,'','','','',6,16,6,'2015-01-01','2015-07-15','9.30 พบเครื่องมือแพทย์  1  อันในผ้า',7,61,3,NULL,NULL,1,''),
 (156,3,'','','','',8,16,8,'2015-01-02','2015-07-15','9.40 มีเศาอาหารพร้อมไม้ไก่ย่างในผ้า',7,61,3,NULL,NULL,1,''),
 (157,3,'','','','',17,2,17,'2015-01-05','2015-07-15','พบห่อไม้พันสำลีมีรอยทะลุ',7,61,1,NULL,NULL,1,''),
 (158,3,'','','','',6,16,6,'2015-01-05','2015-07-15','.30 พบเครื่องมือแพทย์  1  อันในผ้าห่อ set',7,61,3,NULL,NULL,1,''),
 (159,3,'','','','',8,16,8,'2015-01-06','2015-07-15','9.30 พบเข็มทิ้งมาในผ้าปู',7,61,3,NULL,NULL,1,''),
 (160,3,'','','','',2,16,2,'2015-01-07','2015-07-15','9.30 พบเข็ม 1 เล่มทิ้งมาในผ้าปู',7,61,3,NULL,NULL,1,''),
 (161,3,'','','','',8,16,8,'2015-01-08','2015-07-15','9.30 พบเครื่องมือแพทย์  1  อันในผ้าห่อ setพบผ้าปูไม่แกะปม',7,61,3,NULL,NULL,1,''),
 (162,3,'','','','',10,16,10,'2015-01-12','2015-07-15','พบเลือด สก๊อตเทป สำลี ปนมากับผ้า',7,61,3,NULL,NULL,1,''),
 (163,3,'','','','',2,16,2,'2015-01-13','2015-07-15','8.30 พบเครื่องมือแพทย์  1  อันในผ้าห่อ set',7,61,3,NULL,NULL,1,''),
 (164,3,'','','','',6,16,6,'2015-01-14','2015-07-15','8.30 พบเครื่องมือแพทย์  1  อันในผ้าห่อ set',7,61,1,NULL,NULL,1,''),
 (165,3,'','','','',2,16,2,'2015-01-15','2015-07-15','8.30 พบกรรไกรตัดไหม  1  อันในผ้าห่อ set',7,61,3,NULL,NULL,1,''),
 (166,3,'','','','',6,16,6,'2015-01-19','2015-07-15','14.30 พบเครื่องมือแพทย์  1  อันในผ้าห่อ set',7,61,2,NULL,NULL,1,''),
 (167,3,'','','','',6,16,6,'2015-01-20','2015-07-15','13.30 พบเครื่องมือแพทย์  1  อันในผ้าห่อ set',7,61,3,NULL,NULL,1,''),
 (168,3,'','','','',8,16,8,'2015-01-20','2015-07-15','8.40 พบเครื่องมือแพทย์  1  อันในผ้าห่อ set',7,61,3,NULL,NULL,1,''),
 (169,3,'','','','',8,16,8,'2015-01-21','2015-07-15','ส่งผ้าช้า 11-12.00 และไม่แก้ปม',8,69,3,NULL,NULL,1,''),
 (170,3,'','','','',6,16,6,'2015-01-22','2015-07-15','14.15 พบเครื่องมือแพทย์  1  อัน',7,61,3,NULL,NULL,1,''),
 (171,3,'','','','',10,16,10,'2015-01-23','2015-07-15','ห้องคลอดไม่ส่งผ้าซักทันที และไม่แก้ปม',8,69,3,NULL,NULL,1,''),
 (172,3,'','','','',8,16,8,'2015-01-26','2015-07-15','9.30 พบเครื่องมือแพทย์  1  อันในผ้า',7,61,3,NULL,NULL,1,''),
 (173,3,'','','','',2,16,2,'2015-01-27','2015-07-15','9.40 ไม่ส่งผ้าซัก และไม่แก้ปม',7,61,3,NULL,NULL,1,''),
 (174,3,'','','','',2,16,2,'2015-01-28','2015-07-15','9.30 พบเครื่องมือแพทย์  1  อันในผ้า',7,61,3,NULL,NULL,1,''),
 (175,3,'','','','',8,16,8,'2015-01-29','2015-07-15','8.30 พบเครื่องมือแพทย์  1  อันในผ้าห่อ set',7,61,3,NULL,NULL,1,''),
 (176,3,'','','','',6,16,6,'2015-01-30','2015-07-15','8.30 พบถุงขยะติดเชื้อของทันตรรมอยู่ในรถรอผ้าของซักฟอก',7,61,3,NULL,NULL,1,''),
 (177,3,'','','','',6,16,6,'2015-01-22','2015-07-15','8.30 พบเครื่องมือแพทย์  1  อันทิ้งมากับผ้าเปื้อน',7,61,3,NULL,NULL,1,''),
 (178,3,'','','','',8,16,8,'2015-02-02','2015-07-15','10.30 พบถุงแดงไม่มัดปากถุง',7,61,2,NULL,NULL,1,''),
 (179,3,'','','','',8,16,8,'2015-02-02','2015-07-15','10.30 พบถุงแดงมีกล่องนม เศษอาหาร ผ้าอ้อมเด็ก 2 ชิ้น',7,61,3,NULL,NULL,1,''),
 (180,3,'','','','',10,16,10,'2015-02-03','2015-07-15','8.30 พบเครื่องมือแพทย์  1  อันทิ้งมากับผ้าคลอด',7,61,3,NULL,NULL,1,''),
 (181,3,'','','','',6,16,6,'2015-02-09','2015-07-15','14.30 พบเครื่องมือแพทย์  2  อันในผ้าห่อ set',7,61,3,NULL,NULL,1,''),
 (182,3,'','','','',2,16,2,'2015-02-10','2015-07-15','14.30 พบผ้าไม่แก้ปม ผ้าม่านไม่เอาโซ่ออก',7,61,3,NULL,NULL,1,''),
 (183,3,'','','','',2,16,2,'2015-02-11','2015-07-15','8.30 พบเครื่องมือแพทย์  1  อันในผ้าห่อ setพบผ้าปูไม่แกะปม',7,61,3,NULL,NULL,1,''),
 (184,3,'','','','',6,16,6,'2015-02-12','2015-07-15','14.30 พบเครื่องมือแพทย์  1  อันในผ้าห่อ set ห้องฟัน',7,61,3,NULL,NULL,1,''),
 (185,3,'','','','',8,16,8,'2015-02-12','2015-07-15','พบผ้าอ้อมผู้ใหญ่ 5 ชิ้น และเศษอาหารในถุงผ้า',7,61,3,NULL,NULL,1,''),
 (186,3,'','','','',8,16,8,'2015-02-13','2015-07-15','พบผ้าอ้อมผู้ใหญ่  และเศษอาหารในถุงผ้า',7,61,3,NULL,NULL,1,''),
 (187,3,'','','','',6,16,6,'2015-02-16','2015-07-15','14.30 พบเครื่องมือแพทย์  1  อันในผ้าห่อ set ห้องฟัน',7,61,3,NULL,NULL,1,''),
 (188,3,'','','','',10,16,10,'2015-02-16','2015-07-15','ผ้าคลอดมีก้อนเลือดติดผ้า',7,61,3,NULL,NULL,1,''),
 (189,3,'','','','',10,16,10,'2015-02-17','2015-07-15','มีผ้าเปื้อนอุจจาระในถุงแดง และไม่แก้ปม',7,61,3,NULL,NULL,1,''),
 (190,3,'','','','',8,16,8,'2015-02-18','2015-07-15','8.30 พบผ้าอ้อมผู้ใหญ่  เสื้อในถุงผ้า',7,61,3,NULL,NULL,1,''),
 (191,3,'','','','',8,16,8,'2015-02-19','2015-07-15','มีผ้าเปื้อนอุจจาระในถุงแดง และไม่แก้ปม',7,61,3,NULL,NULL,1,''),
 (192,3,'','','','',8,16,8,'2015-02-20','2015-07-15','มีผ้าเปื้อนอุจจาระในถุงแดง และไม่แก้ปม',7,61,3,NULL,NULL,1,''),
 (193,3,'','','','',2,16,2,'2015-02-23','2015-07-15','8.30 พบเครื่องมือแพทย์  1  อันในผ้าห่อ set',7,61,3,NULL,NULL,1,''),
 (194,1,'5601298','','','',3,3,3,'2015-04-03','2015-07-15','Methyldopa ¨จัด Tolperisone',3,27,2,NULL,NULL,2,'พบว่ามีการนำยาใส่ผิดช่อง แผงต่างกัน ช่องเก็บยาไม่อยู่ใกล้กัน กำหนดให้ตรวจสอบทุกครั้งอย่างระมัดระวัง'),
 (195,1,'5411223','','','',11,3,11,'2015-04-29','2015-07-15','ค้น OPD card admit ผิด ทำให้ผู้ป่วยไม่ได้กินยาเรื้อรังขณะ Admit',2,16,4,2,6,2,'ทบทวนร่วมกันแจ้ง  จนท.admit  ตรวจสอบ'),
 (196,1,'5600834','','','',11,3,11,'2015-04-29','2015-07-15','pt HT ขาบวม มาแบบ paperless off amlo ไม่ได้ค้น OPD card มา off ยา',3,23,3,NULL,NULL,1,''),
 (197,1,'0024470','','','',11,12,11,'2015-04-29','2015-07-15','ผู้สูงอายุส่งสิทธิ์เป็น 30 บาท',2,17,3,NULL,NULL,1,''),
 (198,1,'0068735','','','',11,12,11,'2015-04-27','2015-07-15','สิทธิ์จ่ายตรง อปท.ส่งเป็นเบิกได้ อปท.',2,17,1,4,8,2,'1.ผู้ป่วยมาสมัครสิทธิ์ยังไม่ขึ้นแต่นัด  3 เดือน2. ผู้ป่วยไม่แสดงบัตร  3. ระบบตรวจสิทธิ์จากงานประกันไม่มีให้ไม่และไม่สอนการใช้  4. ควรปรับกระบวนการตวจสิทธิ์ใหม่  5.ากรไม่เพียงพอ\r\n บุคล'),
 (199,1,'0003093','','','',11,12,11,'2015-04-27','2015-07-15','ผู้สูงอายุส่งสิทธิ์เป็น 30 บาท',2,17,3,NULL,NULL,1,''),
 (200,1,'0042693','','','',11,12,11,'2015-04-27','2015-07-15','ผู้สูงอายุส่งสิทธิ์เป็น 30 บาท',2,17,3,4,8,2,''),
 (201,1,'','','','',7,5,7,'2015-04-27','2015-07-15','OPD ส่ง OPD card ไป x-ray ผิดคน',2,16,3,2,7,2,'ทบทวน คือ ก่อนส่งเอกซเรย์  ให้อ่านชื่อผู้ป่วยทบทวนให้ถูกต้องก่อนไปเอกซเรย์'),
 (202,1,'0014733','','','',7,7,4,'2015-04-23','2015-07-15','ส่งเก็บเสมหะ 3 วัน ผู้ป่วยเก็บมา 1 วัน',8,69,2,2,6,2,'เน้นให้เจ้าหน้าที่ OPD และห้องLab ให้ความรู้กับผู้ป่วยเรื่องการเก็บเสมหะให้ครบ 3 วัน  เน้นประโยชน์และความสำคัญ'),
 (203,1,'','','','',23,23,14,'2015-04-21','2015-07-15','จุดเรื้อรัง ร้อนมาก',8,68,3,NULL,NULL,1,''),
 (204,1,'5600336','','','',11,7,11,'2015-04-21','2015-07-15','มาตรวจ 21/4/58 ใบนำส่งเป็น 10/4/58',2,16,3,NULL,NULL,1,''),
 (205,1,'','','','',7,7,7,'2015-04-21','2015-07-15','ผู้ป่วยมารับบริการแต่เช้า  เพื่อรอแจกบัตรคิว 6.00 เกิดปัญหาที่นั่งไม่พอ ทะเลาะแย่งคิว',8,68,3,4,8,2,'ได้ประชุมOPD สรุป ปรับเวลาแจกบัตรคิวเป็น05.00 น. แบ่งเป็นคิวตรวจโรคทั่วไป , คิวไปตรวจDM HT , คิวไปตรวจที่ PCU แจ้งประชาสัมพันธ์ให้ผู้มารับบริการทราบและเข้าใจ'),
 (206,1,'0032980','','','',11,7,11,'2015-04-21','2015-07-15','จุดแจกคิวส่งผู้ป่วยไป ER แต่ผู้ป่วยมารอ OPD',8,68,3,NULL,NULL,1,''),
 (207,1,'0022486','','','',11,12,11,'2015-06-17','2015-07-15','pt 44 ปี ส่งตรวจเป็น สูงอายุ',2,17,3,NULL,NULL,2,'ทำความเข้าใจกับเจ้าที่และทำการอบรมเรื่องสิทธิ์การรักษาแก่เจ้าหน้าที่แล้ว'),
 (208,1,'5405680','','','',2,3,2,'2015-04-17','2015-07-15','BP 163/101 ER ไม่วัด BP ซ้ำ ',1,1,3,NULL,NULL,1,''),
 (209,1,'0065251','','','',11,12,11,'2015-04-16','2015-07-15','pt สถานะและสิทธิ์ ส่งตรวจเป็น UC 30 บาท',2,17,3,NULL,NULL,1,''),
 (210,1,'0046302','','','',3,3,3,'2015-04-16','2015-07-15','Moduretic 90 จัด 30 เม็ด',3,30,2,NULL,NULL,2,'พบว่าจัดโดยดูจากเลขลำดับผู้ป่วย ไม่ได้ดูตามจำนวนเม็ด ประสาน IT เปลี่ยนตำแหน่งเลขลำดับใหม่'),
 (211,1,'0041250','','','',11,12,11,'2015-04-16','2015-07-15','pt UC เชียงคาน ส่งตรวจเป็น UC ต่างจังหวัด',2,17,3,NULL,NULL,1,''),
 (212,1,'5306064','','','',11,12,11,'2015-04-16','2015-07-15','ผู้สูงอายุส่งสิทธิ์เป็น 30 บาท',2,17,3,NULL,NULL,1,''),
 (213,1,'0009175','','','',8,12,8,'2015-04-16','2015-07-15','ผู้ป่วยสิทธิ์จ่ายตรง อปท.แนบให้จ่ายค่าห้องพิเศษ',8,69,3,NULL,NULL,1,''),
 (214,1,'5704274','','','',2,3,2,'2015-04-15','2015-07-15','สั่งยา Over dose pt 6mo BW 6kg order Simethicone 0.6ml*3 (dose <1 ปี 0.3ml*3)',3,24,3,NULL,NULL,1,''),
 (215,1,'','','','',3,3,3,'2015-04-14','2015-07-15','ไม่เขียนวันหมดอายุบนกระป๋องยาเม็ด',3,43,2,NULL,NULL,2,'มอบหมายผู้รับผิดชอบตรวจสอบวันหมดอายุ และเปลี่ยนจากติดฉลากวันหมดอายุใต้กระป๋องมาไว้ที่ฝาแทน'),
 (216,1,'0016137','','','',2,12,1,'2015-04-14','2015-07-15','pt สิทธิ์ประกันสังคม ตรวจเสร็จ ไม่ออกใบรับรองแทย์ให้ผู้ป่วย ต้องกลับไปขอใหม่',8,69,3,NULL,NULL,1,''),
 (217,1,'0069584','','','',3,3,3,'2015-04-14','2015-07-15','Pioglitazone  จัด propanolol',3,27,2,NULL,NULL,2,'ชื่อคล้ายกัน กำชับให้ระวังเพิ่มขึ้น'),
 (218,1,'','','','',10,3,10,'2015-04-14','2015-07-15','พบผ้าอ้อมตากไว้รั้วลวดหนาม',8,69,2,NULL,NULL,1,''),
 (219,1,'5801521','','','',2,3,2,'2015-04-13','2015-07-15','สั่งยา Over dose -pt 1 mo Order Simethicone susp 3 cc*3PC',3,24,2,NULL,NULL,1,''),
 (220,1,'0002048','','','',11,12,11,'2015-04-13','2015-07-15','สิทธิ์ประกันสังคม รพ.เลย ส่งตรวจเป็น UC 30 บาท',2,17,3,NULL,NULL,1,''),
 (221,1,'0037901','','','',8,3,8,'2015-04-13','2015-07-15','Lasix 40 mg IV Q6hr เหลือยามา 1 dose',3,40,3,NULL,NULL,1,''),
 (222,1,'0036222','','','',8,3,8,'2015-04-13','2015-07-15','Order Ibuprofen 2*3 ตั้งแต่ 11/4/58 13/4/58 เหลือยามา 2 dose',3,40,3,NULL,NULL,1,''),
 (223,1,'5303971','','','',11,3,11,'2015-04-13','2015-07-15','Admit ค้น OPD card แนบไปผิดคน ทำให้ผู้ป่วยไม่ได้ยาเรื้อรังตอน D/C',2,16,4,NULL,NULL,1,''),
 (224,1,'5303971','','','',8,3,1,'2015-04-13','2015-07-15','ไม่ทำตาม  CPG- Order ยา TB ไม่ตรวจ  base line LFT ทำให้ประเมิน ADR จากยายาก ',1,1,3,NULL,NULL,1,''),
 (225,1,'5406217','','','',8,3,1,'2015-04-13','2015-07-15','ไม่ทำตาม  CPG- Order ยา TB ไม่ตรวจ  base line LFT ทำให้ประเมิน ADR จากยายาก ',1,1,3,NULL,NULL,1,''),
 (226,1,'5408234','','','',8,3,1,'2015-04-13','2015-07-15','ไม่ทำตาม  CPG- Order ยา TB ไม่ตรวจ  base line LFT ทำให้ประเมิน ADR จากยายาก ',1,1,3,NULL,NULL,1,''),
 (227,1,'0035837','','','',8,3,1,'2015-04-13','2015-07-15','ไม่ทำตาม  CPG- Order ยา TB ไม่ตรวจ  base line LFT ทำให้ประเมิน ADR จากยายาก ',1,1,3,NULL,NULL,1,''),
 (228,1,'5801514','','','',2,3,2,'2015-04-13','2015-07-15','Order ยา Over dose pt  7 ปี BW 29kg order dicloxa 250mg*4AC 1,000 mg/day(Dose 12.5-25mg/day Max dose 725 mg/day)',3,24,3,NULL,NULL,1,''),
 (229,1,'','','','',3,3,3,'2015-04-13','2015-07-15','Terbutaline inj. วางปนกับ Hyoscine inj.(amp คล้ายกัน¹)',3,27,2,NULL,NULL,2,'แจ้งจัดซื้อให้สั่งคนละบริษัท'),
 (230,1,'5306209','','','',11,12,11,'2015-04-13','2015-07-15','สิทธิ์ประกันสังคม รพ.เลย ส่งตรวจเป็น UC 30 บาท',2,17,3,4,8,2,'อยากให้งานประกันตรวจสิทธิ์สุดท้ายที่เดียวก่อน  รับยา  และจ่ายเงิน เพื่อลดความผิดพลาด'),
 (231,1,'5306209','','','',2,3,2,'2015-04-13','2015-07-15','สั่งยา Over dose Pt  9 ปี BW 20 kg สั่งยา Ranitidine 150 mg 1*2  Dose 4-8 mg/kg ควรได้ 80-160 mg/day',3,24,3,NULL,NULL,1,''),
 (232,1,'5407467','','','',23,3,23,'2015-04-13','2015-07-15','pt  HT (สั่งยา 96 วัน 100 วัน)',3,26,2,NULL,NULL,1,''),
 (233,1,'0015516','','','',1,3,1,'2015-04-10','2015-07-15',' แพทย์ key Gilpizide 2 ช้อนโต๊ะ',3,25,2,NULL,NULL,1,''),
 (234,1,'5305878','','','',1,3,1,'2015-04-09','2015-07-15','แพทย์ key Clotri cr. เป็น Clotri อม',3,25,1,NULL,NULL,1,''),
 (235,1,'0068574','','','',11,3,11,'2015-04-09','2015-07-15','ผู้ป่วย ARV c TB meningitis ส่งตรวจแบบ paperless ทำให้ไม่เห็นประวัติการรักษาต่อเนื่อง',2,18,3,4,5,2,'ในกรณีที่ ผู้ป่วยเป็นโรคเรื้อรัง ARV จะไม่มีประวัติการรักษา ใน OPD CARD จะดูประวัติการรักษาได้ที่ คลินิกพิเศษ และในกรณีที่ ผู้ป่วยโรคเรื้อรัง มารักษาด้วยอาการอื่น ไม่ได้มารับยาโรคเรื้อรังนั้นๆ ที่คนไข้เป็น จะไม่มีการค้นแฟ้ม เจ้าหน้าที่จะสามารถดูประวัติการรักษาได้ที่ OPD  SCAN (เฉพาะกรณีโรคเรื้อรังที่ไม่เป็นความลับเท่านั้น)'),
 (236,3,'','','','',8,3,8,'2015-04-08','2015-07-15',' ไม่มี ALcohol ล้างมือที่ห้องแยก',7,61,3,NULL,NULL,1,''),
 (237,1,'','','','',3,3,3,'2015-04-08','2015-07-15','Omeprazole inj ของขาด',3,44,3,NULL,NULL,1,''),
 (238,1,'0017103','','','',3,3,3,'2015-04-08','2015-07-15','Metformin tab จัด´ Dimen tab 1*3',3,27,2,NULL,NULL,1,''),
 (239,1,'5411001','','','',3,3,3,'2015-04-07','2015-07-15',' แพทย์ order Tamiflu 4.5ml*2 Key 3ml*2',3,28,2,NULL,NULL,1,''),
 (240,1,'5701057','','','',3,3,3,'2015-04-08','2015-07-15','pt   1 ปี สั่งยาน้ำ key ยาเม็ด (ลายมือไม่ชัดเจน)',3,29,2,NULL,NULL,1,''),
 (241,1,'0021215','','','',8,3,8,'2015-04-03','2015-07-15','pt D/C เอายาเดิมมา แต่ไม่เอายาเดิมคืนให้ผู้ป่วย',8,69,3,NULL,NULL,1,''),
 (242,1,'5601298','','','',8,3,8,'2015-04-02','2015-07-15','Methyldopa 1*3 มียาเหลือมา 2 dose',3,40,3,NULL,NULL,1,''),
 (243,1,'5608363','','','',3,3,3,'2015-04-01','2015-07-15','Elecose ห้องยาจัด MUCO',3,32,2,NULL,NULL,1,''),
 (244,1,'0003403','','','',11,12,11,'2015-05-29','2015-07-15','สิทธิ์สูงอายุส่งเป็น UC 30 บาท',2,17,3,NULL,NULL,1,''),
 (245,1,'0037554','','','',11,12,11,'2015-05-29','2015-07-15','สิทธิ์ประกันสังคมส่งเป็น UC 30 บาท',2,17,3,NULL,NULL,1,''),
 (246,1,'0017988','','','',11,12,11,'2015-05-27','2015-07-15','สิทธิ์ประกันสังคมส่งเป็น UC 30 บาท',2,17,3,NULL,NULL,1,''),
 (247,1,'0026737','','','',11,12,11,'2015-05-28','2015-07-15','สิทธิ์สูงอายุส่งเป็น UC 30 บาท',2,17,3,NULL,NULL,1,''),
 (248,1,'5409264','','','',11,12,11,'2015-05-27','2015-07-15','UC ตจว ส่งเป็น UC ในเขต',2,17,3,NULL,NULL,1,''),
 (249,1,'5801713','','','',2,3,1,'2015-05-28','2015-07-15','เขียนเบิก D n/3 order  D n/5',3,23,2,NULL,NULL,1,''),
 (250,1,'5801713','','','',2,3,1,'2015-05-28','2015-07-15','เขียนเบิก D n/3 order  D n/5',3,23,2,NULL,NULL,1,''),
 (251,1,'0032147','','','',8,11,8,'2015-05-28','2015-07-15','IPD ออกใบนัดผิดคน pt จึงนำบัดนัดที่ผิดมายื่นตรวจ',8,69,3,NULL,NULL,1,''),
 (252,1,'0027417','','','',11,12,11,'2015-05-26','2015-07-15','สิทธิ์ ปกส.แต่ส่งตรวจเป็น ปกส.นอกเขต 72 ชั่วโมง',2,17,3,NULL,NULL,1,''),
 (253,1,'5800738','','','',11,12,11,'2015-05-26','2015-07-15','UC เชียงคาน ส่งตรวจเป็น UC นอกเขต',2,17,3,NULL,NULL,1,''),
 (254,1,'0016496','','','',11,12,11,'2015-05-27','2015-07-15','สิทธิ์สูงอายุส่งเป็น UC 30 บาท',2,17,3,NULL,NULL,1,''),
 (255,1,'','','','',11,12,11,'2015-05-27','2015-07-15','ลงเลขที่บัตรประชาชนผิด',2,18,3,NULL,NULL,1,''),
 (256,1,'5410075','','','',11,12,11,'2015-05-26','2015-07-15','UC ตจว ส่งเป็น UC ในเขต',2,17,3,4,8,2,''),
 (257,1,'5700788','','','',11,12,11,'2015-05-25','2015-07-15','UC เชียงคาน ส่งตรวจเป็น ปกส.นอกเขต',2,17,3,4,6,2,'แจ้งผู้เกี่ยวข้องส่งตรวจแล้วให้ส่งตรวจให้ถูกต้อง'),
 (258,1,'5701496','','','',11,12,11,'2015-05-25','2015-07-15','สิทธิ์เบิกได้รัฐวิสาหกิจ ส่งตรวจเป็น เบิกได้ราชการ',2,17,3,NULL,NULL,1,''),
 (259,1,'0034238','','','',11,12,11,'2015-05-25','2015-07-15','สิทธิ์จ่ายตรง ส่งเป็นสิทธิ์ชำระเงิน',2,17,3,NULL,NULL,1,''),
 (260,1,'5802083','','','',11,12,11,'2015-05-25','2015-07-15','pt ชื่อ จันทรา เกิดนาน้อย พิมพ์เป็น จันทรา เกิดมาน้อย ',2,18,3,NULL,NULL,1,''),
 (261,1,'0009658','','','',2,12,2,'2015-05-15','2015-07-15','pt เบิกได้รัฐวิสาหกิจ key ค่าล้างตา 2 ครั้ง ค่าฉีดยา 2 ครั้ง (มียาฉีด 1 ตัว)',2,18,3,NULL,NULL,1,''),
 (262,1,'0009658','','','',11,12,11,'2015-05-15','2015-07-15','สิทธิ์เบิกได้รัฐวิสาหกิจ ส่งตรวจเป็น  UC',2,17,3,NULL,NULL,1,''),
 (263,1,'5600940','','','',3,3,3,'2015-05-15','2015-07-15','แพทย์สั่ง simethicone1*3 ห้องยา key  phenytoin 1*3 pt ได้กิน 1 วัน(ลายมือไม่ชัดเจน)',3,32,4,NULL,NULL,2,'เกิดจากการ key จากใบ copy แก้โดยให้เภสัชกรไปรับ order ใน IPD'),
 (264,1,'0069823','','','',11,3,11,'2015-05-15','2015-07-15','pt HT มาตรวจตรามนัด ส่งตรวจแบบ paperless',2,18,3,NULL,NULL,1,''),
 (265,1,'0035809','','','',11,12,11,'2015-05-14','2015-07-15','สิทธิ์ ปกส.แต่ส่งตรวจเป็น ชำระเงิน',2,17,3,NULL,NULL,1,''),
 (266,1,'5300209','','','',11,12,11,'2015-05-14','2015-07-15','สิทธิ์ พระในเขต ส่งตรวจเป็น  UC',2,17,3,NULL,NULL,1,''),
 (267,1,'5500108','','','',11,12,11,'2015-05-14','2015-07-15','UC เชียงคาน ส่งตรวจเป็น UC นอกเขต',2,17,3,NULL,NULL,1,''),
 (268,1,'5801257','','','',6,3,6,'2015-05-14','2015-07-15','pt ตรวจจากห้องฟัน ใบตรวจไม่มี order amoxy เช็คในคอม พบ order Amoxy5001*3/20',2,18,3,NULL,NULL,1,''),
 (269,1,'0042882','','','',11,12,11,'2015-04-14','2015-07-15','สิทธิ์สูงอายุส่งเป็น UC 30 บาท',2,17,3,NULL,NULL,1,''),
 (270,1,'5801956','','','',11,12,11,'2015-05-14','2015-07-15','สิทธิ์ต่างด้าวไม่ขึ้นทะเบียนส่งเป็นสิทธืชำระเงิน',2,17,3,NULL,NULL,1,''),
 (271,1,'0056753','','','',11,12,11,'2015-05-14','2015-07-15','pt ชื่อ จริญา พิมพ์เป็น จริยา',2,18,3,NULL,NULL,1,''),
 (272,1,'0048063','','','',11,12,11,'2015-05-14','2015-07-15','สิทธิ์เบิกได้รัฐวิสาหกิจ ส่งตรวจเป็น เบิกได้ราชการ',2,17,3,NULL,NULL,1,''),
 (273,1,'5602822','','','',11,12,11,'2015-05-14','2015-07-15','UC เชียงคาน ส่งตรวจเป็น UC นอกเขต',2,17,3,NULL,NULL,1,''),
 (274,1,'0039143','','','',7,11,7,'2015-05-12','2015-07-15','ใบบันทึกการตรวจขาด ทำให้ห้องบัตร scan ไม่ได้',2,18,1,2,6,2,'พิมพ์ OPD Card  ถ้าขาด หรือพับ /ชำรุด ต้องพิมพ์ใหม่ , แจ้งในการประชุมรวม'),
 (275,1,'0063359','','','',11,12,11,'2015-05-11','2015-07-15','สิทธิ์ อสม.ส่งตรวจเป็น  UC',2,17,3,NULL,NULL,1,''),
 (276,1,'0016852','','','',11,12,11,'2015-05-11','2015-07-15','pt ขอใบรับรองแพทย์ทำใบขับขี่ ส่งตรวจเป็น UC',2,17,3,NULL,NULL,1,''),
 (277,1,'5410047','','','',11,12,11,'2015-05-11','2015-07-15','สิทธิ์สูงอายุส่งเป็น UC 30 บาท',2,17,3,NULL,NULL,1,''),
 (278,1,'5408643','','','',11,12,11,'2015-05-11','2015-07-15','สิทธิ์สูงอายุส่งเป็น UC 30 บาท',2,17,3,NULL,NULL,1,''),
 (279,1,'0040504','','','',7,3,7,'2015-05-08','2015-07-15','pt on Warfarin  ตรวจแบบ Paperless ·ทำให้ข้อมูลใน OPD card หายไป',2,18,3,2,9,2,'ทบทวน จนท.ห้องบัตร ให้ค้นแฟ้ม ถ้าเป็นโรคเรื้องรัง เบาหวาน HT วาร์ฟาริน  CKD'),
 (280,1,'0030400','','','',8,3,8,'2015-05-08','2015-07-15','pt มีนัดเดิม´ OPD 9 กค.58 admit ก่อนนัด IPD ออกใบนัดใหม่´ f/u 8 กค58',8,69,3,NULL,NULL,1,''),
 (281,1,'0014222','','','',23,3,23,'2015-05-08','2015-07-15','นัด 70 วัน สั่งยา  60 วัน',8,69,3,NULL,NULL,1,''),
 (282,1,'0053639','','','',3,3,3,'2015-05-08','2015-07-15','จ่ายยาผิดคน ชื่อสมบูรณ์เหมือนกัน ไม่ได้ถามนามสกุล นำยาไปเปลี่ยนให้',3,31,3,NULL,NULL,1,''),
 (283,1,'5300340','','','',11,12,11,'2015-05-06','2015-07-15','สิทธิ์สูงอายุส่งเป็น UC 30 บาท',2,17,3,NULL,NULL,1,''),
 (284,1,'0032098','','','',11,12,11,'2015-05-06','2015-07-15','pt ต้องการตรวจเลือด แต่ส่งสิทธิ์ UC จึงไม่ได้เก็บเงิน',2,17,3,NULL,NULL,1,''),
 (285,1,'0013738','','','',8,12,8,'2015-05-04','2015-07-15','ผู้พิการนอนห้องพิเศษ ไม่แนบชำระค่าห้องพิเศษ จึงไม่ได้เก็บเงิน',8,69,3,NULL,NULL,1,''),
 (286,1,'0042653','','','',11,12,11,'2015-05-06','2015-07-15','สิทธิ์สูงอายุส่งเป็น UC 30 บาท',2,17,3,NULL,NULL,1,''),
 (287,1,'0019784','','','',2,3,2,'2015-05-01','2015-07-15','pt ฉีด para มาแล้วจาก ER แต่ไม่มีการลงสัญลักษณ์ว่าฉีดแล้ว',2,18,3,NULL,NULL,1,''),
 (288,1,'0015873','','','',23,7,23,'2015-05-11','2015-07-15','ใบนัด HT แต่ pt มาตรวจ gout',8,69,3,NULL,NULL,1,''),
 (289,1,'','','','',11,12,11,'2015-06-29','2015-07-16','สูงอายุส่งสิทธิ์ต่างด้าวไม่ขึ้นทะเบียน',2,17,3,NULL,NULL,1,''),
 (290,1,'0036321','','','',8,7,8,'2015-06-29','2015-07-16','แพทย์นัด F/U CBC+LFT 1 wk IPD นัด 1 เดือน',8,69,3,NULL,NULL,1,''),
 (291,1,'5600924','','','',11,12,11,'2015-06-25','2015-07-16','ผู้ป่วยสูงอายุส่งสิทธิ์ UC',2,17,3,NULL,NULL,1,''),
 (292,1,'5408411','','','',11,12,11,'2015-06-24','2015-07-16','ผู้ป่วยเบิกได้รัฐวิสาหกิจ ส่งตรวจเป็น เบิกได้ราชการ',2,17,3,NULL,NULL,1,''),
 (293,1,'5411050','','','',11,12,11,'2015-06-24','2015-07-16','ผู้ป่วยเบิกได้รัฐวิสาหกิจ ส่งตรวจเป็น เบิกได้ราชการ',2,17,3,NULL,NULL,1,''),
 (294,1,'5802466','','','',11,12,11,'2015-06-24','2015-07-16','pt  UC ต่างอำเภอส่งเป็น UC เชียงคาน',2,17,3,NULL,NULL,1,''),
 (295,1,'5504244','','','',11,12,11,'2015-06-24','2015-07-16','ปสก.รพ.เลย ส่งเป็น ปกส.เพชรบูรณ์',2,17,3,4,8,2,''),
 (296,1,'5802297','','','',2,3,2,'2015-06-11','2015-07-16','pt ฉีด cpm แล้วแต่ไม่เขียนคืน ¹ er ใน OPD card',2,18,3,NULL,NULL,1,''),
 (297,1,'0054202','','','',7,7,7,'2015-06-11','2015-07-16','พยาบาลส่ง lab ผิด หมอสั่ง T4   key Lab T3',1,3,2,NULL,NULL,1,''),
 (298,1,'','','','',11,12,11,'2015-06-10','2015-07-16','pt ฟังผลเลือดธกส.ส่งสิทธิ์เป็น UC 30 บาท',2,17,3,NULL,NULL,1,''),
 (299,1,'0028762','','','',23,3,23,'2015-06-09','2015-07-16','สั่งยา 150 วัน นัด´ 159 วัน',8,69,3,NULL,NULL,1,''),
 (300,1,'5601899','','','',11,12,11,'2015-06-09','2015-07-16','pt ทหารเกณฑ์ ส่งสิทธิ์เป็น¹ UC 30 บาท',2,17,3,NULL,NULL,1,''),
 (301,1,'0044416','','','',3,3,3,'2015-06-09','2015-07-16','cef-3 1 dose pt ถือไปฉีด รพ.สต',8,69,3,NULL,NULL,1,''),
 (302,1,'5504886','','','',8,11,15,'2015-06-09','2015-07-16','ณะ admin  HN  5801892   admit วันที่ 8 /05/2558  แต่เมื่อพิมพ์ใบ Summary  HN  เปลี่ยนเป็น 5504886',8,69,3,NULL,NULL,1,''),
 (303,1,'0000290','','','',11,12,11,'2015-06-09','2015-07-16','ผู้ป่วยสูงอายุส่งสิทธิ์ UC 30 บาท',2,17,3,NULL,NULL,1,''),
 (304,1,'0028611','','','',2,3,2,'2015-06-09','2015-07-16','pt มาตรวจนอกเวลา ได้ยาไม่ครบ ออกใบนัดมารับยาแต่ไม่ระบุว่ายาอะไร',8,69,3,NULL,NULL,1,''),
 (305,1,'0006346','','','',11,12,11,'2015-06-08','2015-07-16','ผู้ป่วยสูงอายุส่งสิทธิ์ UC 30 บาท',2,17,3,NULL,NULL,1,''),
 (306,1,'0042246','','','',11,12,11,'2015-06-08','2015-07-16','ผู้ป่วยเบิกได้ส่งสิทธิ์ UC 30 บาท',2,17,3,2,NULL,2,'ทำความเข้าใจกับเจ้าที่และทำการอบรมเรื่องสิทธิ์การรักษาแก่เจ้าหน้าที่แล้ว'),
 (307,1,'0007068','','','',2,7,2,'2015-07-13','2015-07-16','มาตรวจตี 2 แล้วพยาบาลนัดมาตรวจ CBC UA ตอนเช้า พอตอนเช้า ส่ง visit ใหม่ แพทย์สั่ง BUN Cr E]lyte ผลตรวจไม่มี UA เพราะ พยาบาลไม่ได้สั่ง UA ในเครื่อง',1,3,3,NULL,NULL,1,''),
 (308,1,'5301131','','','',2,3,2,'2015-07-11','2015-07-16','แพทย์สั่ง  Domperidone แต่จ่าย tolperisone tab(แผงยาคล้ายกัน)',3,32,3,NULL,NULL,2,'ทบทวนแล้วเนื่องจากแผงยาคล้ายกัน ทดลองเปลี่ยนยา AC ใส่ซองสีฟ้า'),
 (309,1,'37274','นาง','บุญช่วย','พรหมรักษา',3,8,3,'2014-09-27','2014-09-28','ผู้ป่วยชื่อนางบุญช่วย พรหมรักษา แต่ห้องยาพิมพ์สติ๊กเกอร์ยาเป็นชื่อเด็กชายสถาพร บุดดา HN 0072970 ',3,22,2,2,8,1,''),
 (310,1,'5608899','','','',3,3,3,'2014-06-28','2014-06-30','แพทย์สั่งให้ Brufen Sry. 1 tspx3 แต่ห้องยาพิมพ์สติ๊กเกอย์ยาเป็น Co-trimazole 1x3',3,23,3,2,8,1,''),
 (311,1,'0010345','นาง','ริ','ไชโยแสง',3,8,3,'2014-10-01','2014-10-01','พบซองยาของผู้ป่วยชื่อ รตต.พิสิทธิเดช ไชยะเดชะ ติดมากับซองยาของผู้ป่วยนางริ ไชโยแสง เป็นยา Loratadine 1 เม็ดก่อนนอน ซึ่งแพทย์ไม่ได้สั่งให้ผู้ป่วยรายนี้ จึงแจ้งให้เจ้าหน้าที่ห้องยารับทราบและเปลี่ยนยาให้ตรงกับคำสั่งแพทย์',3,22,2,4,8,1,''),
 (312,1,'0009093','นาย','เซ็ง ','อาจทอง',3,8,3,'2014-06-20','2014-06-20','แพทย์สั่งให้ tramol 50 mg iv prn ทุก 8 ชั่วโมง แต่ห้องยาจ่าย dimen 50 mg มาให้ 3 amp',3,23,2,4,8,1,''),
 (313,3,'','','','',3,8,3,'2014-10-03','2014-10-03','ห้องยาจ่าย Adrenaline คืน IPD 2 amp แต่ติดสิ๊กเกอร์สีควรใช้อย่างระวังทับชื่อยา ทำให้อ่านชื่อยาไม่ได้ เสี่ยงต่อการเกิดความผิดพราด จึงส่งยาคืนห้องยาและแจ้งให้เจ้าหน้าที่ห้องยารับทราบ',3,43,1,2,9,1,''),
 (314,1,'5802782','','นัด','แสงดี',3,8,3,'2015-07-15','2015-07-15','เด็กชายนัด แสงดี อายุ6ปี แพทย์สั่งให้ PGS 250,000 unit ทุก 6 ชั่วโมง ห้องยาจ่าย PGS 1 mu มาให้ 2 vial Steptomycin มาให้ 3 vial แจ้งให้เจ้าหน้าที่ห้องยาทราบ ส่งยาคืนให้ห้องยาจัดยามาให้ใหม่',3,23,2,4,9,1,''),
 (315,3,'','','','',13,20,13,'2015-07-15','2015-07-16','ความไม่พร้อมใช้ของรถราชการ เพื่อนำเจ้าหน้าที่เดินทางไปประชุม  (มีการนัดเวลา 8.30 น.เพื่อใช้รถราชการเดินทางไปประชุม  เเต่เมื่อถึงเวลานัดหมาย พนักงานขับรถไม่มีการเตรียมความพร้อมเพื่อไปประชุม ต้องนำรถไปเติมน้ำมันก่อน ทำให้เกิดความล่าช้าในการเดินทาง)',8,68,3,2,6,1,''),
 (316,3,'','','','',9,9,2,'2015-07-15','2015-07-17','มีการประสานการส่งต่อ(หญิงตั้งครรภ์ ที่มีภาวะ Severe Pre-eclampsia) จากงานเวชฯ ไป ห้องฉุกเฉิน เพื่อขอรถคนงาน+รถเข็น(นั่ง) โดยทางโทรศัพท์ (เนื่องจากไม่มีโทรศัพท์ภายใน ทราบเฉพาะเบอร์ห้องฉุกเฉิน) \r\n   1. การประสานงานกับจนท.ถูกแบ่งรับ-แบ่งปฏิเสธ ว่า ทำไมต้องโทรมาที่ ER ? แต่ก็ตามคนงานพร้อมรถเข็นไปรับที่ตึกงานเวชฯให้   \r\n   2.ทางเชื่อมระหว่างตึกไม่มี (หญิงตั้งครรภ์ น้ำหนัก 140+ กก. นั่งรถเข็นที่สภาพ...) เส้นทางขรุขระ ไม่สะดวก\r\n   3.ประสานกับจนท.ส่วนตัว พึ่งทราบว่า คนงานที่ห้องฉุกเฉินไม่ได้ออกรับผู้ป่วย  จะเป็นคนงาน ศูนย์เปลที่รับผิดชอบโดย จุดคัดกรอง (แต่เนื่องจากไม่มีโทรศัพท์ติดต่อภายใน)\r\n   4.',7,66,1,8,11,1,''),
 (317,3,'','','','',2,2,17,'2015-07-17','2015-07-17','ซองเข็ม rourd 15 อัน  ด้านในซอง เป็นเข็ม cutting ',5,52,2,5,11,1,''),
 (318,1,'0034393','นาง','จรัญ','ศรีคำ',7,11,11,'2015-07-17','2015-07-17','งานผู้ป่วยนอก นัดผิดคลินิก  ผู้ป่วยมีนัดดูอาการ แต่งานผู้ป่วยนอกนัดผู้ป่วยไปคลินิกทันตกรรม',1,75,1,2,6,2,'ทบทวนการนัดหมาย ให้ตรวจสอบคลินิกให้ถูกต้อง ทั้ง 3 ช่อง ในโปรแกรมนัด  ก่อนพิมพ์ใบนัด และอ่านทบทวน ก่อนแจ้งผู้รับนัด'),
 (319,1,'0050537','นาง','คำเหนียว','ประทุมศรี',2,11,11,'2015-07-17','2015-07-17','ห้องฉุกเฉินนัดผิดคลินิก ผู้ป่วยมีนัดดูแผล แต่นัดผู้ป่วยไปงานผู้ป่วยนอก',1,75,1,NULL,NULL,1,''),
 (320,1,'0063209','นาง','นาท','กันละเรศ',2,11,11,'2015-07-17','2015-07-17','นัดผิดคลินิก  ผู้ป่วยมีนัดดูแผล+ล้างแผล แต่นัดผู้ป่วยไปงานผู้ป่วยนอก',1,75,1,NULL,NULL,1,''),
 (321,5,'5802185','นาย','สุเมธ','ปัญญา',8,11,11,'2015-06-01','2015-07-17','ส่งแผ่นบันทึกอาการทางระบบประสาท หลังจากส่ง chart ให้งานเวชระเบียนแล้ว ทำให้ไม่มีใบนี้ใน chart ทำให้ chart ไม่สมบูรณ์',2,18,1,NULL,NULL,1,''),
 (322,5,'0041775','นาย','สวัสดิ์','สะตะ',8,11,11,'2015-01-14','2015-07-17','ส่งใบบันทึกการจ่ายยา หลังจากส่ง chart ให้งานเวชระเบียนแล้ว ทำให้ไม่มีใบนี้ใน chart ทำให้ chart ไม่สมบูรณ์',2,18,1,NULL,NULL,1,'');
INSERT INTO `risk` (`id`,`person_id`,`hn`,`pname`,`fname`,`lname`,`location_riks_id`,`location_report_id`,`location_connection_id`,`risk_date`,`risk_report`,`risk_summary`,`type_id`,`sub_type_id`,`level_id`,`clear_id`,`system_id`,`status_id`,`risk_review`) VALUES 
 (323,5,'0054758','น.ส.','รัตนาภร','ดิกันดก',8,11,11,'2015-05-16','2015-07-17','ส่งใบบันทึกการจ่ายยา หลังจากส่ง chart ให้งานเวชระเบียนแล้ว ทำให้ไม่มีใบนี้ใน chart ทำให้ chart ไม่สมบูรณ์',2,18,1,NULL,NULL,1,''),
 (324,5,'0003371','นาง','อนงค์','ซ้อนเติม',8,11,11,'2014-09-08','2015-07-17','ส่งใบบันทึกการจ่ายยา หลังจากส่ง chart ให้งานเวชระเบียนแล้ว ทำให้ไม่มีใบนี้ใน chart ทำให้ chart ไม่สมบูรณ์',2,18,1,NULL,NULL,1,''),
 (325,5,'0047630','นาย','ทองชุม','อาจหาญ',8,11,11,'2015-01-14','2015-07-17','ส่งใบบันทึกการจ่ายยา หลังจากส่ง chart ให้งานเวชระเบียนแล้ว ทำให้ไม่มีใบนี้ใน chart ทำให้ chart ไม่สมบูรณ์',2,18,1,NULL,NULL,1,''),
 (326,5,'0002733','นาย','แฝก','ลามา',8,11,11,'2015-01-18','2015-07-17','ส่งใบบันทึกการจ่ายยา หลังจากส่ง chart ให้งานเวชระเบียนแล้ว ทำให้ไม่มีใบนี้ใน chart ทำให้ chart ไม่สมบูรณ์',2,18,1,NULL,NULL,1,''),
 (327,5,'','','','',7,15,15,'2015-04-01','2015-07-17','มีการนำแก้วน้ำที่มีน้ำ วางไว้บนเคสคอมพิวเตอร์ อาจส่งผมต่อระบบเครือข่ายใช้งานคอมพิวเตอร์ไม่ได้',8,69,1,2,1,2,'ห้ามจนท.แผนกผู้ป่วยนอก ไม่ให้วางแก้วน้ำบนคอมพิวเตอร์'),
 (328,5,'','','','',4,4,4,'2015-07-16','2015-07-19','Server คอมพิวเตอร์ระบบ LIS ขัดข้อง ทำให้ไม่สามารถ Link ข้อมูลไปยังระบบ Hos xp ได้ทำให้ต้องรายงานผลผ่านระบบ Hos xp การรายงานผลล่าช้ากว่าปกติและมีความเสี่ยงต่อความผิดพลาด',5,53,1,5,10,2,'เมื่อพบปัญหาได้แจ้ง Admin ที่ดูแลระบบ LIS ให้แก้ปัญหา และรับคนไข้ และรายงานผลผ่านระบบ Hos xp ในช่วงที่กำลังดำเนินการแก้ไขระบบ '),
 (329,3,'2746','นาง','ฝั้น','มาลา',8,4,8,'2015-06-16','2015-07-19','เจ้าหน้าที่เจาะเลือดส่งตรวจงานเคมีคลินิก และCBC ใช้หลอดสีแดง และหลอดสีม่วง แต่ปิดฝาหลอดบรรจุตัวอย่างสลับ ทำให้มีการปนเปื้อนของสารกันเลือดแข็งไม่สามารถตรวจวัดได้ ต้องเจาะเลือดซ้ำ\r\n',8,69,2,2,2,1,'แจ้งให้หน่วยงานที่เกี่ยวข้องทราบ และติดตามความเสี่ยงไม่ให้เกิดซ้ำ'),
 (330,1,'','','','',3,8,3,'2015-07-19','2015-07-19','แพทย์สั่งให้Omprazole 1x1 ห้องยา จ่ายยามาให้เป็น 1x2 และพิมพ์ใบบันทึกการให้ยาเป็น 1x2  ',3,73,2,2,8,1,''),
 (331,1,'0065476','นาง','มิ่ง','บุดดา',3,8,3,'2015-07-19','2015-07-19','แพทย์สั่งให้Omprazole 1x1 ห้องยา จ่ายยามาให้เป็น 1x2 และพิมพ์ใบบันทึกการให้ยาเป็น 1x2  ',3,27,2,2,8,1,''),
 (332,1,'5411850','น.ส.','ฉวีวรรณ','เศษเหลือ',3,8,3,'2015-07-16','2015-07-16','แพทย์สั่งให้ceftazedin 2gm iv q 8 hr. ห้องยาจัดยามาให้ผิดชนิดและผิดจำนวน จ่ายceftazedin มาให้ 1 vial และจ่าย PGS  5 mu มาให้ 1 vial ',3,27,2,2,8,1,''),
 (333,1,'14733','นาง','ทะเบียน','นาทุม',4,7,4,'2015-07-07','2015-07-21','ผู้ป่วยมาตรวจด้วยอาการเหนื่อย  แพทย์ให้เจาะเลือด FBS + TSH  FT3 FT4  และนัดฟังผลอีก 14 วัน ต่อมา มาฟังผล ไม่มีผลThyroid  จึงได้ตรวจซ้ำใหม่',1,3,4,2,6,1,''),
 (334,1,'5305453','','','',8,3,8,'2015-07-21','2015-07-21','จัดยา13.10 น.พบยา ISDN 10 mg มื้อเที่ยง เหลือในซองยากลับมา',3,74,3,NULL,NULL,1,''),
 (335,1,'0014133','นาง','สุนินทร์','ไชยคีนี',8,11,11,'2015-07-22','2015-07-22','งานผู้ป่วยในต้องการนัดผู้ป่วยไปคลินิกงานผู้ป่วยนอก แต่งานผู้ป่วยใน นัดผู้ป่วยผิดคลินิกไป งานผู้ป่วยใน 1  ',1,75,1,NULL,NULL,1,''),
 (336,1,'5505795','','','',11,12,11,'2015-07-22','2015-07-22','ผู้ป่วยสิทธิ ตจว. แต่สิทธิจริงผู้ป่วย คือ สิทธิผู้มีรายได้น้อย รพ.เชียงคาน',2,17,3,8,8,2,'เป็นผู้ป่วยที่นัดล่วงหน้าทำให้สิทธิ์เปลี่ยน      ให้ทบทวนร่วมงานประกันตรวจสิทธิ์ล่วงหน้าทุกรายก่อนผู้ป่วยมาตรวจ'),
 (337,1,'5802882','','','',2,12,2,'2015-07-21','2015-07-22','ผู้ป่วยมีสิทธิ คนต่างด้าวไม่ขึ้นทะเบียน ต้องชำระเงิน 110 บาท แต่มีการเก็บเงินมา 30 บาท',8,69,4,NULL,NULL,1,''),
 (338,1,'5802881','','','',2,12,2,'2015-07-21','2015-07-22','ผู้ป่วยมีสิทธิ คนต่างด้าวไม่ขึ้นทะเบียน ต้องชำระเงิน 94 บาท แต่มีการเก็บเงินมา 30 บาท',8,69,4,NULL,NULL,1,''),
 (339,1,'5802883','','','',2,12,2,'2015-07-21','2015-07-22','ผู้ป่วยมีสิทธิ คนต่างด้าวไม่ขึ้นทะเบียน ต้องชำระเงิน 110 บาท แต่มีการเก็บเงินมา 30 บาท',8,69,4,NULL,NULL,1,''),
 (340,1,'5802888','','','',6,12,6,'2015-07-22','2015-07-24','ผู้ป่วยมีสิทธิบัตรทองต่างอำเภอ กรณีมาทำฟันต้องชำระเงินเองทั้งหมด แต่ห้องฟันไม่ส่งผู้ป่วยมาชำระเงิน',8,69,4,NULL,NULL,1,''),
 (341,1,'0004164','นาง','เตรียม','มีแพง',8,11,11,'2015-07-27','2015-07-27','ผู้ป่วยในนัดผิดแพทย์   แพทย์เจ้าของไข้คือนายแพทย์เฉลิมพล  แต่ผู้ป่วยในนัดเป็นแพทย์ระพีพรรณ  ทำให้เกิดความล่าช้าในการตรวจรักษา',1,75,1,NULL,NULL,1,''),
 (342,1,'0051836','นาย','ดม','จันด้วง',8,11,11,'2015-07-28','2015-07-28','งานผู้ป่วยใน ส่ง chart ล่าช้า AN 580000448 จำหน่ายตั้งแต่วันที่ 17 กพ 2558 แต่นำ Chart ส่งผู้ป่วยใน วันที่ 14 ก.ค. 2558 ทำให้ไม่สามารถลงรหัสโรคได้ทันเวลา เป็นเหตุให้ใส่รหัสโรค ได้ไม่ถูกต้อง เป็นผลทำให้ไม่สามารถเบิกเคลม ได้ตามที่ควร ทำให้โรงพยาบาลได้รับค่ารักษาคืนน้อย',2,20,4,NULL,NULL,1,''),
 (343,5,'0051469','นาย','ผุด','แสงจำปา',8,11,11,'2015-07-17','2015-07-28','Chart HN 0051469 AN 580003091 ชื่อ นายผุด  แสงจำปา  ไม่รอแพทย์สรุปโรค  แต่นำ  Chart มาส่งคืนให้งานเวชระเบียน  ทำให้เกิดความล่าช้าในกระบวนการทำงาน',2,18,1,NULL,NULL,1,''),
 (344,1,'5600928','นาย','ทศ','ธรรมภา',3,8,3,'2015-08-03','2015-08-03','แพทย์สั่งให้ Omeprazole 20 mg 1 เม็ด OD  ห้องยาพิมพ์ใบสั่งยามา 2 ขนาด เป็น Omeprazole 20 mg 1 เม็ด OD และ Omeprazole 20 mg 1 เม็ด bid และจ่ายยามาให้เป็น Omeprazole 20 mg 1 เม็ด bid จึงส่งยาและใบยากลับคืนไปให้ห้องยาตรวจสอบและจัดยาให้ถูกต้องตาม Order แพทย์',3,26,2,2,8,1,''),
 (345,1,'5503256','','เชิดศักดิ์','ไชยพรม',3,8,3,'2015-08-04','2015-08-04','แพทย์สั่งให้ Motilium syr. 1 ช้อนชา tid ac ห้องยาจ่ายยา Motilium ชนิดเม็ดมาให้',3,29,2,2,8,1,''),
 (346,1,'5608899','','สุกฤษฏิ์วิวัฒน์','ประทุมคำ',3,8,3,'2015-08-02','2015-08-02','แพทย์สั่งให้ Dexa 2 mg iv ทุก 6 ชั่วโมง และ Ventolin (0.5 : 3) NB ทุก 6 ชั่วโมง ห้องยาพิมพ์ใบสั่งยาเป็น Dexa 8 mg iv ทุก 6 ชั่วโมง และไม่พิมพ์ Ventolin (0.5 : 3) NB ทุก 6 ชั่วโมง ',3,28,2,2,8,1,''),
 (347,1,'5607851','นาย','สุชาติ','ฉัตรทอง',3,8,3,'2015-08-02','2015-08-02','แพทย์สั่ง off Glipizide, Mixtard ตั้งแต่วันที่ 1 ส.ค. 58 เวลา 16.30 น. แต่ห้องยายังพิมพ์ใบสั่งยาและจัดยามาให้',3,71,2,2,8,1,''),
 (348,1,'0054942','','','',11,12,11,'2015-08-05','2015-08-05','ผู้ป่วยสมัครจ่ายตรงกับ รพ.เชียงคานแล้ว แต่ส่งสิทธิมาเป็นเบิกได้หน่วยงานราชการ',2,17,1,NULL,NULL,1,''),
 (349,1,'5802967','','','',11,12,11,'2015-08-05','2015-08-05','ผู้ป่วยมีสิทธิประกันสังคม รพ.เลย แล้ว แต่ส่งสิทธิ ประกันสังคม รพ.สาธารณสุขอื่น',2,17,1,NULL,NULL,1,''),
 (350,1,'0011512','','','',11,12,11,'2015-08-05','2015-08-05','ผู้ป่วยมีสิทธิว่าง',2,17,1,NULL,NULL,1,''),
 (351,1,'5704603','','','',11,12,11,'2015-08-05','2015-08-05','ผู้ป่วยรับยาจิตเวช มีสิทธิ ประกันสังคม รพ.สาธารณสุขอื่น แต่ส่งสิทธิผู้พิการ',2,17,1,NULL,NULL,1,''),
 (352,1,'5800198','','','',11,12,11,'2015-08-05','2015-08-05','ผู้ป่วยมีสิทธิเบิกได้จ่ายตรง รพ.เชียงคานแล้ว แต่ยังส่งสิทธิเบิกได้หน่วยงานราชการมา',2,17,1,NULL,NULL,1,''),
 (353,1,'5505497','','','',11,12,11,'2015-08-05','2015-08-05','ผู้ป่วยมีสิทธิพระ แต่ส่งสิทธิบัตรทองต่างอำเภอ',2,17,1,NULL,NULL,1,''),
 (354,1,'','','','',9,12,9,'2015-08-05','2015-08-06','สิทธิคนต่างด้าวขึ้นทะเบียนในเขตและสิทธิบุคคลสถานะและสิทธิมาANCต้องมาชำระเงิน30บาททุกครั้งที่มารับบริการ เพราะไม่อยู่ในโครงการฝากท้องทุกที่ฟรีทุกสิทธิ',8,69,4,NULL,NULL,1,''),
 (355,1,'0016614','น.ส.','พรศิริ','บุดดา',12,11,11,'2015-08-05','2015-08-06','งานการเงินส่งตรวจคนไข้ เอง  โดยที่คนไข้ไม่มีข้อมูลการตรวจ  และไม่สามารถ ลบ  visit นั้นได้ ทำให้มีปัญหาในการส่งข้อมูล 43 แฟ้ม',2,18,4,NULL,NULL,1,''),
 (356,5,'5803075','นาย','ไพบูลย์','กุศล',6,11,11,'2015-08-05','2015-08-06','ฝ่ายทันตกรรม ไม่ลง diag โรค ทำให้เวชระเบียนไม่สมบูรณ์ ',2,18,4,NULL,NULL,1,''),
 (357,1,'580314','นาย','อัศวิน ','กองวงศ์',11,7,11,'2015-08-06','2015-08-06','ห้องบัตรพิมพ์ชื่อผู้ป่วยผิด จากชื่อ อัศวิน พิมพ์เป็น อัศวัน',2,18,3,2,6,1,''),
 (358,1,'0027510','นาง','บุญยืน','เขียวทิพย์',3,8,3,'2015-08-07','2015-08-07','แพทย์สั่งให้ RND 50 mg iv ทุก 8 ชั่วโมง, Hydrocortisone 100 mg iv ทุก 8 ชั่วโมง เป็น Order one day ห้องยาไม่ได้พิมพ์ใบบันทึกการให้ยามาให้ IPD ',3,71,2,2,8,1,''),
 (359,1,'0027510','นาง','บุญยืน','เขียวทิพย์',2,8,1,'2015-08-07','2015-08-07','แพทย์สั่งให้ RND 50 mg iv ทุก 8 ชั่วโมง ER ฉีดยา stat dose ให้ผู้ป่วย แต่ไม่ลงบันทึกการให้ยาใน order แพทย์สั่งให้ เจาะ Trop I แต่ ER ไม่ได้เจาะ Lab Trop I ส่ง แต่ส่งเป็น Cr แทน ซึ่งเป็น Labที่แพทย์ไม่ได้ Order และแพทย์ดูผล Lab แล้ว และเขียนลงใน Order ว่าทำแล้ว',1,3,1,2,8,1,''),
 (360,5,'0050255','นาย','ณัฐพงษ์','พุทธชาติ',8,11,11,'2015-08-07','2015-08-07','ชื่อแพทย์ที่สั่ง Admit และ แพทย์เจ้าของไข้ เป็นชื่อของพยาบาล  เบื้องต้นทางเวชระเบียนได้เปลี่ยนเป็นชื่อแพทย์เจ้าของไข้แล้ว',2,18,1,NULL,NULL,1,''),
 (361,1,'5304362','นาย','ด้วง','กรมทอง',23,11,11,'2015-08-10','2015-08-10','นัดคนไข้ไปที่คลินิก โรคทั่วไป  แต่คนไข้มีนัด  COPD',1,75,1,NULL,NULL,1,''),
 (362,1,'0013625','นาย','วีรวัฒน์','คำพรม',8,11,11,'2015-08-10','2015-08-10','นัดคนไข้ ทำ  EKG ก่อนพบแพทย์  แต่นัดคนไข้ไปที่  คลินิก DM',1,75,1,NULL,NULL,1,''),
 (363,1,'0028350','นาง','กีนัน','บุดดา',7,11,11,'2015-08-10','2015-08-10','คนไข้มีนัดคลินิก WARFARIN  แต่นัดคนไข้ไปที่คลินิก ผู้ป่วยนอก',1,75,1,NULL,NULL,1,''),
 (364,1,'5501228','น.ส.','สุภาวัด','นันทะผา',2,11,11,'2015-08-10','2015-08-10','นัดคนไข้ดูแผล  แต่นัดคนไข้ไข้ไปที่คลินิกตรวจโรคทั่วไป',1,75,1,NULL,NULL,1,''),
 (365,1,'5701599','นาย','รณรงค์','หมีทอง',2,11,11,'2015-08-10','2015-08-10','นัดคนไข้ดูแผลที่เท้า  แต่นัดคนไข้ไปที่คลินิกตรวจโรคทั่วไป',1,75,1,NULL,NULL,1,''),
 (366,5,'0054721','นาง','รจนา','ปารีพา',8,11,11,'2015-07-29','2015-08-10','ส่ง  chart  คืนให้กับงานเวชระเบียน แต่แพทย์ยังไม่สรุป chart ',2,18,4,NULL,NULL,1,''),
 (367,1,'','','','',2,3,1,'2015-08-01','2015-08-10','ญาติผู้ป่วยร้องเรียนทางเฟสบุ๊ค เนื่องจากมารดาต้องมาโรงพยาบาล 2 ครั้งใน 1 วัน',8,68,5,7,NULL,2,'ทบทวนแล้วให้การรักษาตามมาตรฐาน ทีมไกล่เกลี่ยได้ดำเนินการไกล่เกลี่ยและได้เซ็นสัญญาประนีประนอมยอมความเรียบร้อยในวันที่ 4 สิงหาคม 2558'),
 (368,1,'5600928','นาย','ทศ','ธรรมภา',3,8,3,'2015-08-11','2015-08-11','แพทย์ไม่ได้สั่งให้ยา Doxazosin 1xhs แต่ห้องยาจัดยามาให้ ',3,22,2,4,8,1,''),
 (369,1,'5803122','นาง','จันทา','',3,8,3,'2015-08-11','2015-08-11','แพทย์สั่งให้ clotrimazole อม 1x3 แต่ห้องยาพิมพ์ใบยา และจ่ายยามาให้ อมครั้งละ 1 เม็ด วันละ 5 ตรั้ง ห่างกันทุก 4 ชั่วโมง',3,26,2,2,8,1,'');
/*!40000 ALTER TABLE `risk` ENABLE KEYS */;


--
-- Definition of table `risk_has_review`
--

DROP TABLE IF EXISTS `risk_has_review`;
CREATE TABLE `risk_has_review` (
  `risk` int(11) NOT NULL,
  `review` int(11) NOT NULL,
  `risk_has_reviewcol` varchar(45) COLLATE utf8_unicode_ci DEFAULT NULL,
  PRIMARY KEY (`risk`,`review`),
  KEY `fk_risk_has_review_risk1_idx` (`risk`),
  CONSTRAINT `fk_risk_has_review_risk1` FOREIGN KEY (`risk`) REFERENCES `risk` (`id`) ON DELETE NO ACTION ON UPDATE NO ACTION
) ENGINE=InnoDB DEFAULT CHARSET=utf8 COLLATE=utf8_unicode_ci;

--
-- Dumping data for table `risk_has_review`
--

/*!40000 ALTER TABLE `risk_has_review` DISABLE KEYS */;
/*!40000 ALTER TABLE `risk_has_review` ENABLE KEYS */;


--
-- Definition of table `risk_has_review1`
--

DROP TABLE IF EXISTS `risk_has_review1`;
CREATE TABLE `risk_has_review1` (
  `risk_id` int(11) NOT NULL,
  `review_ID` int(11) NOT NULL,
  PRIMARY KEY (`risk_id`,`review_ID`),
  KEY `fk_risk_has_review1_risk1_idx` (`risk_id`),
  CONSTRAINT `fk_risk_has_review1_risk1` FOREIGN KEY (`risk_id`) REFERENCES `risk` (`id`) ON DELETE NO ACTION ON UPDATE NO ACTION
) ENGINE=InnoDB DEFAULT CHARSET=utf8 COLLATE=utf8_unicode_ci;

--
-- Dumping data for table `risk_has_review1`
--

/*!40000 ALTER TABLE `risk_has_review1` DISABLE KEYS */;
/*!40000 ALTER TABLE `risk_has_review1` ENABLE KEYS */;


--
-- Definition of table `safe`
--

DROP TABLE IF EXISTS `safe`;
CREATE TABLE `safe` (
  `id` int(11) NOT NULL AUTO_INCREMENT COMMENT 'ID',
  `safe_name` varchar(100) COLLATE utf8_unicode_ci NOT NULL COMMENT 'ความปลอดภัย',
  PRIMARY KEY (`id`)
) ENGINE=InnoDB AUTO_INCREMENT=11 DEFAULT CHARSET=utf8 COLLATE=utf8_unicode_ci;

--
-- Dumping data for table `safe`
--

/*!40000 ALTER TABLE `safe` DISABLE KEYS */;
INSERT INTO `safe` (`id`,`safe_name`) VALUES 
 (1,'ลื่น / ล้ม / ชน'),
 (2,'ตกจากเตียง / เปล / โต๊ะ'),
 (3,'บาดเจ็บจากการทำงาน'),
 (4,'อุบัติเหตุที่เสี่ยงต่อการติดเชื้อ'),
 (5,'การทำร้ายร่างกาย'),
 (6,'อันตรายจากรังสี'),
 (7,'อัคคีภัย'),
 (8,'โจรกรรม / ลักขโมย'),
 (9,'อุบัติเหตุทางการเดินทาง'),
 (10,'อื่นๆ');
/*!40000 ALTER TABLE `safe` ENABLE KEYS */;


--
-- Definition of table `status`
--

DROP TABLE IF EXISTS `status`;
CREATE TABLE `status` (
  `id` int(11) NOT NULL AUTO_INCREMENT COMMENT 'ID',
  `status_name` varchar(100) COLLATE utf8_unicode_ci NOT NULL COMMENT 'ต้องติดตาม / ต้องทบทวน',
  PRIMARY KEY (`id`)
) ENGINE=InnoDB AUTO_INCREMENT=3 DEFAULT CHARSET=utf8 COLLATE=utf8_unicode_ci;

--
-- Dumping data for table `status`
--

/*!40000 ALTER TABLE `status` DISABLE KEYS */;
INSERT INTO `status` (`id`,`status_name`) VALUES 
 (1,'ต้องทบทวน'),
 (2,'ทบทวนแล้ว');
/*!40000 ALTER TABLE `status` ENABLE KEYS */;


--
-- Definition of table `status_active`
--

DROP TABLE IF EXISTS `status_active`;
CREATE TABLE `status_active` (
  `id` int(11) NOT NULL AUTO_INCREMENT COMMENT 'ID',
  `status_name` varchar(100) COLLATE utf8_unicode_ci NOT NULL COMMENT 'สถานะการทบทวน',
  PRIMARY KEY (`id`)
) ENGINE=InnoDB AUTO_INCREMENT=3 DEFAULT CHARSET=utf8 COLLATE=utf8_unicode_ci;

--
-- Dumping data for table `status_active`
--

/*!40000 ALTER TABLE `status_active` DISABLE KEYS */;
INSERT INTO `status_active` (`id`,`status_name`) VALUES 
 (1,'Yes'),
 (2,'No');
/*!40000 ALTER TABLE `status_active` ENABLE KEYS */;


--
-- Definition of table `status_description`
--

DROP TABLE IF EXISTS `status_description`;
CREATE TABLE `status_description` (
  `id` int(11) NOT NULL AUTO_INCREMENT COMMENT 'ID',
  `status_date` date NOT NULL COMMENT 'วันที่ทบทวน',
  `status_description` text COLLATE utf8_unicode_ci NOT NULL COMMENT 'รายละเอียดการทบทวน',
  `status_name` varchar(100) COLLATE utf8_unicode_ci NOT NULL COMMENT 'ผู้ทบทวน',
  `status_active_id` int(11) NOT NULL COMMENT 'สถานะการทบทวน',
  `status_id` int(11) DEFAULT NULL,
  PRIMARY KEY (`id`),
  KEY `fk_status_description_status_active1_idx` (`status_active_id`),
  KEY `fk_status_description_status1_idx` (`status_id`),
  CONSTRAINT `fk_status_description_status1` FOREIGN KEY (`status_id`) REFERENCES `status` (`id`) ON DELETE NO ACTION ON UPDATE NO ACTION,
  CONSTRAINT `fk_status_description_status_active1` FOREIGN KEY (`status_active_id`) REFERENCES `status_active` (`id`) ON DELETE NO ACTION ON UPDATE NO ACTION
) ENGINE=InnoDB DEFAULT CHARSET=utf8 COLLATE=utf8_unicode_ci;

--
-- Dumping data for table `status_description`
--

/*!40000 ALTER TABLE `status_description` DISABLE KEYS */;
/*!40000 ALTER TABLE `status_description` ENABLE KEYS */;


--
-- Definition of table `sub_type`
--

DROP TABLE IF EXISTS `sub_type`;
CREATE TABLE `sub_type` (
  `id` int(11) NOT NULL AUTO_INCREMENT COMMENT 'ID',
  `type_id` int(11) NOT NULL COMMENT 'ประเภทความเสี่ยง',
  `sub_type_name` varchar(100) COLLATE utf8_unicode_ci NOT NULL COMMENT 'ประเภทย่อย',
  PRIMARY KEY (`id`),
  KEY `fk_sub_type_type1_idx` (`type_id`),
  CONSTRAINT `fk_sub_type_type1` FOREIGN KEY (`type_id`) REFERENCES `type` (`id`) ON DELETE NO ACTION ON UPDATE NO ACTION
) ENGINE=InnoDB AUTO_INCREMENT=76 DEFAULT CHARSET=utf8 COLLATE=utf8_unicode_ci;

--
-- Dumping data for table `sub_type`
--

/*!40000 ALTER TABLE `sub_type` DISABLE KEYS */;
INSERT INTO `sub_type` (`id`,`type_id`,`sub_type_name`) VALUES 
 (1,1,'การคัดกรอง ประเมินผิดพลาด'),
 (2,1,'การวินิจฉัยผิดพลาด ล่าช้า'),
 (3,1,'ผล Lab ผิดพลาดล่าช้า'),
 (4,1,'X-Ray ผิดท่า / ไม่ชัดเจน'),
 (5,1,'ผู้ป่วยตกเตียง'),
 (6,1,'เข็มทิ่มตำ'),
 (7,1,'ให้การรักษาล่าช้า'),
 (8,1,'ภาวะแทรกซ้อนทางหัตถการ'),
 (9,1,'ภาวะแทรกซ้อนทางทันตกรรม'),
 (10,1,'ปฏิกิริยาจากการให้เลือด'),
 (11,1,'เสียชีวิตโดยไม่คาดคิด'),
 (12,1,'Revisit โรคเดิม 48 ชั่วโมง'),
 (13,1,'การส่งต่อล่าช้า'),
 (14,1,'ไม่สมัครใจอยู่'),
 (15,2,'เวชระเบียนสูญหาย'),
 (16,2,'เวชระเบียนผิดคน'),
 (17,2,'ส่งสิทธิ์การรักษาผิดพลาด'),
 (18,2,'การบันทึกข้อมูลไม่สมบูรณ์'),
 (19,2,'ความลับถูกเปิดเผย'),
 (20,2,'สรุปเวชระเบียนล่าช้า'),
 (21,2,'โปรแกรมขัดข้อง'),
 (22,3,'สั่งยาผิดคน'),
 (23,3,'สั่งยาผิดชนิด'),
 (24,3,'สั่งยาผิดความแรง'),
 (25,3,'สั่งยาผิดรูปแบบ'),
 (26,3,'สั่งยาผิดจำนวน'),
 (27,3,'จัดยาผิดชนิด'),
 (28,3,'จัดยาผิดความแรง'),
 (29,3,'จัดยาผิดรูปแบบ'),
 (30,3,'จัดยาผิดจำนวน'),
 (31,3,'จ่ายยาผิดคน'),
 (32,3,'จ่ายยาผิดชนิด'),
 (33,3,'จ่ายยาผิดความแรง'),
 (34,3,'จ่ายยาผิดรูปแบบ'),
 (35,3,'จ่ายยาผิดจำนวน'),
 (36,3,'ให้ยาผิดคน'),
 (37,3,'ให้ยาผิดชนิด'),
 (38,3,'ให้ยาผิดความแรง'),
 (39,3,'ให้ยาผิดรูปแบบ'),
 (40,3,'ให้ยาผิดจำนวน / ผิดขนาด'),
 (41,3,'ให้ยาผิดช่องทาง'),
 (42,3,'ให้ยาผิดเวลา'),
 (43,3,'คุณภาพเวชภัณฑ์'),
 (44,3,'การเบิกจ่ายยา / เวชภัณฑ์'),
 (45,4,'มารดา / ทารกบาดเจ็บจากการคลอด'),
 (47,4,'Fetal distress'),
 (48,4,'Birth asphyxia'),
 (49,4,'ภาวะแทรกซ้อนจากการคลอด'),
 (50,4,'ตกเลือดหลังคลอด'),
 (51,5,'ไม่เพียงพอ'),
 (52,5,'ไม่พร้อมใช้'),
 (53,5,'เครื่องมือทำงานผิดปกติ'),
 (54,5,'หมดอายุ / ชำรุดเสียหาย'),
 (55,6,'ระบบไฟฟ้า'),
 (56,6,'ระบบน้ำ'),
 (57,6,'ระบบก๊าซ'),
 (58,6,'รถยนต์'),
 (59,6,'โทรศัพท์ / Internet / ข้อมูลสารสนเทศ'),
 (60,7,'ลื่นล้ม'),
 (61,7,'บาดเจ็บ / ติดเชื้อจากการทำงาน'),
 (62,7,'โดนทำร้ายร่างกาย'),
 (63,7,'ได้รับรังสีเกินขนาด'),
 (64,7,'โจรกรรม'),
 (65,7,'อัคคีภัย'),
 (66,7,'อาคารสถานที่'),
 (68,8,'ข้อร้องเรียน / ข้อเสนอแนะ'),
 (69,8,'อื่นๆ'),
 (70,3,'สั่งยาออกฤทธิ์เหมือนกัน'),
 (71,3,'ไม่ได้สั่งยา'),
 (72,3,'ไม่ได้จัดยา'),
 (73,3,'ไม่ได้จ่ายยา'),
 (74,3,'ไม่ได้ให้ยา'),
 (75,1,'ระบบนัด');
/*!40000 ALTER TABLE `sub_type` ENABLE KEYS */;


--
-- Definition of table `system`
--

DROP TABLE IF EXISTS `system`;
CREATE TABLE `system` (
  `id` int(11) NOT NULL AUTO_INCREMENT COMMENT 'ID',
  `system_name` varchar(100) COLLATE utf8_unicode_ci NOT NULL COMMENT 'สาเหตุเชิงระบบ',
  PRIMARY KEY (`id`)
) ENGINE=InnoDB AUTO_INCREMENT=12 DEFAULT CHARSET=utf8 COLLATE=utf8_unicode_ci;

--
-- Dumping data for table `system`
--

/*!40000 ALTER TABLE `system` DISABLE KEYS */;
INSERT INTO `system` (`id`,`system_name`) VALUES 
 (1,'การฝึกอบรมปฐมนิเทศ'),
 (2,'การเข้าถึงข้อมูลข่าวสาร'),
 (3,'สิ่งแวดล้อม'),
 (4,'วัฒนธรรมขององค์กร'),
 (5,'ช่องทางการสื่อสาร'),
 (6,'สมรรถนะของเจ้าหน้าที่'),
 (7,'ภาระงาน'),
 (8,'การออกแบบระบบงาน'),
 (9,'การนิเทศ ควบคุม กำกับ'),
 (10,'ความบกพร่องของเครื่องมือ'),
 (11,'อื่นๆ');
/*!40000 ALTER TABLE `system` ENABLE KEYS */;


--
-- Definition of table `treat`
--

DROP TABLE IF EXISTS `treat`;
CREATE TABLE `treat` (
  `id` int(11) NOT NULL AUTO_INCREMENT COMMENT 'ID',
  `treat_name` varchar(100) COLLATE utf8_unicode_ci NOT NULL COMMENT 'ระบบข้อมูลการดูแลรักษา',
  PRIMARY KEY (`id`)
) ENGINE=InnoDB AUTO_INCREMENT=6 DEFAULT CHARSET=utf8 COLLATE=utf8_unicode_ci;

--
-- Dumping data for table `treat`
--

/*!40000 ALTER TABLE `treat` DISABLE KEYS */;
INSERT INTO `treat` (`id`,`treat_name`) VALUES 
 (1,'เวชระเบียนสูญหาย / หาไม่เจอ'),
 (2,'เวชระเบียนสลับกัน'),
 (3,'ความลับถูกเปิดเผย'),
 (4,'การบันทึกไม่สมบูรณ์ / ไม่ถูกต้อง'),
 (5,'ระบบโปรแกรมขัดข้อง');
/*!40000 ALTER TABLE `treat` ENABLE KEYS */;


--
-- Definition of table `type`
--

DROP TABLE IF EXISTS `type`;
CREATE TABLE `type` (
  `id` int(11) NOT NULL AUTO_INCREMENT COMMENT 'ID',
  `type_name` varchar(100) COLLATE utf8_unicode_ci NOT NULL COMMENT 'ประเภทความเสี่ยง',
  PRIMARY KEY (`id`)
) ENGINE=InnoDB AUTO_INCREMENT=11 DEFAULT CHARSET=utf8 COLLATE=utf8_unicode_ci;

--
-- Dumping data for table `type`
--

/*!40000 ALTER TABLE `type` DISABLE KEYS */;
INSERT INTO `type` (`id`,`type_name`) VALUES 
 (1,'การดูแลรักษา'),
 (2,'ระบบเวชระเบียน'),
 (3,'ระบบยา / สารน้ำ / เลือด'),
 (4,'การคลอด'),
 (5,'เครื่องมือ / อุปกรณ์การแพทย์'),
 (6,'ระบบสาธาณูปโภค'),
 (7,'ความปลอดภัย'),
 (8,'อื่นๆ');
/*!40000 ALTER TABLE `type` ENABLE KEYS */;


--
-- Definition of table `user`
--

DROP TABLE IF EXISTS `user`;
CREATE TABLE `user` (
  `id` int(11) NOT NULL AUTO_INCREMENT,
  `username` varchar(255) COLLATE utf8_unicode_ci NOT NULL,
  `auth_key` varchar(32) COLLATE utf8_unicode_ci NOT NULL,
  `password_hash` varchar(255) COLLATE utf8_unicode_ci NOT NULL,
  `password_reset_token` varchar(255) COLLATE utf8_unicode_ci DEFAULT NULL,
  `email` varchar(255) COLLATE utf8_unicode_ci NOT NULL,
  `status` smallint(6) NOT NULL DEFAULT '10',
  `created_at` int(11) NOT NULL,
  `updated_at` int(11) NOT NULL,
  `role` int(11) DEFAULT NULL,
  PRIMARY KEY (`id`)
) ENGINE=InnoDB AUTO_INCREMENT=36 DEFAULT CHARSET=utf8 COLLATE=utf8_unicode_ci;

--
-- Dumping data for table `user`
--

/*!40000 ALTER TABLE `user` DISABLE KEYS */;
INSERT INTO `user` (`id`,`username`,`auth_key`,`password_hash`,`password_reset_token`,`email`,`status`,`created_at`,`updated_at`,`role`) VALUES 
 (4,'Danai','N6nOUrJepWloL1g8JcjzWGWMfOFN8v1S','$2y$13$IOMvBzLK/xMGC09ZRUhKQeoBgXyaYFDFteRBhsu9poSbRRq0ShQt.',NULL,'Lifegoon_2006@hotmail.com',10,1436332653,1436332653,30),
 (5,'kannika','t9Bp4Hoc1By_4PckYiN9ZdWMMM53nu8Z','$2y$13$DjG6W6hkdL76S6O80luYkOHnokmCtN4D27MgsiGy78qy/GR79n04O',NULL,'kannika_pi@hotmail.com',10,1436333173,1437030434,20),
 (6,'Sronsai','Vz35CRIwZWhb6QibsQwRneD-Cs34BPSG','$2y$13$ZkI2A1CxR4e6LR3uZPi1JeGrvV8KvL.prnTVYyrhwgarhL/NCDGkK',NULL,'foyplvowlp@gmail.com',10,1436333209,1436333209,20),
 (7,'admin','N3G1-JX1gE-d-1M659siPRfM8KKD5V_U','$2y$13$9cBFcC.xMd3s10IIMBXc7.UAEEOFk6C0.OwmV4hopaQb4zTDmCNsy',NULL,'admin@hotmail.com',10,1436934908,1436934908,30),
 (8,'yuvalit','m7c0t22c_hp7uA2POXlPmh2mBuOkj8v0','$2y$13$3zrRA5R6R.N.N6h9eL7DT.3cR46ovGp1PDT4uXtHQM/2d8je6islG',NULL,'yuvalit.t@gmail.com',10,1436943043,1436943043,20),
 (9,'suchada','9yaN7i5Ta38a93LaKvdbQ_1u-kxdLeIK','$2y$13$/RS0UtBTfZ3Bd5a1GnjYR.xxpxxDdBDvZ6Vy6yNG/ZjOMp2Qc4oZq',NULL,'suchada@hotmail.com',10,1436943771,1436943771,20),
 (10,'siriporn','P8OGa8e0gHhzZ3761klhvQEup8GTtKSc','$2y$13$emrNGskyFZn9XaErywDK4.cXox3N6.GqHn6bxZw00DA4avB.8xzWC',NULL,'ssangkhaw@yahoo.com',10,1436944468,1436944468,30),
 (11,'care','Kaf6n3P1GeODVeK6r8_6_L9BhwNhq2Gy','$2y$13$QKJiu6BifUBXUP.DZELJmON8A4ckgoh7nhMsYt1Rm90e8t7Rfqp4y',NULL,'pak@hotmail.com',10,1436944831,1436944831,20),
 (12,'pat','xuHRTtNpAsUHtVBdGdso_BC2Y0UC_bnf','$2y$13$oHhXY3UgrTuHpbaeDbSojeKA7LE5LstW7GJ7qKh2fFCEbITd0Xkiq',NULL,'patmarikamas@hotmail.co.th',10,1436945173,1436945173,20),
 (13,'warang','YO1EEgKDXdzcsICG-3mrmrV6NXjjLeVn','$2y$13$6nU7KpmZ5YOYdSi3j1xEoe/kWDcFEZbbyewbvOz3C3yursPTQlkya',NULL,'warang@hotmail.com',10,1436945641,1436945641,20),
 (14,'suknapak','HUD3DD9IpIh5o6Cn4j6mad4mOUyqyIN2','$2y$13$GVhGq8rOBsZXn2Jh.FP2Wec.hq4MeUKShpw6SCtkgRsfk7y6tr316',NULL,'suknapak_boo@hotmail.com',10,1436947010,1436947010,20),
 (15,'Prapawan','dvRA3W8mKaHtAJtht2sBflBeV57Iohbw','$2y$13$jemjdUdoFwQLgO3/Pj1blufB6bL2CJdm6A2RCK4R3x4/ufOw.0.0e',NULL,'Prapawan@hotmail.com',10,1436947405,1436947405,20),
 (16,'nutcha','2XrmxgTBnTaD4C4VDNQL27V3VuvHoRFe','$2y$13$7.if8a/5qbWL0/YFLorzSOLBdo5esjAcIYV3mZkUBLakyI166b0O2',NULL,'jantarat8889@gmail.com',10,1436948697,1436948697,20),
 (17,'pattamaporn','Yl3m5VUDOjI2izGSwg1p4a1kFUQ_KKc9','$2y$13$4WUs3264dwJgXVyfeIMGgOKQYc2DEgf/Q4gFAG2b5OlDRalj2CSo2',NULL,'pattamaporn@hotmail.com',10,1437012725,1437012725,20),
 (18,'Ratchadaporn','yH4DQHFs7TteVXxb-wm7yjkQUMXlT034','$2y$13$PvW84YX/W4Fw06Y4e4q37.I.xmeVJnCroeHmWqezsIqa1t6kCtV/O',NULL,'free-radical18@hotmail.com',10,1437013357,1437013357,20),
 (19,'tommy','rb7RiUF-_mE3_a0oFr-dkPkYYYTedRkX','$2y$13$XZ40TOKdudwunqYKwfyYsuCF/Y/ZtWBR7l1vs6.sYiEgPC2DXLwL.',NULL,'tommy@hotmail.com',10,1437014931,1437014931,20),
 (20,'supadee','3euDX5fPbnwicyVlQSLoldVYZg4vjoky','$2y$13$n0QHwu3KVDu55Hhi/q4KveIorqrhy4./o/YKLOjPVn2FGpZ8K/Qnm',NULL,'supadee@hotmail.com',10,1437015223,1437015223,20),
 (21,'donrasee','2My8jPdxRJ_ta1wY8oVF5DU0LYKzYC66','$2y$13$Qf0QEypl6Q4Dr9YPZbOji.7DTQ.mQDsjfAbdGBVK76BKIivrEtJFi',NULL,'donrasee@hotmail.com',10,1437015594,1437015594,20),
 (22,'sanan','84Qyzo-0tgsz5nHNYDn8C-2ztNYzv2up','$2y$13$uaB.GCuV6LHzp7hkwlA7TOoKclsvjQ8dj.vkbhg51YocKSCnB/fPK',NULL,'holidaykrub@hotmail.com',10,1437016143,1437016143,20),
 (23,'chalakorn','jHLfAF1scpm2cROCjwrOMB0G_KTSw479','$2y$13$NnRc0FoMAY29frtMXpY6oOgzDhMLXGOqGLzpVtptVHbVLRDoHHWaG',NULL,'chalakorn@hotmail.com',10,1437018547,1437018547,20),
 (24,'parimon','uQfAqrDUBFpuco5QPaWhnIkLHf6L6y50','$2y$13$ebBMOAVfgXeJucJ4PMba3eDB7sXHNcJsJz7CPtsgGHUlXPK8MHbWi',NULL,'parimon@hotmail.com',10,1437018612,1438836654,20),
 (25,'สุภาวดี','i8Et5Rs1fHIFOtXKSqNZHNA8Xfeps4Dx','$2y$13$2bJ5P1RocJH.ybirJTTwKemYJcIOQboc4wi.S498s0vkkhVEzAMEm',NULL,'supawadee_2514@hotmail.com',10,1437019424,1437019424,20),
 (26,'ipd','EVoZO6hoITqKTaRdRsiQSTlYYe-hNf7v','$2y$13$jCbfkJDos0vEYCzpcBgdMeVMYF12K88N.p1Bbo4wuFJ1lObbHh5xm',NULL,'ipd@hotmail.com',10,1437030621,1437030621,10),
 (27,'toodtu','yQH9LGjS2v0GwCc6GdgH67cSSSm1nn-o','$2y$13$BpW7v8WgDc8FBBP7vY7jku.88uJQ1uZxCn4QvhThJ/4n/qy141/Cq',NULL,'toodtu@hotmail.com',10,1437031739,1437031739,20),
 (28,'suttinee','PbbxPfItzkUcA0zzzfIimiEAYM0V24sY','$2y$13$uGRjYjDlhB.P.jfBJllWT.BYhw9.8IrLxY6vqn7YIyXW5XnByCHHa',NULL,'suttinee.bead@hotmail.com',10,1437032307,1437032307,20),
 (29,'kitdanai','jbR3096FjcWMaBg4ZOX5p-TLBZCUt2TZ','$2y$13$LGG2jkE9o4uqgg2OYiY5R.qLXHmQuBMEj6ZRF36nxAK5Ma5vW6ecu',NULL,'athlelatic01@gmail.com',10,1437035640,1437035640,20),
 (30,'สุทธิดา','7gbf3UiGgZPTz7RSXDwZu3q8UFHBOL4v','$2y$13$JDd6shKBusiVFl8lHiPFYeOp.i07Vg7cXQ1RIBx9rtk7VnW2pU.OG',NULL,'ada.sutthida@gmail.com',10,1437099483,1437099483,20),
 (31,'anchalee','GMGBAz6k_cstCkB51uCsxJDn-M_66mXT','$2y$13$8OslsCFgTBq32QOJbI0SvObKpNckQNBcMMLGEsHrWgTPvoCWlGCji',NULL,'ma_army1@hotmail.com',10,1437100944,1437100944,10),
 (32,'surawish','6i5jOqm32mK_ocnM7Gc1Tl_GSVFGbfnk','$2y$13$1a.ijFP1DwJbtMIqM7AwY.oX3uXrvdAVqQb.9r8DsTJyuwjk9M.O2',NULL,'surawish01@hotmail.com',10,1437102547,1437102547,20),
 (33,'chula','Jl4gC2vzzYf3POXq5HVAD12pIJWdrLVh','$2y$13$DW38p2nSAjbW52k3KDpwC.H1zUEDubL.OnA9ZQD4Knts.jzR2kt0u',NULL,'chula_proh@hotmail.com',10,1437534413,1437534413,20),
 (34,'card','YLhAHgiTHFOCvV3Ohn7qJEYy7tzlIDLE','$2y$13$0769F5FnyIKH4EileGPO..fH6xeazEh.AQO/Tf4gDKY74lwCB.nGq',NULL,'card@hotmail.com',10,1437536635,1437536635,20),
 (35,'Thapane','25FRTqdII23L3IkiF2ZeP37QbUXCt1Ht','$2y$13$iGJ.gnr5aFuowqwSFsiWkeXV9BBQjoEZSatRRFSwvujGCGJidavQK',NULL,'Sornsawang@hotmail.com',10,1439279214,1439279214,20);
/*!40000 ALTER TABLE `user` ENABLE KEYS */;




/*!40101 SET SQL_MODE=@OLD_SQL_MODE */;
/*!40014 SET FOREIGN_KEY_CHECKS=@OLD_FOREIGN_KEY_CHECKS */;
/*!40014 SET UNIQUE_CHECKS=@OLD_UNIQUE_CHECKS */;
/*!40101 SET CHARACTER_SET_CLIENT=@OLD_CHARACTER_SET_CLIENT */;
/*!40101 SET CHARACTER_SET_RESULTS=@OLD_CHARACTER_SET_RESULTS */;
/*!40101 SET COLLATION_CONNECTION=@OLD_COLLATION_CONNECTION */;
/*!40101 SET CHARACTER_SET_CLIENT=@OLD_CHARACTER_SET_CLIENT */;
